#pragma once

#include <cstdint>

static uint8_t nglSysFontTextureData[] = {
    0x44, 0x44, 0x53, 0x20, 0x7C, 0x00, 0x00, 0x00, 0x07, 0x10, 0x08, 0x00, 0x80, 0x00, 0x00, 0x00, 0x00, 0x01, 0x00,
    0x00, 0x00, 0x80, 0x00, 0x00, 0x00, 0x00, 0x00, 0x00, 0x00, 0x00, 0x00, 0x00, 0x00, 0x00, 0x00, 0x00, 0x00, 0x00,
    0x00, 0x00, 0x00, 0x00, 0x00, 0x00, 0x00, 0x00, 0x00, 0x00, 0x00, 0x00, 0x00, 0x00, 0x00, 0x00, 0x00, 0x00, 0x00,
    0x00, 0x00, 0x00, 0x00, 0x00, 0x00, 0x00, 0x00, 0x00, 0x00, 0x00, 0x00, 0x00, 0x00, 0x00, 0x00, 0x00, 0x00, 0x00,
    0x20, 0x00, 0x00, 0x00, 0x04, 0x00, 0x00, 0x00, 0x44, 0x58, 0x54, 0x33, 0x00, 0x00, 0x00, 0x00, 0x00, 0x00, 0x00,
    0x00, 0x00, 0x00, 0x00, 0x00, 0x00, 0x00, 0x00, 0x00, 0x00, 0x00, 0x00, 0x00, 0x00, 0x10, 0x00, 0x00, 0x00, 0x00,
    0x00, 0x00, 0x00, 0x00, 0x00, 0x00, 0x00, 0x00, 0x00, 0x00, 0x00, 0x00, 0x00, 0x00, 0x00, 0x00, 0x00, 0x00, 0x00,
    0x00, 0x00, 0x00, 0x01, 0x00, 0x00, 0x00, 0x55, 0x55, 0x55, 0x55, 0x00, 0x00, 0x00, 0x00, 0x00, 0x00, 0x00, 0x00,
    0x01, 0x00, 0x00, 0x00, 0x55, 0x55, 0x55, 0x55, 0x00, 0x00, 0x00, 0x00, 0x00, 0x00, 0x00, 0x00, 0x01, 0x00, 0x00,
    0x00, 0x55, 0x55, 0x55, 0x55, 0x00, 0x00, 0x00, 0x00, 0x00, 0x00, 0x00, 0x00, 0x01, 0x00, 0x00, 0x00, 0x55, 0x55,
    0x55, 0x55, 0x00, 0x00, 0x00, 0x00, 0x00, 0x00, 0x00, 0x00, 0x01, 0x00, 0x00, 0x00, 0x55, 0x55, 0x55, 0x55, 0x00,
    0x00, 0x00, 0x00, 0x00, 0x00, 0x00, 0x00, 0x01, 0x00, 0x00, 0x00, 0x55, 0x55, 0x55, 0x55, 0x00, 0x00, 0x00, 0x00,
    0x00, 0x00, 0x00, 0x00, 0x01, 0x00, 0x00, 0x00, 0x55, 0x55, 0x55, 0x55, 0x00, 0x00, 0x00, 0x00, 0x00, 0x00, 0x00,
    0x00, 0x01, 0x00, 0x00, 0x00, 0x55, 0x55, 0x55, 0x55, 0x00, 0x00, 0x00, 0x00, 0x00, 0x00, 0x00, 0x00, 0x01, 0x00,
    0x00, 0x00, 0x55, 0x55, 0x55, 0x55, 0x00, 0x00, 0x00, 0x00, 0x00, 0x00, 0xFF, 0x00, 0xDB, 0xDE, 0x00, 0x00, 0x55,
    0x55, 0x55, 0x54, 0x00, 0x00, 0x00, 0x00, 0x00, 0x00, 0x00, 0x00, 0x01, 0x00, 0x00, 0x00, 0x55, 0x55, 0x55, 0x55,
    0x00, 0x00, 0x00, 0x00, 0x00, 0x00, 0x00, 0x00, 0x01, 0x00, 0x00, 0x00, 0x55, 0x55, 0x55, 0x55, 0x00, 0x00, 0x00,
    0x00, 0x00, 0x00, 0x00, 0x00, 0x01, 0x00, 0x00, 0x00, 0x55, 0x55, 0x55, 0x55, 0x00, 0x00, 0x00, 0x00, 0x00, 0x00,
    0x00, 0x00, 0x01, 0x00, 0x00, 0x00, 0x55, 0x55, 0x55, 0x55, 0x00, 0x00, 0x00, 0x00, 0x00, 0x00, 0x00, 0x00, 0x01,
    0x00, 0x00, 0x00, 0x55, 0x55, 0x55, 0x55, 0x00, 0x00, 0x00, 0x00, 0x00, 0x00, 0x00, 0x00, 0x01, 0x00, 0x00, 0x00,
    0x55, 0x55, 0x55, 0x55, 0x00, 0x00, 0x00, 0x00, 0x00, 0x00, 0x00, 0x00, 0x01, 0x00, 0x00, 0x00, 0x55, 0x55, 0x55,
    0x55, 0x00, 0x00, 0x00, 0x00, 0x00, 0x00, 0x00, 0x00, 0x01, 0x00, 0x00, 0x00, 0x55, 0x55, 0x55, 0x55, 0x00, 0x00,
    0x00, 0x00, 0x00, 0x00, 0x00, 0x00, 0x01, 0x00, 0x00, 0x00, 0x55, 0x55, 0x55, 0x55, 0x00, 0x00, 0x00, 0x00, 0x00,
    0x00, 0x00, 0x00, 0x01, 0x00, 0x00, 0x00, 0x55, 0x55, 0x55, 0x55, 0x00, 0x00, 0x00, 0x00, 0x00, 0x00, 0x00, 0x00,
    0x01, 0x00, 0x00, 0x00, 0x55, 0x55, 0x55, 0x55, 0x00, 0x00, 0x00, 0x00, 0x00, 0x00, 0x00, 0x00, 0x01, 0x00, 0x00,
    0x00, 0x55, 0x55, 0x55, 0x55, 0x00, 0x00, 0x00, 0x00, 0x00, 0x00, 0x00, 0x00, 0x01, 0x00, 0x00, 0x00, 0x55, 0x55,
    0x55, 0x55, 0x00, 0x00, 0x00, 0x00, 0x00, 0x00, 0x00, 0x00, 0x01, 0x00, 0x00, 0x00, 0x55, 0x55, 0x55, 0x55, 0x00,
    0x00, 0x00, 0x00, 0x00, 0x00, 0x00, 0x00, 0x01, 0x00, 0x00, 0x00, 0x55, 0x55, 0x55, 0x55, 0x00, 0x00, 0x00, 0x00,
    0x00, 0x00, 0x00, 0x00, 0x01, 0x00, 0x00, 0x00, 0x55, 0x55, 0x55, 0x55, 0x00, 0x00, 0x00, 0x00, 0x00, 0x00, 0x00,
    0x00, 0x01, 0x00, 0x00, 0x00, 0x55, 0x55, 0x55, 0x55, 0x00, 0x00, 0x00, 0x00, 0x00, 0x00, 0x00, 0x00, 0x01, 0x00,
    0x00, 0x00, 0x55, 0x55, 0x55, 0x55, 0x00, 0x00, 0x00, 0x00, 0x00, 0x00, 0x00, 0x00, 0x01, 0x00, 0x00, 0x00, 0x55,
    0x55, 0x55, 0x55, 0x00, 0x00, 0x00, 0x00, 0x00, 0x00, 0x00, 0x00, 0x01, 0x00, 0x00, 0x00, 0x55, 0x55, 0x55, 0x55,
    0x00, 0x00, 0x00, 0x00, 0x00, 0x00, 0x00, 0x00, 0x01, 0x00, 0x00, 0x00, 0x55, 0x55, 0x55, 0x55, 0x00, 0x00, 0x00,
    0x00, 0x00, 0x00, 0x00, 0x00, 0x01, 0x00, 0x00, 0x00, 0x55, 0x55, 0x55, 0x55, 0x00, 0x00, 0x00, 0x00, 0x00, 0x00,
    0x00, 0x00, 0x01, 0x00, 0x00, 0x00, 0x55, 0x55, 0x55, 0x55, 0x00, 0x00, 0x00, 0x00, 0x00, 0x00, 0x00, 0x00, 0x01,
    0x00, 0x00, 0x00, 0x55, 0x55, 0x55, 0x55, 0x00, 0x00, 0x00, 0x00, 0x00, 0x00, 0x00, 0x00, 0x01, 0x00, 0x00, 0x00,
    0x55, 0x55, 0x55, 0x55, 0x00, 0x00, 0x00, 0x00, 0x00, 0x00, 0x00, 0x00, 0x01, 0x00, 0x00, 0x00, 0x55, 0x55, 0x55,
    0x55, 0x00, 0x00, 0x00, 0x00, 0x00, 0x00, 0x00, 0x00, 0x01, 0x00, 0x00, 0x00, 0x55, 0x55, 0x55, 0x55, 0x00, 0x00,
    0x00, 0x00, 0x00, 0x00, 0x00, 0x00, 0x01, 0x00, 0x00, 0x00, 0x55, 0x55, 0x55, 0x55, 0x00, 0x00, 0x00, 0x00, 0x00,
    0x00, 0x00, 0x00, 0x01, 0x00, 0x00, 0x00, 0x55, 0x55, 0x55, 0x55, 0x00, 0x00, 0x00, 0x00, 0x00, 0x00, 0x00, 0x00,
    0x01, 0x00, 0x00, 0x00, 0x55, 0x55, 0x55, 0x55, 0x00, 0x00, 0x00, 0x00, 0x00, 0x00, 0x00, 0x00, 0x01, 0x00, 0x00,
    0x00, 0x55, 0x55, 0x55, 0x55, 0x00, 0x00, 0x00, 0x00, 0x00, 0x00, 0x00, 0x00, 0x01, 0x00, 0x00, 0x00, 0x55, 0x55,
    0x55, 0x55, 0x00, 0x00, 0x00, 0x00, 0x00, 0x00, 0x00, 0x00, 0x01, 0x00, 0x00, 0x00, 0x55, 0x55, 0x55, 0x55, 0x00,
    0x00, 0x00, 0x00, 0x00, 0x00, 0x00, 0x00, 0x01, 0x00, 0x00, 0x00, 0x55, 0x55, 0x55, 0x55, 0x00, 0x00, 0x00, 0x00,
    0x00, 0x00, 0x00, 0x00, 0x01, 0x00, 0x00, 0x00, 0x55, 0x55, 0x55, 0x55, 0x00, 0x00, 0x00, 0x00, 0x00, 0x00, 0x00,
    0x00, 0x01, 0x00, 0x00, 0x00, 0x55, 0x55, 0x55, 0x55, 0x00, 0x00, 0x00, 0x00, 0x00, 0x00, 0x00, 0x00, 0x01, 0x00,
    0x00, 0x00, 0x55, 0x55, 0x55, 0x55, 0x00, 0x00, 0x00, 0x00, 0x00, 0x00, 0x00, 0x00, 0x01, 0x00, 0x00, 0x00, 0x55,
    0x55, 0x55, 0x55, 0x00, 0x00, 0x00, 0x00, 0x00, 0x00, 0x00, 0x00, 0x01, 0x00, 0x00, 0x00, 0x55, 0x55, 0x55, 0x55,
    0x00, 0x00, 0x00, 0x00, 0x00, 0x00, 0x00, 0x00, 0x01, 0x00, 0x00, 0x00, 0x55, 0x55, 0x55, 0x55, 0x00, 0x00, 0x00,
    0x00, 0x00, 0x00, 0x00, 0x00, 0x01, 0x00, 0x00, 0x00, 0x55, 0x55, 0x55, 0x55, 0x00, 0x00, 0x00, 0x00, 0x00, 0x00,
    0x00, 0x00, 0x01, 0x00, 0x00, 0x00, 0x55, 0x55, 0x55, 0x55, 0x00, 0x00, 0x00, 0x00, 0x00, 0x00, 0x00, 0x00, 0x01,
    0x00, 0x00, 0x00, 0x55, 0x55, 0x55, 0x55, 0x00, 0x00, 0x00, 0x00, 0x00, 0x00, 0x00, 0x00, 0x01, 0x00, 0x00, 0x00,
    0x55, 0x55, 0x55, 0x55, 0x00, 0x00, 0x00, 0x00, 0x00, 0x00, 0x00, 0x00, 0x01, 0x00, 0x00, 0x00, 0x55, 0x55, 0x55,
    0x55, 0x00, 0x00, 0x00, 0x00, 0x00, 0x00, 0x00, 0x00, 0x01, 0x00, 0x00, 0x00, 0x55, 0x55, 0x55, 0x55, 0x00, 0x00,
    0x00, 0x00, 0x00, 0x00, 0x00, 0x00, 0x01, 0x00, 0x00, 0x00, 0x55, 0x55, 0x55, 0x55, 0x00, 0x00, 0x00, 0x00, 0x00,
    0x00, 0x00, 0x00, 0x01, 0x00, 0x00, 0x00, 0x55, 0x55, 0x55, 0x55, 0x00, 0x00, 0x00, 0x00, 0x00, 0x00, 0x00, 0x00,
    0x01, 0x00, 0x00, 0x00, 0x55, 0x55, 0x55, 0x55, 0x00, 0x00, 0x00, 0x00, 0x00, 0x00, 0x00, 0x00, 0x01, 0x00, 0x00,
    0x00, 0x55, 0x55, 0x55, 0x55, 0x00, 0x00, 0x00, 0x00, 0x00, 0x00, 0x00, 0x00, 0x01, 0x00, 0x00, 0x00, 0x55, 0x55,
    0x55, 0x55, 0x00, 0x00, 0x00, 0x00, 0x00, 0x00, 0x00, 0x00, 0x01, 0x00, 0x00, 0x00, 0x55, 0x55, 0x55, 0x55, 0x00,
    0x00, 0x00, 0x00, 0x00, 0x00, 0x00, 0x00, 0x01, 0x00, 0x00, 0x00, 0x55, 0x55, 0x55, 0x55, 0x00, 0x00, 0x00, 0x00,
    0x00, 0x00, 0x00, 0x00, 0x01, 0x00, 0x00, 0x00, 0x55, 0x55, 0x55, 0x55, 0x00, 0x00, 0x00, 0x00, 0x00, 0x00, 0x00,
    0x00, 0x01, 0x00, 0x00, 0x00, 0x55, 0x55, 0x55, 0x55, 0x00, 0xFF, 0x00, 0xFF, 0x00, 0xFF, 0x00, 0xFF, 0x9A, 0xD6,
    0x00, 0x00, 0x05, 0x05, 0x05, 0x05, 0x0F, 0x00, 0x0F, 0x00, 0x0F, 0x00, 0x0F, 0x00, 0x01, 0x00, 0x00, 0x00, 0x55,
    0x55, 0x55, 0x55, 0xFF, 0x0F, 0xFF, 0x0F, 0xFF, 0x0F, 0xFF, 0x0F, 0x9A, 0xD6, 0x00, 0x00, 0x50, 0x50, 0x50, 0x5A,
    0xFF, 0x0F, 0xFF, 0x0F, 0xFF, 0x0F, 0xFF, 0x0F, 0x9A, 0xD6, 0x00, 0x00, 0x50, 0x50, 0x50, 0x5A, 0x00, 0x20, 0x00,
    0x50, 0x00, 0x80, 0x00, 0xFF, 0xDB, 0xDE, 0x00, 0x00, 0x55, 0xD5, 0xD5, 0x05, 0xFF, 0xFE, 0xFF, 0xFF, 0xFF, 0xFE,
    0xFF, 0xFF, 0xDB, 0xDE, 0x04, 0x21, 0x10, 0x18, 0x38, 0x00, 0xEF, 0x00, 0xFF, 0x00, 0xEF, 0x00, 0xFF, 0x00, 0xDB,
    0xDE, 0x00, 0x00, 0x54, 0x56, 0x56, 0x54, 0x00, 0xE7, 0x70, 0xFF, 0xE0, 0xFF, 0xF0, 0xFF, 0x9A, 0xD6, 0x41, 0x08,
    0x35, 0x0D, 0xC1, 0x41, 0xFF, 0x7E, 0xFF, 0xFF, 0xFF, 0xFF, 0xFF, 0xFF, 0x9A, 0xD6, 0x41, 0x08, 0x70, 0xC0, 0x0C,
    0x54, 0x00, 0x00, 0x07, 0x00, 0x0E, 0x00, 0x0D, 0x00, 0x01, 0x00, 0x00, 0x00, 0x55, 0x55, 0x55, 0x55, 0xB2, 0xFF,
    0xFB, 0xFF, 0xFF, 0x8F, 0xFF, 0x1F, 0x9A, 0xD6, 0x00, 0x00, 0x09, 0xF2, 0x50, 0x50, 0xBF, 0x02, 0xFF, 0x0B, 0xFF,
    0x0F, 0xFF, 0x2F, 0xDB, 0xDE, 0x41, 0x08, 0x56, 0x58, 0x50, 0x50, 0x30, 0xFF, 0xC0, 0xFF, 0xF6, 0xFF, 0xFE, 0xAF,
    0x9A, 0xD6, 0x00, 0x00, 0x0D, 0xC9, 0x63, 0x50, 0x1C, 0x00, 0x1D, 0x00, 0x04, 0x00, 0x00, 0x00, 0x41, 0x08, 0x00,
    0x00, 0x57, 0x55, 0x55, 0x55, 0x00, 0x00, 0x00, 0x00, 0x00, 0x00, 0x00, 0x00, 0x01, 0x00, 0x00, 0x00, 0x55, 0x55,
    0x55, 0x55, 0x92, 0xFF, 0xFA, 0xFF, 0xFF, 0xFF, 0xFF, 0x8F, 0xDB, 0xDE, 0x00, 0x00, 0x09, 0x02, 0x70, 0x72, 0xEF,
    0x29, 0xFF, 0xAF, 0xFF, 0xFF, 0xF8, 0xFF, 0x59, 0xCE, 0x00, 0x00, 0x58, 0x60, 0x43, 0x43, 0x00, 0x00, 0x00, 0x00,
    0x00, 0x00, 0x00, 0x00, 0x01, 0x00, 0x00, 0x00, 0x55, 0x55, 0x55, 0x55, 0x00, 0xFF, 0x00, 0xFF, 0x00, 0xFF, 0x00,
    0xFF, 0x9A, 0xD6, 0x00, 0x00, 0x05, 0x05, 0x05, 0xA5, 0x0F, 0x00, 0x0F, 0x00, 0x0F, 0x00, 0x0F, 0x00, 0x01, 0x00,
    0x00, 0x00, 0x55, 0x55, 0x55, 0x55, 0x40, 0xFF, 0xC0, 0xFF, 0xF3, 0xFF, 0xF8, 0xEF, 0x9A, 0xD6, 0x41, 0x08, 0x8D,
    0xC9, 0x41, 0x63, 0x0B, 0x00, 0x0C, 0x00, 0x05, 0x00, 0x01, 0x00, 0x01, 0x00, 0x00, 0x00, 0x55, 0x55, 0x55, 0x55,
    0xFB, 0x4F, 0xFC, 0xCF, 0xF5, 0xFF, 0xE1, 0xFF, 0x9A, 0xD6, 0x41, 0x08, 0x72, 0x63, 0x41, 0xC9, 0x00, 0x00, 0x00,
    0x00, 0x03, 0x00, 0x08, 0x00, 0x01, 0x00, 0x00, 0x00, 0x55, 0x55, 0x55, 0x55, 0x00, 0xEE, 0xDB, 0xFF, 0xFB, 0xFF,
    0xF8, 0xFF, 0x1C, 0xE7, 0x82, 0x10, 0x45, 0xEA, 0x89, 0x9B, 0x00, 0x00, 0xAC, 0x00, 0xBE, 0x00, 0x8F, 0x00, 0xD3,
    0x9C, 0x00, 0x00, 0x55, 0x54, 0x55, 0x56, 0x00, 0x00, 0x00, 0x00, 0x00, 0x00, 0x00, 0x00, 0x01, 0x00, 0x00, 0x00,
    0x55, 0x55, 0x55, 0x55, 0x00, 0x00, 0x00, 0x00, 0xFF, 0x0F, 0xFF, 0x0F, 0xDB, 0xDE, 0x00, 0x00, 0x55, 0x55, 0x50,
    0x50, 0x00, 0x00, 0x00, 0x00, 0x00, 0x00, 0x00, 0x00, 0x01, 0x00, 0x00, 0x00, 0x55, 0x55, 0x55, 0x55, 0x00, 0x00,
    0x00, 0x00, 0x00, 0x00, 0x00, 0x00, 0x01, 0x00, 0x00, 0x00, 0x55, 0x55, 0x55, 0x55, 0x00, 0x00, 0x00, 0x00, 0x00,
    0x00, 0x00, 0x00, 0x01, 0x00, 0x00, 0x00, 0x55, 0x55, 0x55, 0x55, 0x00, 0x00, 0x00, 0x00, 0x00, 0x00, 0x00, 0x00,
    0x01, 0x00, 0x00, 0x00, 0x55, 0x55, 0x55, 0x55, 0x00, 0x00, 0x00, 0x00, 0x00, 0x00, 0x00, 0x00, 0x01, 0x00, 0x00,
    0x00, 0x55, 0x55, 0x55, 0x55, 0x00, 0x00, 0x00, 0x00, 0x00, 0x00, 0x00, 0x00, 0x01, 0x00, 0x00, 0x00, 0x55, 0x55,
    0x55, 0x55, 0x00, 0xF2, 0x00, 0xF6, 0x00, 0xF9, 0x00, 0xFC, 0xDB, 0xDE, 0x00, 0x00, 0x15, 0x35, 0x35, 0x25, 0xEF,
    0x00, 0xFF, 0x00, 0xDF, 0x00, 0xBF, 0x00, 0x9A, 0xD6, 0x00, 0x00, 0x54, 0x56, 0x56, 0x57, 0x00, 0xB3, 0x20, 0xFE,
    0x80, 0xFF, 0xD0, 0xFF, 0xDB, 0xDE, 0x41, 0x08, 0x95, 0x05, 0x8D, 0xC9, 0xFF, 0xBF, 0xFF, 0xFF, 0xFF, 0xFF, 0x3C,
    0xFC, 0x9A, 0xD6, 0x41, 0x08, 0x60, 0x00, 0x25, 0x35, 0x03, 0x00, 0x2E, 0x00, 0x8F, 0x00, 0xDF, 0x00, 0x55, 0xAD,
    0x00, 0x00, 0x55, 0x55, 0x56, 0x54, 0x00, 0x20, 0x00, 0xB1, 0x40, 0xFD, 0xF0, 0xFF, 0xDB, 0xDE, 0x00, 0x00, 0x55,
    0x95, 0x2D, 0xC1, 0xFE, 0x0F, 0xFF, 0x0F, 0xFF, 0x0F, 0xFF, 0x0F, 0xDB, 0xDE, 0x00, 0x00, 0x50, 0x50, 0x50, 0x50,
    0x00, 0x40, 0x00, 0xF4, 0x00, 0xFC, 0x00, 0xFE, 0xDB, 0xDE, 0x00, 0x00, 0xD5, 0x35, 0x25, 0x25, 0xFC, 0xFF, 0xFF,
    0xFF, 0xFF, 0xFF, 0xAF, 0x82, 0xDB, 0xDE, 0x41, 0x08, 0x82, 0x00, 0xD6, 0x55, 0x5D, 0x00, 0xFF, 0x06, 0xFF, 0x0E,
    0xFF, 0x0F, 0x9A, 0xD6, 0x00, 0x00, 0x57, 0x5C, 0x50, 0x50, 0x00, 0x50, 0x00, 0xF7, 0x00, 0xFD, 0x00, 0xFB, 0xDB,
    0xDE, 0x00, 0x00, 0xD5, 0x35, 0x25, 0x55, 0xFD, 0xFF, 0xFF, 0xFF, 0xFF, 0xFF, 0x7F, 0x93, 0xDB, 0xDE, 0x41, 0x08,
    0x02, 0x00, 0xD7, 0xD5, 0x8E, 0x00, 0xFF, 0x08, 0xFF, 0x0F, 0xFF, 0x0F, 0x59, 0xCE, 0x00, 0x00, 0x56, 0x58, 0x50,
    0x50, 0x00, 0x00, 0x00, 0x00, 0x00, 0x00, 0x00, 0x00, 0x01, 0x00, 0x00, 0x00, 0x55, 0x55, 0x55, 0x55, 0x00, 0xE2,
    0x00, 0xFB, 0x60, 0xFF, 0xE2, 0xFF, 0x9A, 0xD6, 0x41, 0x08, 0x15, 0x25, 0x0D, 0x01, 0xFF, 0x00, 0xFF, 0x00, 0xFF,
    0x00, 0xFF, 0x00, 0xDB, 0xDE, 0x00, 0x00, 0x54, 0x54, 0x54, 0x54, 0x00, 0xF2, 0x00, 0xF5, 0x00, 0xF8, 0x00, 0xFA,
    0x9A, 0xD6, 0x00, 0x00, 0x15, 0x35, 0x35, 0x25, 0xFF, 0xFF, 0xFF, 0xFF, 0xFF, 0xFF, 0xCF, 0x00, 0x9A, 0xD6, 0x00,
    0x00, 0x00, 0x00, 0x56, 0x56, 0xFF, 0x00, 0xFF, 0x00, 0xFF, 0x00, 0x00, 0x00, 0xDB, 0xDE, 0x00, 0x00, 0x54, 0x54,
    0x55, 0x55, 0x00, 0x20, 0x00, 0xC1, 0x00, 0xF6, 0x00, 0xFD, 0x1C, 0xE7, 0x00, 0x00, 0x55, 0x95, 0x35, 0x25, 0xE9,
    0xFF, 0xFF, 0xFF, 0xFF, 0xFF, 0xCF, 0x52, 0x9A, 0xD6, 0x41, 0x08, 0x02, 0x00, 0xD6, 0x55, 0x9F, 0x02, 0xFF, 0x09,
    0xFF, 0x0E, 0xFF, 0x0C, 0x18, 0xC6, 0x00, 0x00, 0x56, 0x58, 0x50, 0x55, 0x00, 0xFF, 0x00, 0xFF, 0x00, 0xFF, 0x00,
    0x00, 0xDB, 0xDE, 0x00, 0x00, 0x05, 0x05, 0x55, 0x55, 0xFF, 0xFF, 0xFF, 0xFF, 0xFF, 0xFF, 0x00, 0xF9, 0x9A, 0xD6,
    0x00, 0x00, 0x00, 0x00, 0x15, 0x25, 0xFF, 0x0F, 0xFF, 0x0F, 0xFF, 0x0F, 0xFF, 0x05, 0xDB, 0xDE, 0x00, 0x00, 0x50,
    0x50, 0x5C, 0x57, 0x00, 0x60, 0x00, 0xF7, 0x00, 0xFE, 0x00, 0xFF, 0x9A, 0xD6, 0x00, 0x00, 0xD5, 0x35, 0x05, 0x05,
    0xFD, 0xFF, 0xFF, 0xFF, 0xFF, 0xFF, 0x8F, 0x82, 0x1B, 0xE7, 0x41, 0x08, 0x82, 0x00, 0xD7, 0x55, 0x6D, 0x00, 0xFF,
    0x07, 0xFF, 0x0E, 0xFF, 0x0F, 0x9A, 0xD6, 0x00, 0x00, 0x57, 0x5C, 0x50, 0x50, 0x00, 0x00, 0x00, 0x00, 0x00, 0x00,
    0x00, 0x00, 0x01, 0x00, 0x00, 0x00, 0x55, 0x55, 0x55, 0x55, 0x00, 0x00, 0x00, 0x00, 0x00, 0x00, 0x00, 0x00, 0x01,
    0x00, 0x00, 0x00, 0x55, 0x55, 0x55, 0x55, 0x00, 0xFF, 0x00, 0xFF, 0x00, 0xFE, 0x00, 0xFD, 0x96, 0xB5, 0x00, 0x00,
    0x05, 0x05, 0x05, 0xA5, 0x0F, 0x00, 0x0F, 0x00, 0x0E, 0x00, 0x0D, 0x00, 0x01, 0x00, 0x00, 0x00, 0x55, 0x55, 0x55,
    0x55, 0xEB, 0x0C, 0x00, 0x00, 0x00, 0x00, 0x00, 0x00, 0x01, 0x00, 0x00, 0x00, 0x55, 0x55, 0x55, 0x55, 0xEB, 0x0C,
    0x00, 0x00, 0x00, 0x00, 0x00, 0x00, 0x01, 0x00, 0x00, 0x00, 0x55, 0x55, 0x55, 0x55, 0x00, 0xFF, 0x00, 0xFF, 0x00,
    0xF2, 0x00, 0xFF, 0x9A, 0xD6, 0x00, 0x00, 0x05, 0x15, 0x15, 0x05, 0xFF, 0xFF, 0xFF, 0xFF, 0xFF, 0xFF, 0xFF, 0xFF,
    0x9A, 0xD6, 0xC3, 0x18, 0x00, 0x04, 0x04, 0x00, 0xFF, 0x00, 0xFF, 0x00, 0x2F, 0x00, 0xFF, 0x00, 0xDB, 0xDE, 0x00,
    0x00, 0x54, 0x55, 0x55, 0x54, 0xF0, 0xFF, 0xC0, 0xFF, 0x40, 0xFF, 0x00, 0xA3, 0x9A, 0xD6, 0x00, 0x00, 0x89, 0x0D,
    0xB5, 0x55, 0xFF, 0x00, 0xFF, 0x4D, 0xFF, 0xFF, 0xFF, 0xFF, 0x9A, 0xD6, 0x00, 0x00, 0x54, 0x78, 0xC0, 0x08, 0x00,
    0x00, 0x00, 0x00, 0x06, 0x00, 0x0E, 0x00, 0x01, 0x00, 0x00, 0x00, 0x55, 0x55, 0x55, 0x55, 0xFF, 0x7F, 0xFB, 0xFF,
    0xB2, 0xFF, 0x00, 0x00, 0x9A, 0xD6, 0x00, 0x00, 0xF2, 0x09, 0x55, 0x55, 0xFF, 0x8F, 0xFF, 0xFC, 0xBF, 0xFC, 0x50,
    0xFF, 0xDB, 0xDE, 0x41, 0x08, 0x98, 0x16, 0x25, 0x8D, 0xFF, 0x2F, 0xFF, 0x08, 0xEF, 0xFB, 0xCF, 0xFF, 0x9A, 0xD6,
    0x41, 0x08, 0x5C, 0x54, 0x27, 0xC9, 0x00, 0x00, 0x00, 0x00, 0xFF, 0x2B, 0xFF, 0xBF, 0xDB, 0xDE, 0x00, 0x00, 0x55,
    0x55, 0x58, 0x63, 0x00, 0x00, 0x00, 0x00, 0x00, 0x40, 0x00, 0xC0, 0x55, 0xAD, 0x00, 0x00, 0x55, 0x55, 0xD5, 0x15,
    0xFD, 0xFF, 0xF7, 0xFF, 0xFF, 0xFF, 0xFF, 0xFF, 0x59, 0xCE, 0x00, 0x00, 0x03, 0x03, 0x20, 0x9C, 0xFF, 0xDF, 0xFF,
    0x4F, 0xFF, 0x99, 0xFF, 0xFF, 0x9A, 0xD6, 0x41, 0x08, 0x70, 0x54, 0x9C, 0x20, 0x00, 0x00, 0x00, 0x00, 0x6B, 0x01,
    0xEF, 0x01, 0xD7, 0xBD, 0x00, 0x00, 0x55, 0x55, 0x57, 0x54, 0x00, 0xEB, 0x00, 0x00, 0x00, 0x00, 0x00, 0x00, 0x01,
    0x00, 0x00, 0x00, 0x55, 0x55, 0x55, 0x55, 0x0C, 0x00, 0x00, 0x00, 0x00, 0x00, 0x00, 0x00, 0x01, 0x00, 0x00, 0x00,
    0x55, 0x55, 0x55, 0x55, 0xFC, 0xAF, 0xFE, 0x6F, 0xFF, 0x3F, 0xFF, 0x1F, 0x9A, 0xD6, 0x41, 0x08, 0x72, 0x50, 0x50,
    0x50, 0x00, 0x00, 0x00, 0x00, 0x00, 0x00, 0x00, 0x00, 0x01, 0x00, 0x00, 0x00, 0x55, 0x55, 0x55, 0x55, 0xA0, 0xFF,
    0x60, 0xFF, 0x30, 0xFF, 0x10, 0xFF, 0x9A, 0xD6, 0x41, 0x08, 0x8D, 0x05, 0x05, 0x05, 0x0C, 0x00, 0x0E, 0x00, 0x0F,
    0x00, 0x0F, 0x00, 0x01, 0x00, 0x00, 0x00, 0x55, 0x55, 0x55, 0x55, 0xD7, 0xCC, 0x00, 0x00, 0x00, 0x00, 0x00, 0x00,
    0x01, 0x00, 0x00, 0x00, 0x55, 0x55, 0x55, 0x55, 0x7D, 0x00, 0x00, 0x00, 0x00, 0x00, 0x00, 0x00, 0x01, 0x00, 0x00,
    0x00, 0x55, 0x55, 0x55, 0x55, 0x00, 0x00, 0xF0, 0xFF, 0xF0, 0xFF, 0xF0, 0xFF, 0xDB, 0xDE, 0x00, 0x00, 0x55, 0x01,
    0x01, 0x55, 0xFF, 0x0F, 0xFF, 0xFF, 0xFF, 0xFF, 0xFF, 0xFF, 0xDB, 0xDE, 0x00, 0x00, 0x50, 0x00, 0x00, 0x50, 0x00,
    0x00, 0xFF, 0x00, 0xFF, 0x00, 0xFF, 0x00, 0xDB, 0xDE, 0x00, 0x00, 0x55, 0x54, 0x54, 0x55, 0x00, 0x00, 0x00, 0x00,
    0x00, 0x00, 0x00, 0x00, 0x01, 0x00, 0x00, 0x00, 0x55, 0x55, 0x55, 0x55, 0x00, 0x00, 0x00, 0x00, 0x00, 0x00, 0x00,
    0xF0, 0xDB, 0xDE, 0x00, 0x00, 0x55, 0x55, 0x55, 0x15, 0x00, 0x00, 0x00, 0x00, 0x00, 0x00, 0xFF, 0xFF, 0xDB, 0xDE,
    0x00, 0x00, 0x55, 0x55, 0x55, 0x40, 0x00, 0x00, 0x00, 0x00, 0x00, 0x00, 0x00, 0x00, 0x01, 0x00, 0x00, 0x00, 0x55,
    0x55, 0x55, 0x55, 0x00, 0x00, 0x00, 0x00, 0x00, 0x00, 0x00, 0x00, 0x01, 0x00, 0x00, 0x00, 0x55, 0x55, 0x55, 0x55,
    0x00, 0xFE, 0x00, 0xFF, 0x20, 0xFF, 0x60, 0xFF, 0xDB, 0xDE, 0x41, 0x08, 0x25, 0x05, 0x05, 0x8D, 0x8F, 0x00, 0x5F,
    0x00, 0x2F, 0x00, 0x0F, 0x00, 0xC7, 0x39, 0x00, 0x00, 0x54, 0x57, 0x55, 0x55, 0xF0, 0xFF, 0xF0, 0xFF, 0xF0, 0xFF,
    0xF0, 0xFF, 0x9A, 0xD6, 0x00, 0x00, 0x41, 0x41, 0x41, 0x41, 0x04, 0xF5, 0x02, 0xF2, 0x00, 0xF0, 0x02, 0xF2, 0xDB,
    0xDE, 0x00, 0x00, 0x15, 0x15, 0x15, 0x15, 0xFF, 0x00, 0xFF, 0x00, 0xFF, 0x00, 0xFF, 0x00, 0x9A, 0xD6, 0x00, 0x00,
    0x54, 0x54, 0x54, 0x54, 0xF0, 0xFF, 0xC0, 0x4D, 0x00, 0x00, 0x00, 0x00, 0x55, 0xAD, 0x00, 0x00, 0x71, 0x55, 0x55,
    0x55, 0xFF, 0x0F, 0xFF, 0x0F, 0xFF, 0x0F, 0xFF, 0x0F, 0xDB, 0xDE, 0x00, 0x00, 0x50, 0x50, 0x50, 0x50, 0x00, 0xFC,
    0x00, 0x00, 0x00, 0x00, 0x00, 0x00, 0x01, 0x00, 0x00, 0x00, 0x55, 0x55, 0x55, 0x55, 0x2E, 0x40, 0x00, 0xD2, 0x30,
    0xFE, 0xE4, 0xFF, 0x59, 0xCE, 0x41, 0x08, 0xD5, 0x15, 0x05, 0x83, 0xFF, 0x0F, 0xFF, 0x0D, 0xFF, 0x06, 0xAF, 0x00,
    0x1C, 0xE7, 0x00, 0x00, 0x58, 0x5C, 0x56, 0x55, 0x00, 0x00, 0x00, 0x00, 0x00, 0x00, 0x00, 0x00, 0x01, 0x00, 0x00,
    0x00, 0x55, 0x55, 0x55, 0x55, 0xB0, 0xFF, 0xF0, 0xFF, 0xE0, 0xFF, 0x20, 0xA2, 0x9A, 0xD6, 0x00, 0x00, 0x09, 0x01,
    0x95, 0x55, 0xFF, 0x0D, 0xFF, 0x06, 0xFF, 0x0C, 0xFF, 0x0F, 0x9A, 0xD6, 0x00, 0x00, 0x5C, 0x5C, 0x58, 0x50, 0x00,
    0x00, 0x00, 0x50, 0x00, 0xE2, 0x00, 0xFA, 0x9A, 0xD6, 0x00, 0x00, 0x55, 0xD5, 0x15, 0x25, 0xFB, 0xFF, 0xFF, 0xFF,
    0xFF, 0xFA, 0xEF, 0xF2, 0xDB, 0xDE, 0x00, 0x00, 0x32, 0x18, 0x14, 0x17, 0xFF, 0x00, 0xFF, 0x00, 0xFF, 0x00, 0xFF,
    0x00, 0xDB, 0xDE, 0x00, 0x00, 0x54, 0x54, 0x54, 0x54, 0x00, 0xFC, 0x00, 0xFE, 0x00, 0xFE, 0x00, 0xFB, 0x9A, 0xD6,
    0x00, 0x00, 0x25, 0x05, 0x25, 0x55, 0xFF, 0xFF, 0xFF, 0xFF, 0xFF, 0xFF, 0x6E, 0xA3, 0x9A, 0xD6, 0x41, 0x08, 0x80,
    0x00, 0x97, 0x55, 0x4C, 0x00, 0xFF, 0x04, 0xFF, 0x0C, 0xFF, 0x0F, 0x9A, 0xD6, 0x00, 0x00, 0x57, 0x5C, 0x58, 0x50,
    0x00, 0xFF, 0x00, 0xFF, 0x00, 0xFF, 0x00, 0xFF, 0x9A, 0xD6, 0x00, 0x00, 0x05, 0x05, 0x05, 0x05, 0xDF, 0xFF, 0xFF,
    0xFF, 0xFF, 0xFF, 0xAF, 0xA3, 0xDB, 0xDE, 0x41, 0x08, 0x8B, 0x00, 0x96, 0x55, 0x4C, 0x00, 0xFF, 0x04, 0xFF, 0x0C,
    0xFF, 0x0F, 0xDB, 0xDE, 0x00, 0x00, 0x57, 0x5C, 0x58, 0x50, 0x00, 0x00, 0x00, 0x00, 0x00, 0x00, 0x00, 0x00, 0x01,
    0x00, 0x00, 0x00, 0x55, 0x55, 0x55, 0x55, 0x20, 0xFF, 0x90, 0xFF, 0xE1, 0xFF, 0xF4, 0xFF, 0x9A, 0xD6, 0x41, 0x08,
    0x05, 0xC9, 0x41, 0x63, 0x7F, 0x00, 0x1E, 0x00, 0x08, 0x00, 0x02, 0x00, 0x41, 0x08, 0x00, 0x00, 0x57, 0x55, 0x55,
    0x55, 0x00, 0xFF, 0x00, 0xFB, 0x00, 0xF5, 0x00, 0xFC, 0xDB, 0xDE, 0x41, 0x08, 0x25, 0x95, 0x15, 0x25, 0x8F, 0x82,
    0xFF, 0xFF, 0xFF, 0xFF, 0xFF, 0xFF, 0xDB, 0xDE, 0x41, 0x08, 0xD7, 0x00, 0x00, 0xD7, 0xFF, 0x0F, 0xFF, 0x0B, 0xFF,
    0x05, 0xFF, 0x0C, 0xDB, 0xDE, 0x00, 0x00, 0x58, 0x56, 0x5C, 0x58, 0x00, 0x00, 0x00, 0x00, 0x00, 0x00, 0x00, 0x00,
    0x01, 0x00, 0x00, 0x00, 0x55, 0x55, 0x55, 0x55, 0x00, 0x00, 0x00, 0x00, 0x00, 0x00, 0x00, 0x00, 0x01, 0x00, 0x00,
    0x00, 0x55, 0x55, 0x55, 0x55, 0x00, 0xFC, 0x00, 0xC8, 0x00, 0xFF, 0x00, 0xFF, 0xDB, 0xDE, 0x00, 0x00, 0xA5, 0x55,
    0x05, 0x05, 0x0C, 0x00, 0x08, 0x00, 0x0F, 0x00, 0x0F, 0x00, 0x01, 0x00, 0x00, 0x00, 0x55, 0x55, 0x55, 0x55, 0x00,
    0x00, 0x00, 0x00, 0x00, 0x00, 0x00, 0x00, 0x01, 0x00, 0x00, 0x00, 0x55, 0x55, 0x55, 0x55, 0x00, 0x00, 0x00, 0x00,
    0x00, 0x00, 0x00, 0x00, 0x01, 0x00, 0x00, 0x00, 0x55, 0x55, 0x55, 0x55, 0x00, 0xFF, 0x00, 0xFF, 0x00, 0xFD, 0x00,
    0xFF, 0x9A, 0xD6, 0x00, 0x00, 0x05, 0x25, 0x25, 0x05, 0xFF, 0xFF, 0xFF, 0xFF, 0xEF, 0xFF, 0xFF, 0xFF, 0xDB, 0xDE,
    0x86, 0x31, 0x00, 0xCF, 0x49, 0x41, 0xFF, 0x00, 0xFF, 0x00, 0x09, 0x00, 0x06, 0x00, 0xDB, 0xDE, 0x00, 0x00, 0x54,
    0x55, 0x55, 0x55, 0xE0, 0xFF, 0xF0, 0xFF, 0xB0, 0xFF, 0x40, 0xFF, 0x9A, 0xD6, 0x41, 0x08, 0x41, 0xC9, 0x0D, 0x35,
    0xFF, 0xFF, 0xFF, 0xFF, 0xFF, 0xFF, 0xFF, 0xFF, 0x9A, 0xD6, 0x41, 0x08, 0x04, 0x0C, 0xC0, 0x70, 0x0F, 0x00, 0x0F,
    0x00, 0x0E, 0x00, 0x06, 0x00, 0x01, 0x00, 0x00, 0x00, 0x55, 0x55, 0x55, 0x55, 0x00, 0x00, 0x00, 0x00, 0x00, 0x20,
    0x00, 0xA0, 0x51, 0x8C, 0x00, 0x00, 0x55, 0x55, 0x55, 0x15, 0xE1, 0xFF, 0xF7, 0xFF, 0xFF, 0x9F, 0xFF, 0x2E, 0x59,
    0xCE, 0x41, 0x08, 0x41, 0x63, 0x50, 0x5C, 0xFC, 0xFF, 0xF3, 0xFF, 0xF0, 0xFF, 0xB0, 0xFF, 0xDB, 0xDE, 0x00, 0x00,
    0x41, 0x41, 0xC9, 0x25, 0xF7, 0xFF, 0xF2, 0xFF, 0xF8, 0xFF, 0xFF, 0xBF, 0xDB, 0xDE, 0x00, 0x00, 0x41, 0x41, 0x63,
    0x58, 0x00, 0xF0, 0x00, 0xF0, 0x00, 0xE0, 0x00, 0x60, 0x59, 0xCE, 0x00, 0x00, 0x15, 0x15, 0xD5, 0x55, 0xFF, 0x84,
    0xFF, 0x28, 0xFF, 0xFF, 0xFF, 0xFF, 0xDB, 0xDE, 0x41, 0x08, 0x54, 0x5C, 0x00, 0x0B, 0xFF, 0xFF, 0xFC, 0xFF, 0xFF,
    0xFF, 0xFF, 0xFF, 0x9A, 0xD6, 0x41, 0x08, 0x02, 0x03, 0x00, 0xDC, 0xEF, 0x00, 0xCF, 0x02, 0xFF, 0x0B, 0xFF, 0x0B,
    0x1C, 0xE7, 0x41, 0x08, 0x57, 0x56, 0x58, 0x56, 0x00, 0x00, 0x00, 0x00, 0x00, 0x00, 0x00, 0x00, 0x01, 0x00, 0x00,
    0x00, 0x55, 0x55, 0x55, 0x55, 0x00, 0x00, 0x00, 0x00, 0x00, 0x00, 0x00, 0x00, 0x01, 0x00, 0x00, 0x00, 0x55, 0x55,
    0x55, 0x55, 0xFF, 0x1F, 0xFF, 0x3F, 0xFE, 0x7F, 0xFC, 0xBF, 0x9A, 0xD6, 0x41, 0x08, 0x50, 0x50, 0x72, 0x63, 0x00,
    0x00, 0x00, 0x00, 0x00, 0x00, 0x00, 0x00, 0x01, 0x00, 0x00, 0x00, 0x55, 0x55, 0x55, 0x55, 0x10, 0xFF, 0x30, 0xFF,
    0x60, 0xFF, 0xB0, 0xFF, 0x9A, 0xD6, 0x41, 0x08, 0x05, 0x05, 0x8D, 0xC9, 0x0F, 0x00, 0x0F, 0x00, 0x0E, 0x00, 0x0C,
    0x00, 0x01, 0x00, 0x00, 0x00, 0x55, 0x55, 0x55, 0x55, 0x00, 0x00, 0x00, 0x00, 0x00, 0x00, 0x00, 0x00, 0x01, 0x00,
    0x00, 0x00, 0x55, 0x55, 0x55, 0x55, 0x00, 0x00, 0x00, 0x00, 0x00, 0x00, 0x00, 0x00, 0x01, 0x00, 0x00, 0x00, 0x55,
    0x55, 0x55, 0x55, 0x00, 0x00, 0x00, 0x00, 0x00, 0x00, 0x00, 0x00, 0x01, 0x00, 0x00, 0x00, 0x55, 0x55, 0x55, 0x55,
    0xFF, 0x0F, 0xFF, 0x0F, 0xFF, 0x0F, 0x00, 0x00, 0xDB, 0xDE, 0x00, 0x00, 0x50, 0x50, 0x55, 0x55, 0x00, 0x00, 0x00,
    0x00, 0x00, 0x00, 0x00, 0x00, 0x01, 0x00, 0x00, 0x00, 0x55, 0x55, 0x55, 0x55, 0x00, 0x00, 0x00, 0x00, 0xF0, 0xFF,
    0xF0, 0xFF, 0xDB, 0xDE, 0x00, 0x00, 0x55, 0x55, 0x41, 0x41, 0x00, 0xF0, 0x00, 0xF0, 0x00, 0x00, 0x00, 0x00, 0xDB,
    0xDE, 0x00, 0x00, 0x15, 0x55, 0x55, 0x55, 0xFF, 0xFF, 0xFF, 0xFF, 0x00, 0x00, 0x00, 0x00, 0xDB, 0xDE, 0x00, 0x00,
    0x40, 0x55, 0x55, 0x55, 0x00, 0x00, 0x00, 0x00, 0x00, 0xF0, 0x00, 0xF0, 0xDB, 0xDE, 0x00, 0x00, 0x55, 0x55, 0x15,
    0x15, 0x00, 0x00, 0x00, 0x00, 0xFF, 0x00, 0xFF, 0x00, 0xDB, 0xDE, 0x00, 0x00, 0x55, 0x55, 0x54, 0x54, 0x90, 0xFF,
    0xC0, 0xFF, 0xE0, 0xFF, 0xF0, 0xFF, 0x9A, 0xD6, 0x41, 0x08, 0x8D, 0xC9, 0xC9, 0x41, 0x0D, 0x00, 0x0B, 0x00, 0x08,
    0x00, 0x05, 0x00, 0x01, 0x00, 0x00, 0x00, 0x55, 0x55, 0x55, 0x55, 0xF0, 0xFF, 0xD0, 0xFF, 0x80, 0xFF, 0x20, 0xFE,
    0xDB, 0xDE, 0x41, 0x08, 0xC9, 0x8D, 0x05, 0x95, 0x05, 0xF4, 0x3C, 0xFC, 0xFF, 0xFF, 0xFF, 0xFF, 0x9A, 0xD6, 0x82,
    0x10, 0x15, 0x25, 0x00, 0x60, 0xFF, 0x00, 0xDF, 0x00, 0x8F, 0x00, 0x2E, 0x00, 0x55, 0xAD, 0x00, 0x00, 0x54, 0x56,
    0x55, 0x55, 0x00, 0x00, 0x00, 0x00, 0x00, 0x00, 0x00, 0x00, 0x01, 0x00, 0x00, 0x00, 0x55, 0x55, 0x55, 0x55, 0xFF,
    0x0F, 0xFF, 0x0F, 0xFF, 0x0F, 0xFF, 0x0F, 0xDB, 0xDE, 0x00, 0x00, 0x50, 0x50, 0x50, 0x50, 0x00, 0x40, 0x00, 0xE2,
    0x00, 0xF9, 0x00, 0xFE, 0x59, 0xCE, 0x00, 0x00, 0xD5, 0x15, 0x25, 0x05, 0xFF, 0xFF, 0xFF, 0x8F, 0xFF, 0xFF, 0xFF,
    0xFF, 0xDB, 0xDE, 0x00, 0x00, 0x60, 0x5C, 0x00, 0x00, 0x1A, 0x00, 0x00, 0x00, 0xFF, 0x0F, 0xFF, 0x0F, 0xDB, 0xDE,
    0x00, 0x00, 0x55, 0x55, 0x50, 0x50, 0x00, 0xFB, 0x00, 0xFE, 0x00, 0xFB, 0x00, 0xF3, 0x9A, 0xD6, 0x00, 0x00, 0x25,
    0x25, 0x35, 0xD5, 0x2E, 0x30, 0xBF, 0xB3, 0xFF, 0xFF, 0xFF, 0xFF, 0xDB, 0xDE, 0x82, 0x10, 0x55, 0x96, 0x00, 0x82,
    0xFF, 0x0F, 0xFF, 0x0F, 0xFF, 0x0B, 0xEF, 0x03, 0x9A, 0xD6, 0x00, 0x00, 0x50, 0x58, 0x5C, 0x57, 0x00, 0xFF, 0x00,
    0xFF, 0x00, 0xFF, 0x00, 0x00, 0xDB, 0xDE, 0x00, 0x00, 0x05, 0x05, 0x55, 0x55, 0xFF, 0xFF, 0xFF, 0xFF, 0xFF, 0xFF,
    0x00, 0xF0, 0xDB, 0xDE, 0x00, 0x00, 0x00, 0x00, 0x15, 0x15, 0xFF, 0x0F, 0xFF, 0x0F, 0xFF, 0x0F, 0xFF, 0x00, 0xDB,
    0xDE, 0x00, 0x00, 0x50, 0x50, 0x54, 0x54, 0x00, 0xFB, 0x00, 0xFE, 0x00, 0xFC, 0x00, 0xF3, 0x9A, 0xD6, 0x00, 0x00,
    0x25, 0x25, 0x35, 0xD5, 0x2E, 0x30, 0xCF, 0xA3, 0xFF, 0xFF, 0xFF, 0xFF, 0xDB, 0xDE, 0x41, 0x08, 0x55, 0x96, 0x00,
    0x82, 0xFF, 0x0F, 0xFF, 0x0F, 0xFF, 0x0B, 0xFF, 0x03, 0x9A, 0xD6, 0x41, 0x08, 0x50, 0x58, 0x54, 0x55, 0x00, 0xFF,
    0x00, 0xFD, 0x00, 0xF8, 0x00, 0xD1, 0x18, 0xC6, 0x00, 0x00, 0x05, 0x25, 0x15, 0x55, 0x3F, 0x20, 0xBF, 0x93, 0xFF,
    0xFF, 0xFF, 0xFF, 0x9A, 0xD6, 0x41, 0x08, 0x55, 0x96, 0x00, 0x82, 0xFF, 0x0F, 0xFF, 0x0F, 0xFF, 0x0C, 0xFF, 0x04,
    0x9A, 0xD6, 0x00, 0x00, 0x50, 0x58, 0x5C, 0x57, 0x00, 0x00, 0x00, 0x00, 0x00, 0x00, 0x00, 0x00, 0x01, 0x00, 0x00,
    0x00, 0x55, 0x55, 0x55, 0x55, 0xFA, 0xDF, 0xFD, 0x9F, 0xFF, 0x5F, 0xFF, 0x2F, 0x9A, 0xD6, 0x00, 0x00, 0x62, 0x72,
    0x50, 0x50, 0x00, 0x00, 0x00, 0x00, 0x00, 0x00, 0x00, 0x00, 0x01, 0x00, 0x00, 0x00, 0x55, 0x55, 0x55, 0x55, 0x00,
    0xFF, 0x00, 0xFF, 0x00, 0xFE, 0x00, 0xF6, 0x9A, 0xD6, 0x00, 0x00, 0x05, 0x05, 0x35, 0xD5, 0x8F, 0x82, 0x8F, 0x82,
    0xFF, 0xFF, 0xFF, 0xFF, 0xDB, 0xDE, 0x82, 0x10, 0x55, 0xD7, 0x00, 0x82, 0xFF, 0x0F, 0xFF, 0x0F, 0xFF, 0x0E, 0xFF,
    0x06, 0x9A, 0xD6, 0x00, 0x00, 0x50, 0x50, 0x5C, 0x57, 0x00, 0x00, 0x00, 0x00, 0x00, 0x00, 0x00, 0x00, 0x01, 0x00,
    0x00, 0x00, 0x55, 0x55, 0x55, 0x55, 0x00, 0x00, 0x00, 0x00, 0x00, 0x00, 0x00, 0x00, 0x01, 0x00, 0x00, 0x00, 0x55,
    0x55, 0x55, 0x55, 0x00, 0xFF, 0x00, 0x00, 0x00, 0x00, 0x00, 0x00, 0x01, 0x00, 0x00, 0x00, 0x55, 0x55, 0x55, 0x55,
    0x0F, 0x00, 0x00, 0x00, 0x00, 0x00, 0x00, 0x00, 0x01, 0x00, 0x00, 0x00, 0x55, 0x55, 0x55, 0x55, 0x00, 0x00, 0x00,
    0x00, 0x00, 0x00, 0x00, 0x00, 0x01, 0x00, 0x00, 0x00, 0x55, 0x55, 0x55, 0x55, 0x00, 0x00, 0x00, 0x00, 0x00, 0x00,
    0x00, 0x00, 0x01, 0x00, 0x00, 0x00, 0x55, 0x55, 0x55, 0x55, 0x00, 0xFE, 0x00, 0x00, 0x00, 0x00, 0x00, 0x00, 0x01,
    0x00, 0x00, 0x00, 0x55, 0x55, 0x55, 0x55, 0xEF, 0xFF, 0x00, 0x00, 0x00, 0x00, 0x00, 0x00, 0x01, 0x00, 0x00, 0x00,
    0x55, 0x55, 0x55, 0x55, 0x02, 0x00, 0x00, 0x00, 0x00, 0x00, 0x00, 0x00, 0x01, 0x00, 0x00, 0x00, 0x55, 0x55, 0x55,
    0x55, 0x00, 0xE6, 0x00, 0x00, 0x00, 0x00, 0x00, 0x00, 0x01, 0x00, 0x00, 0x00, 0x55, 0x55, 0x55, 0x55, 0xFF, 0x6E,
    0xFF, 0x00, 0x00, 0x00, 0x00, 0x00, 0xDB, 0xDE, 0x00, 0x00, 0x54, 0x55, 0x55, 0x55, 0x00, 0x00, 0x00, 0x00, 0x00,
    0x00, 0x00, 0x00, 0x01, 0x00, 0x00, 0x00, 0x55, 0x55, 0x55, 0x55, 0x00, 0x90, 0x00, 0x00, 0x00, 0x00, 0x00, 0x00,
    0x01, 0x00, 0x00, 0x00, 0x55, 0x55, 0x55, 0x55, 0xFF, 0x06, 0x00, 0x00, 0x00, 0x00, 0x00, 0x00, 0x01, 0x00, 0x00,
    0x00, 0x55, 0x55, 0x55, 0x55, 0x20, 0xFB, 0x00, 0x00, 0x00, 0x00, 0x00, 0x00, 0x01, 0x00, 0x00, 0x00, 0x55, 0x55,
    0x55, 0x55, 0xFF, 0x2B, 0x00, 0x00, 0x00, 0x00, 0x00, 0x00, 0x01, 0x00, 0x00, 0x00, 0x55, 0x55, 0x55, 0x55, 0x00,
    0x00, 0x00, 0x00, 0x00, 0x00, 0x00, 0x00, 0x01, 0x00, 0x00, 0x00, 0x55, 0x55, 0x55, 0x55, 0xC5, 0xFF, 0x00, 0x00,
    0x00, 0x00, 0x00, 0x00, 0x01, 0x00, 0x00, 0x00, 0x55, 0x55, 0x55, 0x55, 0xEF, 0x67, 0x00, 0x00, 0x00, 0x00, 0x00,
    0x00, 0x01, 0x00, 0x00, 0x00, 0x55, 0x55, 0x55, 0x55, 0xCD, 0x02, 0x00, 0x00, 0x00, 0x00, 0x00, 0x00, 0x01, 0x00,
    0x00, 0x00, 0x55, 0x55, 0x55, 0x55, 0x00, 0x00, 0x00, 0x00, 0x00, 0x00, 0x00, 0x00, 0x01, 0x00, 0x00, 0x00, 0x55,
    0x55, 0x55, 0x55, 0x00, 0x00, 0x00, 0x00, 0x00, 0x00, 0x00, 0x00, 0x01, 0x00, 0x00, 0x00, 0x55, 0x55, 0x55, 0x55,
    0xF7, 0xEF, 0xF2, 0xFF, 0xC0, 0xFF, 0x40, 0xFF, 0x9A, 0xD6, 0x00, 0x00, 0x41, 0xC9, 0x8D, 0x55, 0x00, 0x00, 0x04,
    0x00, 0x0C, 0x00, 0x0B, 0x00, 0x01, 0x00, 0x00, 0x00, 0x55, 0x55, 0x55, 0x55, 0xE0, 0xFF, 0xF4, 0xFF, 0xFC, 0xCF,
    0xFB, 0x4F, 0x9A, 0xD6, 0x00, 0x00, 0x41, 0x63, 0x72, 0x55, 0x07, 0x00, 0x02, 0x00, 0x00, 0x00, 0x00, 0x00, 0x01,
    0x00, 0x00, 0x00, 0x55, 0x55, 0x55, 0x55, 0x00, 0x00, 0x00, 0x00, 0x00, 0x00, 0x00, 0x00, 0x01, 0x00, 0x00, 0x00,
    0x55, 0x55, 0x55, 0x55, 0x00, 0x00, 0x00, 0x00, 0x00, 0x00, 0x00, 0x00, 0x01, 0x00, 0x00, 0x00, 0x55, 0x55, 0x55,
    0x55, 0x00, 0x00, 0x00, 0x00, 0x00, 0x00, 0x00, 0x00, 0x01, 0x00, 0x00, 0x00, 0x55, 0x55, 0x55, 0x55, 0x00, 0x00,
    0x00, 0x00, 0x00, 0x00, 0x00, 0x00, 0x01, 0x00, 0x00, 0x00, 0x55, 0x55, 0x55, 0x55, 0x00, 0x00, 0x00, 0x00, 0x00,
    0x00, 0x00, 0x00, 0x01, 0x00, 0x00, 0x00, 0x55, 0x55, 0x55, 0x55, 0xF0, 0xFF, 0x70, 0xFF, 0xC0, 0xCE, 0xA0, 0x3B,
    0x1C, 0xE7, 0x41, 0x08, 0x45, 0x6D, 0x59, 0x55, 0x00, 0x00, 0x00, 0x00, 0x00, 0x00, 0x00, 0x00, 0x01, 0x00, 0x00,
    0x00, 0x55, 0x55, 0x55, 0x55, 0x00, 0x00, 0x00, 0x00, 0x00, 0x00, 0x00, 0x00, 0x01, 0x00, 0x00, 0x00, 0x55, 0x55,
    0x55, 0x55, 0x00, 0xF0, 0x00, 0x00, 0x00, 0x00, 0x00, 0x00, 0x01, 0x00, 0x00, 0x00, 0x55, 0x55, 0x55, 0x55, 0xFF,
    0x00, 0x00, 0x00, 0x00, 0x00, 0x00, 0x00, 0x01, 0x00, 0x00, 0x00, 0x55, 0x55, 0x55, 0x55, 0xE0, 0xFF, 0x00, 0x00,
    0x00, 0x00, 0x00, 0x00, 0x01, 0x00, 0x00, 0x00, 0x55, 0x55, 0x55, 0x55, 0x02, 0x00, 0x00, 0x00, 0x00, 0x00, 0x00,
    0x00, 0x01, 0x00, 0x00, 0x00, 0x55, 0x55, 0x55, 0x55, 0x00, 0xB3, 0x00, 0x00, 0x00, 0x00, 0x00, 0x00, 0x01, 0x00,
    0x00, 0x00, 0x55, 0x55, 0x55, 0x55, 0xFF, 0xBF, 0x00, 0x00, 0x00, 0x00, 0x00, 0x00, 0x01, 0x00, 0x00, 0x00, 0x55,
    0x55, 0x55, 0x55, 0x03, 0x00, 0x00, 0x00, 0x00, 0x00, 0x00, 0x00, 0x01, 0x00, 0x00, 0x00, 0x55, 0x55, 0x55, 0x55,
    0x00, 0x00, 0x00, 0x00, 0x00, 0x00, 0x00, 0x00, 0x01, 0x00, 0x00, 0x00, 0x55, 0x55, 0x55, 0x55, 0xFF, 0x0F, 0x00,
    0x00, 0x00, 0x00, 0x00, 0x00, 0x01, 0x00, 0x00, 0x00, 0x55, 0x55, 0x55, 0x55, 0x00, 0xFE, 0x00, 0x00, 0x00, 0x00,
    0x00, 0x00, 0x01, 0x00, 0x00, 0x00, 0x55, 0x55, 0x55, 0x55, 0xFF, 0xFF, 0x00, 0x00, 0x00, 0x00, 0x00, 0x00, 0x01,
    0x00, 0x00, 0x00, 0x55, 0x55, 0x55, 0x55, 0xFF, 0x0F, 0x00, 0x00, 0x00, 0x00, 0x00, 0x00, 0x01, 0x00, 0x00, 0x00,
    0x55, 0x55, 0x55, 0x55, 0x00, 0x30, 0x00, 0x00, 0x00, 0x00, 0x00, 0x00, 0x01, 0x00, 0x00, 0x00, 0x55, 0x55, 0x55,
    0x55, 0xFC, 0xFF, 0x00, 0x00, 0x00, 0x00, 0x00, 0x00, 0x01, 0x00, 0x00, 0x00, 0x55, 0x55, 0x55, 0x55, 0x3C, 0x00,
    0x00, 0x00, 0x00, 0x00, 0x00, 0x00, 0x01, 0x00, 0x00, 0x00, 0x55, 0x55, 0x55, 0x55, 0x00, 0x00, 0x00, 0x00, 0x00,
    0x00, 0x00, 0x00, 0x01, 0x00, 0x00, 0x00, 0x55, 0x55, 0x55, 0x55, 0x00, 0xF0, 0x00, 0x00, 0x00, 0x00, 0x00, 0x00,
    0x01, 0x00, 0x00, 0x00, 0x55, 0x55, 0x55, 0x55, 0xFF, 0x00, 0x00, 0x00, 0x00, 0x00, 0x00, 0x00, 0x01, 0x00, 0x00,
    0x00, 0x55, 0x55, 0x55, 0x55, 0x00, 0x40, 0x00, 0x00, 0x00, 0x00, 0x00, 0x00, 0x01, 0x00, 0x00, 0x00, 0x55, 0x55,
    0x55, 0x55, 0xFC, 0xFF, 0x00, 0x00, 0x00, 0x00, 0x00, 0x00, 0x01, 0x00, 0x00, 0x00, 0x55, 0x55, 0x55, 0x55, 0x3B,
    0x00, 0x00, 0x00, 0x00, 0x00, 0x00, 0x00, 0x01, 0x00, 0x00, 0x00, 0x55, 0x55, 0x55, 0x55, 0x00, 0x20, 0x00, 0x00,
    0x00, 0x00, 0x00, 0x00, 0x01, 0x00, 0x00, 0x00, 0x55, 0x55, 0x55, 0x55, 0xFA, 0xFF, 0x00, 0x00, 0x00, 0x00, 0x00,
    0x00, 0x01, 0x00, 0x00, 0x00, 0x55, 0x55, 0x55, 0x55, 0x4C, 0x00, 0x00, 0x00, 0x00, 0x00, 0x00, 0x00, 0x01, 0x00,
    0x00, 0x00, 0x55, 0x55, 0x55, 0x55, 0x00, 0x00, 0x00, 0x00, 0x00, 0x00, 0x00, 0x00, 0x01, 0x00, 0x00, 0x00, 0x55,
    0x55, 0x55, 0x55, 0xFF, 0x0F, 0x00, 0x00, 0x00, 0x00, 0x00, 0x00, 0x01, 0x00, 0x00, 0x00, 0x55, 0x55, 0x55, 0x55,
    0x00, 0x00, 0x00, 0x00, 0x00, 0x00, 0x00, 0x00, 0x01, 0x00, 0x00, 0x00, 0x55, 0x55, 0x55, 0x55, 0x00, 0x50, 0x00,
    0x00, 0x00, 0x00, 0x00, 0x00, 0x01, 0x00, 0x00, 0x00, 0x55, 0x55, 0x55, 0x55, 0xFD, 0xFF, 0x00, 0x00, 0x00, 0x00,
    0x00, 0x00, 0x01, 0x00, 0x00, 0x00, 0x55, 0x55, 0x55, 0x55, 0x5D, 0x00, 0x00, 0x00, 0x00, 0x00, 0x00, 0x00, 0x01,
    0x00, 0x00, 0x00, 0x55, 0x55, 0x55, 0x55, 0x00, 0x00, 0x00, 0x00, 0x00, 0x00, 0x00, 0x00, 0x01, 0x00, 0x00, 0x00,
    0x55, 0x55, 0x55, 0x55, 0x00, 0x00, 0x00, 0x00, 0x00, 0x00, 0x00, 0x00, 0x01, 0x00, 0x00, 0x00, 0x55, 0x55, 0x55,
    0x55, 0x00, 0x00, 0x00, 0x00, 0x00, 0x00, 0x00, 0x00, 0x01, 0x00, 0x00, 0x00, 0x55, 0x55, 0x55, 0x55, 0x00, 0x00,
    0x00, 0x00, 0x00, 0x00, 0x00, 0x00, 0x01, 0x00, 0x00, 0x00, 0x55, 0x55, 0x55, 0x55, 0x00, 0x00, 0x00, 0x00, 0x00,
    0x00, 0x00, 0x00, 0x01, 0x00, 0x00, 0x00, 0x55, 0x55, 0x55, 0x55, 0x00, 0x00, 0x00, 0x00, 0x00, 0x00, 0x00, 0x00,
    0x01, 0x00, 0x00, 0x00, 0x55, 0x55, 0x55, 0x55, 0x00, 0x00, 0x00, 0x00, 0x00, 0x00, 0x00, 0x00, 0x01, 0x00, 0x00,
    0x00, 0x55, 0x55, 0x55, 0x55, 0x00, 0x00, 0x00, 0x00, 0x00, 0x00, 0x00, 0x00, 0x01, 0x00, 0x00, 0x00, 0x55, 0x55,
    0x55, 0x55, 0x00, 0x00, 0x00, 0x00, 0x00, 0x00, 0x00, 0x00, 0x01, 0x00, 0x00, 0x00, 0x55, 0x55, 0x55, 0x55, 0x00,
    0x00, 0x00, 0x00, 0x00, 0x00, 0x00, 0x00, 0x01, 0x00, 0x00, 0x00, 0x55, 0x55, 0x55, 0x55, 0x00, 0x00, 0x00, 0x00,
    0x00, 0x00, 0x00, 0x00, 0x01, 0x00, 0x00, 0x00, 0x55, 0x55, 0x55, 0x55, 0x00, 0x00, 0x00, 0x00, 0x00, 0x00, 0x00,
    0x00, 0x01, 0x00, 0x00, 0x00, 0x55, 0x55, 0x55, 0x55, 0x00, 0x00, 0x00, 0x00, 0x00, 0x00, 0x00, 0x00, 0x01, 0x00,
    0x00, 0x00, 0x55, 0x55, 0x55, 0x55, 0x00, 0x00, 0x00, 0x00, 0x00, 0x00, 0x00, 0x00, 0x01, 0x00, 0x00, 0x00, 0x55,
    0x55, 0x55, 0x55, 0x00, 0x00, 0x00, 0x00, 0x00, 0x00, 0x00, 0x00, 0x01, 0x00, 0x00, 0x00, 0x55, 0x55, 0x55, 0x55,
    0x00, 0x00, 0x00, 0x00, 0x00, 0x00, 0x00, 0x00, 0x01, 0x00, 0x00, 0x00, 0x55, 0x55, 0x55, 0x55, 0x00, 0x00, 0x00,
    0x00, 0x00, 0x00, 0x00, 0x00, 0x01, 0x00, 0x00, 0x00, 0x55, 0x55, 0x55, 0x55, 0x00, 0x00, 0x00, 0x00, 0x00, 0x00,
    0x00, 0x00, 0x01, 0x00, 0x00, 0x00, 0x55, 0x55, 0x55, 0x55, 0x00, 0x00, 0x00, 0x00, 0x00, 0x00, 0x00, 0x00, 0x01,
    0x00, 0x00, 0x00, 0x55, 0x55, 0x55, 0x55, 0x00, 0x00, 0x00, 0x00, 0x00, 0x00, 0x00, 0x00, 0x01, 0x00, 0x00, 0x00,
    0x55, 0x55, 0x55, 0x55, 0x00, 0x00, 0x00, 0x00, 0x00, 0x00, 0x00, 0x00, 0x01, 0x00, 0x00, 0x00, 0x55, 0x55, 0x55,
    0x55, 0x00, 0x00, 0x00, 0x00, 0x00, 0x00, 0x00, 0x00, 0x01, 0x00, 0x00, 0x00, 0x55, 0x55, 0x55, 0x55, 0x00, 0x00,
    0x00, 0x00, 0x00, 0x00, 0x00, 0x00, 0x01, 0x00, 0x00, 0x00, 0x55, 0x55, 0x55, 0x55, 0x00, 0x00, 0x00, 0x00, 0x00,
    0x00, 0x00, 0x00, 0x01, 0x00, 0x00, 0x00, 0x55, 0x55, 0x55, 0x55, 0x00, 0x00, 0x00, 0x00, 0x00, 0x00, 0x00, 0x00,
    0x01, 0x00, 0x00, 0x00, 0x55, 0x55, 0x55, 0x55, 0x00, 0x00, 0x00, 0x00, 0x00, 0x00, 0x00, 0x00, 0x01, 0x00, 0x00,
    0x00, 0x55, 0x55, 0x55, 0x55, 0x00, 0x00, 0x00, 0x00, 0x00, 0x00, 0x00, 0x00, 0x01, 0x00, 0x00, 0x00, 0x55, 0x55,
    0x55, 0x55, 0x00, 0x00, 0x00, 0x00, 0x00, 0x00, 0x00, 0x00, 0x01, 0x00, 0x00, 0x00, 0x55, 0x55, 0x55, 0x55, 0x00,
    0x00, 0x00, 0x00, 0x00, 0x00, 0x00, 0x00, 0x01, 0x00, 0x00, 0x00, 0x55, 0x55, 0x55, 0x55, 0x00, 0x00, 0x00, 0x00,
    0x00, 0x00, 0x00, 0x00, 0x01, 0x00, 0x00, 0x00, 0x55, 0x55, 0x55, 0x55, 0x00, 0x00, 0x00, 0x00, 0x00, 0x00, 0x00,
    0x00, 0x01, 0x00, 0x00, 0x00, 0x55, 0x55, 0x55, 0x55, 0x00, 0x00, 0x00, 0x00, 0x00, 0x00, 0x00, 0x00, 0x01, 0x00,
    0x00, 0x00, 0x55, 0x55, 0x55, 0x55, 0x00, 0x00, 0x00, 0x00, 0x00, 0x00, 0x00, 0x00, 0x01, 0x00, 0x00, 0x00, 0x55,
    0x55, 0x55, 0x55, 0x00, 0x00, 0x00, 0x00, 0x00, 0x00, 0x00, 0x00, 0x01, 0x00, 0x00, 0x00, 0x55, 0x55, 0x55, 0x55,
    0x00, 0x00, 0x00, 0x00, 0x00, 0x00, 0x00, 0x00, 0x01, 0x00, 0x00, 0x00, 0x55, 0x55, 0x55, 0x55, 0x00, 0x00, 0x00,
    0x00, 0x00, 0x00, 0x00, 0x00, 0x01, 0x00, 0x00, 0x00, 0x55, 0x55, 0x55, 0x55, 0x00, 0x00, 0x00, 0x00, 0x00, 0x00,
    0x00, 0x00, 0x01, 0x00, 0x00, 0x00, 0x55, 0x55, 0x55, 0x55, 0x00, 0x00, 0x00, 0x00, 0x00, 0x00, 0x00, 0x00, 0x01,
    0x00, 0x00, 0x00, 0x55, 0x55, 0x55, 0x55, 0x00, 0x00, 0x00, 0x00, 0x00, 0x00, 0x00, 0x00, 0x01, 0x00, 0x00, 0x00,
    0x55, 0x55, 0x55, 0x55, 0x00, 0x00, 0x00, 0x00, 0x00, 0x00, 0x00, 0x00, 0x01, 0x00, 0x00, 0x00, 0x55, 0x55, 0x55,
    0x55, 0x00, 0x00, 0x00, 0x00, 0x00, 0x00, 0x00, 0x00, 0x01, 0x00, 0x00, 0x00, 0x55, 0x55, 0x55, 0x55, 0x00, 0x00,
    0x00, 0x00, 0x00, 0x00, 0x00, 0x00, 0x01, 0x00, 0x00, 0x00, 0x55, 0x55, 0x55, 0x55, 0x00, 0x00, 0x00, 0x00, 0x00,
    0x00, 0x00, 0x00, 0x01, 0x00, 0x00, 0x00, 0x55, 0x55, 0x55, 0x55, 0x00, 0x00, 0x00, 0x00, 0x00, 0x00, 0x00, 0x00,
    0x01, 0x00, 0x00, 0x00, 0x55, 0x55, 0x55, 0x55, 0x00, 0x00, 0x00, 0x00, 0x00, 0x00, 0x00, 0x00, 0x01, 0x00, 0x00,
    0x00, 0x55, 0x55, 0x55, 0x55, 0x00, 0x00, 0x00, 0x00, 0x00, 0x00, 0x00, 0x00, 0x01, 0x00, 0x00, 0x00, 0x55, 0x55,
    0x55, 0x55, 0x00, 0x00, 0x00, 0x00, 0x00, 0x00, 0x00, 0x00, 0x01, 0x00, 0x00, 0x00, 0x55, 0x55, 0x55, 0x55, 0x00,
    0x00, 0x00, 0x00, 0x00, 0x00, 0x00, 0x00, 0x01, 0x00, 0x00, 0x00, 0x55, 0x55, 0x55, 0x55, 0x00, 0x00, 0x00, 0x00,
    0x00, 0x00, 0x00, 0x00, 0x01, 0x00, 0x00, 0x00, 0x55, 0x55, 0x55, 0x55, 0x00, 0x00, 0x00, 0x00, 0x00, 0x00, 0x00,
    0x00, 0x01, 0x00, 0x00, 0x00, 0x55, 0x55, 0x55, 0x55, 0x00, 0x00, 0x00, 0x00, 0x00, 0x00, 0x00, 0x00, 0x01, 0x00,
    0x00, 0x00, 0x55, 0x55, 0x55, 0x55, 0x00, 0x00, 0x00, 0x00, 0x00, 0x00, 0x00, 0x00, 0x01, 0x00, 0x00, 0x00, 0x55,
    0x55, 0x55, 0x55, 0x00, 0x00, 0x00, 0x00, 0x00, 0x00, 0x00, 0x00, 0x01, 0x00, 0x00, 0x00, 0x55, 0x55, 0x55, 0x55,
    0x00, 0x00, 0x00, 0x00, 0x00, 0x00, 0x00, 0x00, 0x01, 0x00, 0x00, 0x00, 0x55, 0x55, 0x55, 0x55, 0x00, 0x00, 0x00,
    0x00, 0x00, 0x00, 0x00, 0x00, 0x01, 0x00, 0x00, 0x00, 0x55, 0x55, 0x55, 0x55, 0x00, 0x00, 0x00, 0x00, 0x00, 0x00,
    0x00, 0x00, 0x01, 0x00, 0x00, 0x00, 0x55, 0x55, 0x55, 0x55, 0x00, 0x00, 0x00, 0x00, 0x00, 0x00, 0x00, 0x00, 0x01,
    0x00, 0x00, 0x00, 0x55, 0x55, 0x55, 0x55, 0x00, 0x00, 0x00, 0x00, 0x00, 0x00, 0x00, 0x00, 0x01, 0x00, 0x00, 0x00,
    0x55, 0x55, 0x55, 0x55, 0x00, 0x00, 0x00, 0x00, 0x00, 0x00, 0x00, 0x00, 0x01, 0x00, 0x00, 0x00, 0x55, 0x55, 0x55,
    0x55, 0x00, 0x00, 0x00, 0x00, 0x00, 0x00, 0x00, 0x00, 0x01, 0x00, 0x00, 0x00, 0x55, 0x55, 0x55, 0x55, 0x00, 0x00,
    0x00, 0x00, 0x00, 0x00, 0x00, 0x00, 0x01, 0x00, 0x00, 0x00, 0x55, 0x55, 0x55, 0x55, 0x00, 0x00, 0x00, 0x00, 0x00,
    0x00, 0x00, 0x00, 0x01, 0x00, 0x00, 0x00, 0x55, 0x55, 0x55, 0x55, 0x00, 0x00, 0x00, 0x00, 0x00, 0x00, 0x00, 0x00,
    0x01, 0x00, 0x00, 0x00, 0x55, 0x55, 0x55, 0x55, 0x00, 0x00, 0x00, 0x00, 0x00, 0x00, 0x00, 0x00, 0x01, 0x00, 0x00,
    0x00, 0x55, 0x55, 0x55, 0x55, 0x00, 0x00, 0x00, 0x00, 0x00, 0x00, 0x00, 0x00, 0x01, 0x00, 0x00, 0x00, 0x55, 0x55,
    0x55, 0x55, 0x00, 0x00, 0x00, 0x40, 0x00, 0xF4, 0x00, 0xFC, 0xDB, 0xDE, 0x00, 0x00, 0x55, 0xD5, 0x35, 0x25, 0x00,
    0x00, 0xFC, 0xFF, 0xFF, 0xFF, 0xFF, 0xFF, 0x9A, 0xD6, 0x41, 0x08, 0x55, 0x82, 0x00, 0x96, 0x00, 0x00, 0x2A, 0x00,
    0xDF, 0x02, 0xFF, 0x08, 0x18, 0xC6, 0x00, 0x00, 0x55, 0x55, 0x54, 0x58, 0x00, 0x00, 0x00, 0x00, 0x00, 0x00, 0x00,
    0x00, 0x01, 0x00, 0x00, 0x00, 0x55, 0x55, 0x55, 0x55, 0x00, 0x00, 0x00, 0x00, 0x00, 0x00, 0x00, 0x00, 0x01, 0x00,
    0x00, 0x00, 0x55, 0x55, 0x55, 0x55, 0x00, 0x00, 0x00, 0x00, 0x00, 0x00, 0x00, 0x00, 0x01, 0x00, 0x00, 0x00, 0x55,
    0x55, 0x55, 0x55, 0x00, 0x00, 0x00, 0x00, 0x00, 0x00, 0x00, 0x00, 0x01, 0x00, 0x00, 0x00, 0x55, 0x55, 0x55, 0x55,
    0x00, 0x00, 0x00, 0x00, 0x00, 0x00, 0x00, 0x00, 0x01, 0x00, 0x00, 0x00, 0x55, 0x55, 0x55, 0x55, 0x00, 0x00, 0x00,
    0x00, 0x00, 0x00, 0xC4, 0x0B, 0x14, 0xA5, 0x00, 0x00, 0x55, 0x55, 0x55, 0x53, 0x00, 0x00, 0x00, 0x00, 0x00, 0x00,
    0x00, 0x00, 0x01, 0x00, 0x00, 0x00, 0x55, 0x55, 0x55, 0x55, 0x00, 0x00, 0x00, 0x00, 0x00, 0x00, 0x00, 0x00, 0x01,
    0x00, 0x00, 0x00, 0x55, 0x55, 0x55, 0x55, 0x00, 0x00, 0x00, 0x00, 0x00, 0x00, 0x00, 0x00, 0x01, 0x00, 0x00, 0x00,
    0x55, 0x55, 0x55, 0x55, 0x00, 0x00, 0x00, 0x00, 0x00, 0x00, 0x00, 0xCB, 0x14, 0xA5, 0x00, 0x00, 0x55, 0x55, 0x55,
    0xC5, 0x00, 0x00, 0x00, 0x00, 0x00, 0x00, 0x04, 0x00, 0x01, 0x00, 0x00, 0x00, 0x55, 0x55, 0x55, 0x55, 0x00, 0x00,
    0x00, 0x00, 0x00, 0x00, 0x00, 0x00, 0x01, 0x00, 0x00, 0x00, 0x55, 0x55, 0x55, 0x55, 0x00, 0x00, 0x00, 0x30, 0x00,
    0xF3, 0x00, 0xFB, 0x9A, 0xD6, 0x00, 0x00, 0x55, 0xD5, 0x15, 0x25, 0x00, 0x00, 0xFC, 0xFF, 0xFF, 0xFF, 0xFF, 0xFF,
    0xDB, 0xDE, 0x41, 0x08, 0x55, 0x82, 0x00, 0xD6, 0x00, 0x00, 0x4C, 0x00, 0xFF, 0x05, 0xFF, 0x0D, 0x59, 0xCE, 0x00,
    0x00, 0x55, 0x57, 0x5C, 0x50, 0x00, 0x00, 0x00, 0x00, 0x00, 0x00, 0x00, 0x20, 0x41, 0x08, 0x00, 0x00, 0x55, 0x55,
    0x55, 0x15, 0x00, 0x00, 0x00, 0xB4, 0xB2, 0xFF, 0xFD, 0xFF, 0x9A, 0xD6, 0x00, 0x00, 0x55, 0xB5, 0x09, 0xC0, 0x00,
    0x00, 0xFE, 0xFF, 0xFF, 0xFF, 0xFF, 0xFF, 0x9A, 0xD6, 0x41, 0x08, 0x55, 0x00, 0x00, 0x55, 0x00, 0x00, 0xCE, 0x05,
    0xFF, 0xCF, 0xFF, 0xFF, 0xDB, 0xDE, 0x41, 0x08, 0x55, 0x5E, 0x60, 0x83, 0x00, 0x00, 0x00, 0x00, 0x02, 0x00, 0x1C,
    0x00, 0x41, 0x08, 0x00, 0x00, 0x55, 0x55, 0x55, 0x57, 0x00, 0x00, 0x00, 0x00, 0x00, 0x00, 0x00, 0x00, 0x01, 0x00,
    0x00, 0x00, 0x55, 0x55, 0x55, 0x55, 0x00, 0x00, 0xE2, 0xFF, 0xF6, 0xFF, 0xFC, 0xFF, 0x9A, 0xD6, 0x00, 0x00, 0x55,
    0x01, 0x03, 0x22, 0x00, 0x00, 0x2E, 0x00, 0x6F, 0x00, 0xCF, 0x00, 0x92, 0x94, 0x00, 0x00, 0x55, 0x55, 0x56, 0x54,
    0x00, 0x00, 0x00, 0x00, 0x00, 0x00, 0x00, 0x00, 0x01, 0x00, 0x00, 0x00, 0x55, 0x55, 0x55, 0x55, 0x00, 0x00, 0xFF,
    0xFF, 0xFF, 0xFF, 0xFF, 0xFF, 0xDB, 0xDE, 0x00, 0x00, 0x55, 0x00, 0x00, 0x50, 0x00, 0x00, 0xFF, 0xEF, 0xFF, 0xFF,
    0xFF, 0xFF, 0x9A, 0xD6, 0x00, 0x00, 0x55, 0x80, 0x00, 0x35, 0x00, 0x00, 0x18, 0x00, 0x8F, 0x00, 0xFF, 0x00, 0x59,
    0xCE, 0x00, 0x00, 0x55, 0x55, 0x56, 0x54, 0x00, 0x00, 0x00, 0x00, 0x00, 0x90, 0x00, 0xF4, 0x9A, 0xD6, 0x00, 0x00,
    0x55, 0x55, 0x95, 0x35, 0x00, 0x00, 0xD6, 0xFF, 0xFF, 0xFF, 0xFF, 0xFF, 0xDB, 0xDE, 0x41, 0x08, 0x55, 0x0B, 0x00,
    0x5C, 0x00, 0x00, 0xFF, 0x3A, 0xFF, 0xFF, 0xFF, 0xFF, 0x59, 0xCE, 0x00, 0x00, 0x55, 0x58, 0xC0, 0x03, 0x00, 0x00,
    0x00, 0x00, 0x04, 0x00, 0x0D, 0x00, 0x01, 0x00, 0x00, 0x00, 0x55, 0x55, 0x55, 0x55, 0x00, 0x00, 0xFF, 0xFF, 0xFF,
    0xFF, 0xFF, 0xFF, 0xDB, 0xDE, 0x00, 0x00, 0x55, 0x00, 0x00, 0x50, 0x00, 0x00, 0xFF, 0xDF, 0xFF, 0xFF, 0xFF, 0xFF,
    0xDB, 0xDE, 0x41, 0x08, 0x55, 0xE0, 0x00, 0x35, 0x00, 0x00, 0x06, 0x00, 0x9F, 0x00, 0xFF, 0x04, 0x59, 0xCE, 0x00,
    0x00, 0x55, 0x55, 0x56, 0x5C, 0x00, 0x00, 0x00, 0xFF, 0x00, 0xFF, 0x00, 0xFF, 0xDB, 0xDE, 0x00, 0x00, 0x55, 0x05,
    0x05, 0x05, 0x00, 0x00, 0xFF, 0xFF, 0xFF, 0xFF, 0xFF, 0xFF, 0xDB, 0xDE, 0x00, 0x00, 0x55, 0x00, 0x00, 0x55, 0x00,
    0x00, 0xFF, 0xFF, 0xFF, 0xFF, 0xFF, 0xFF, 0xDB, 0xDE, 0x00, 0x00, 0x55, 0x40, 0x40, 0x55, 0x00, 0x00, 0x00, 0xF0,
    0x00, 0xF0, 0x00, 0xF0, 0xDB, 0xDE, 0x00, 0x00, 0x55, 0x15, 0x15, 0x15, 0x00, 0x00, 0xFF, 0xFF, 0xFF, 0xFF, 0xFF,
    0xFF, 0xDB, 0xDE, 0x00, 0x00, 0x55, 0x00, 0x00, 0x54, 0x00, 0x00, 0xFF, 0xFF, 0xFF, 0xFF, 0xFF, 0xFF, 0xDB, 0xDE,
    0x00, 0x00, 0x55, 0x40, 0x40, 0x55, 0x00, 0x00, 0x00, 0x00, 0x00, 0x00, 0x00, 0x50, 0x08, 0x42, 0x00, 0x00, 0x55,
    0x55, 0x55, 0x15, 0x00, 0x00, 0x40, 0xFC, 0xF8, 0xFF, 0xFF, 0xFF, 0x9A, 0xD6, 0x00, 0x00, 0x55, 0x2D, 0x02, 0x70,
    0x00, 0x00, 0xFF, 0xBF, 0xFF, 0xFF, 0xFF, 0xFF, 0x9A, 0xD6, 0x00, 0x00, 0x55, 0xE0, 0x00, 0x0D, 0x00, 0x00, 0x04,
    0x00, 0x4F, 0x00, 0xDF, 0x00, 0x96, 0xB5, 0x00, 0x00, 0x55, 0x55, 0x57, 0x54, 0x00, 0x00, 0xF0, 0xFF, 0xF0, 0xFF,
    0xF0, 0xFF, 0xDB, 0xDE, 0x00, 0x00, 0x55, 0x41, 0x41, 0x41, 0x00, 0x00, 0x00, 0x00, 0x00, 0x00, 0x00, 0x00, 0x01,
    0x00, 0x00, 0x00, 0x55, 0x55, 0x55, 0x55, 0x00, 0x00, 0xF0, 0xFF, 0xF0, 0xFF, 0xF0, 0xFF, 0xDB, 0xDE, 0x00, 0x00,
    0x55, 0x41, 0x41, 0x41, 0x00, 0x00, 0x00, 0xF0, 0x00, 0xF0, 0x00, 0xF0, 0xDB, 0xDE, 0x00, 0x00, 0x55, 0x15, 0x15,
    0x15, 0x00, 0x00, 0xFF, 0x00, 0xFF, 0x00, 0xFF, 0x00, 0xDB, 0xDE, 0x00, 0x00, 0x55, 0x54, 0x54, 0x54, 0x00, 0x00,
    0x00, 0x00, 0x00, 0x00, 0x00, 0x00, 0x01, 0x00, 0x00, 0x00, 0x55, 0x55, 0x55, 0x55, 0x00, 0x00, 0x00, 0xF0, 0x00,
    0xF0, 0x00, 0xF0, 0xDB, 0xDE, 0x00, 0x00, 0x55, 0x15, 0x15, 0x15, 0x00, 0x00, 0xFF, 0x00, 0xFF, 0x00, 0xFF, 0x00,
    0xDB, 0xDE, 0x00, 0x00, 0x55, 0x54, 0x54, 0x54, 0x00, 0x00, 0xF0, 0xFF, 0xF0, 0xFF, 0xF0, 0xFF, 0xDB, 0xDE, 0x00,
    0x00, 0x55, 0x41, 0x41, 0x41, 0x00, 0x00, 0x00, 0x00, 0x00, 0x60, 0x00, 0xF5, 0xDB, 0xDE, 0x00, 0x00, 0x55, 0x55,
    0xD5, 0x35, 0x00, 0x00, 0xF6, 0xDF, 0xFF, 0xDF, 0xFF, 0x2D, 0x18, 0xC6, 0x41, 0x08, 0x55, 0x43, 0x50, 0x54, 0x00,
    0x00, 0x02, 0x00, 0x02, 0x00, 0x00, 0x00, 0x01, 0x00, 0x00, 0x00, 0x55, 0x55, 0x55, 0x55, 0x00, 0x00, 0xFF, 0x0F,
    0xFF, 0x0F, 0xFF, 0x0F, 0xDB, 0xDE, 0x00, 0x00, 0x55, 0x50, 0x50, 0x50, 0x00, 0x00, 0x00, 0x00, 0x00, 0x00, 0x00,
    0x00, 0x01, 0x00, 0x00, 0x00, 0x55, 0x55, 0x55, 0x55, 0x00, 0x00, 0x00, 0x00, 0x00, 0x00, 0x00, 0x00, 0x01, 0x00,
    0x00, 0x00, 0x55, 0x55, 0x55, 0x55, 0x00, 0x00, 0x00, 0x00, 0x00, 0x00, 0x00, 0x00, 0x01, 0x00, 0x00, 0x00, 0x55,
    0x55, 0x55, 0x55, 0x00, 0x00, 0x00, 0x00, 0x00, 0x00, 0x00, 0x00, 0x01, 0x00, 0x00, 0x00, 0x55, 0x55, 0x55, 0x55,
    0x00, 0xFF, 0x00, 0xFF, 0x00, 0xFF, 0x00, 0xFC, 0xDB, 0xDE, 0x00, 0x00, 0x05, 0x05, 0x25, 0x35, 0x9F, 0xB3, 0x2F,
    0x30, 0xAF, 0xA3, 0xFF, 0xFF, 0x9A, 0xD6, 0x41, 0x08, 0x55, 0x55, 0x96, 0x00, 0xFF, 0x0D, 0xFF, 0x0F, 0xFF, 0x0F,
    0xFF, 0x0F, 0xDB, 0xDE, 0x00, 0x00, 0x58, 0x50, 0x50, 0x50, 0x00, 0xFF, 0x00, 0xFF, 0x00, 0xFF, 0x00, 0x00, 0xDB,
    0xDE, 0x00, 0x00, 0x05, 0x05, 0x55, 0x55, 0x0F, 0x00, 0x0F, 0x00, 0x0F, 0x00, 0x00, 0x00, 0x01, 0x00, 0x00, 0x00,
    0x55, 0x55, 0x55, 0x55, 0xFF, 0x0F, 0xFF, 0x0F, 0xFF, 0x0F, 0x00, 0x00, 0xDB, 0xDE, 0x00, 0x00, 0x50, 0x50, 0x55,
    0x55, 0x00, 0x00, 0x00, 0x00, 0x00, 0xC4, 0x00, 0xFF, 0xDB, 0xDE, 0x00, 0x00, 0x55, 0x55, 0xB5, 0x05, 0x00, 0xC4,
    0xC4, 0xFF, 0xFF, 0xFF, 0xFF, 0x9F, 0x9A, 0xD6, 0x41, 0x08, 0xB5, 0x0B, 0x60, 0x54, 0xFF, 0x0F, 0xFF, 0x0F, 0xBF,
    0x04, 0x02, 0x00, 0x9A, 0xD6, 0x00, 0x00, 0x50, 0x5E, 0x55, 0x55, 0x00, 0xFF, 0x00, 0xFF, 0x00, 0xFF, 0x00, 0xFF,
    0xDB, 0xDE, 0x00, 0x00, 0x05, 0x05, 0x55, 0x05, 0xFF, 0xFF, 0xFF, 0xFF, 0xFF, 0xFF, 0xFF, 0xFF, 0xDB, 0xDE, 0x00,
    0x00, 0x00, 0x00, 0x55, 0x00, 0xFF, 0x0F, 0xFF, 0x0F, 0xFF, 0x0F, 0xFF, 0x0F, 0xDB, 0xDE, 0x00, 0x00, 0x50, 0x50,
    0x55, 0x50, 0x00, 0xFF, 0x00, 0xFF, 0x00, 0xB3, 0x00, 0x00, 0x9A, 0xD6, 0x00, 0x00, 0x05, 0xB5, 0x55, 0x55, 0xCF,
    0x04, 0xFF, 0xCF, 0xFF, 0xFF, 0x93, 0xFF, 0x9A, 0xD6, 0x41, 0x08, 0x5E, 0xE0, 0x09, 0x15, 0x00, 0x00, 0x04, 0x00,
    0xCF, 0x04, 0xFF, 0x0F, 0xDB, 0xDE, 0x00, 0x00, 0x55, 0x55, 0x5E, 0x50, 0x00, 0xFF, 0x00, 0xFE, 0x00, 0x00, 0x00,
    0x00, 0x9A, 0xD6, 0x00, 0x00, 0x05, 0x55, 0x55, 0x55, 0xCF, 0x83, 0x3F, 0x91, 0x20, 0xFC, 0x90, 0xFF, 0x9A, 0xD6,
    0x41, 0x08, 0x55, 0x95, 0x25, 0x09, 0xFF, 0x0F, 0xFF, 0x0F, 0xFF, 0x0D, 0xFF, 0x04, 0x9A, 0xD6, 0x00, 0x00, 0x50,
    0x58, 0x5C, 0x57, 0x00, 0xA0, 0x00, 0xF3, 0x00, 0xF9, 0x00, 0xFE, 0x59, 0xCE, 0x00, 0x00, 0x95, 0x35, 0x25, 0x05,
    0xFF, 0xFF, 0xFF, 0xFE, 0xFF, 0xFF, 0xEF, 0xFF, 0xDB, 0xDE, 0x45, 0x29, 0xD8, 0x34, 0x07, 0xC9, 0xFF, 0xDF, 0xFF,
    0xFF, 0xFF, 0xFF, 0x5F, 0xF7, 0x9A, 0xD6, 0x00, 0x00, 0xE0, 0x00, 0x37, 0x15, 0xFF, 0xFF, 0xFF, 0xFF, 0xFF, 0xFD,
    0xFF, 0xFB, 0xDB, 0xDE, 0x82, 0x10, 0x08, 0x38, 0x1C, 0x1C, 0x6F, 0x00, 0xDF, 0x00, 0xFF, 0x00, 0xFF, 0x00, 0xDB,
    0xDE, 0x00, 0x00, 0x57, 0x56, 0x54, 0x54, 0x00, 0x20, 0x00, 0x70, 0x00, 0xC0, 0x00, 0xF2, 0x1C, 0xE7, 0x00, 0x00,
    0x55, 0xD5, 0x95, 0x15, 0xFF, 0xFF, 0xFF, 0xFF, 0xFF, 0xAB, 0xFF, 0x44, 0x59, 0xCE, 0x00, 0x00, 0x10, 0x98, 0xDC,
    0x54, 0xFF, 0x02, 0xFF, 0x07, 0xFF, 0x0C, 0xFF, 0x2F, 0x9A, 0xD6, 0x41, 0x08, 0x54, 0x5C, 0x58, 0x50, 0x00, 0x00,
    0x00, 0x00, 0x00, 0x00, 0x00, 0x00, 0x01, 0x00, 0x00, 0x00, 0x55, 0x55, 0x55, 0x55, 0xFF, 0x0F, 0xFF, 0x0F, 0xFF,
    0xFF, 0xFF, 0xFF, 0xDB, 0xDE, 0x00, 0x00, 0x50, 0x50, 0x00, 0x00, 0x10, 0xF7, 0x10, 0xF8, 0xFF, 0xFF, 0xFF, 0xFF,
    0xDB, 0xDE, 0x41, 0x08, 0x15, 0x35, 0x00, 0x00, 0xFF, 0x00, 0xFF, 0x00, 0xDF, 0x00, 0xEF, 0x04, 0x59, 0xCE, 0x00,
    0x00, 0x54, 0x54, 0x57, 0x5C, 0x00, 0xFB, 0x00, 0xFE, 0x00, 0xFF, 0x00, 0xFF, 0x9A, 0xD6, 0x00, 0x00, 0x25, 0x05,
    0x05, 0x05, 0xFF, 0x28, 0x9F, 0x00, 0x3F, 0x00, 0x0F, 0x00, 0x4D, 0x6B, 0x00, 0x00, 0x54, 0x57, 0x55, 0x55, 0xE4,
    0xFF, 0x30, 0xCC, 0x00, 0x00, 0x00, 0x00, 0x14, 0xA5, 0x00, 0x00, 0xCD, 0x55, 0x55, 0x55, 0x0D, 0x00, 0x04, 0x00,
    0x00, 0x00, 0x00, 0x00, 0x01, 0x00, 0x00, 0x00, 0x55, 0x55, 0x55, 0x55, 0xFF, 0x0F, 0xFF, 0x0F, 0xFF, 0x0F, 0xFF,
    0x0F, 0xDB, 0xDE, 0x00, 0x00, 0x50, 0x50, 0x50, 0x50, 0x20, 0xF8, 0x00, 0x80, 0x00, 0x20, 0x00, 0x00, 0x0C, 0x63,
    0x00, 0x00, 0x15, 0xD5, 0x55, 0x55, 0xFF, 0x0B, 0xFF, 0x0E, 0xFF, 0x0F, 0xFF, 0x0F, 0x9A, 0xD6, 0x00, 0x00, 0x58,
    0x50, 0x50, 0x50, 0x00, 0xFF, 0x00, 0xFF, 0x00, 0xFF, 0x00, 0xFF, 0xDB, 0xDE, 0x00, 0x00, 0x05, 0x05, 0x05, 0x05,
    0x0F, 0x00, 0x0F, 0x00, 0xFF, 0xFF, 0xFF, 0xFF, 0xDB, 0xDE, 0x00, 0x00, 0x55, 0x55, 0x00, 0x00, 0x00, 0x00, 0x00,
    0x00, 0xFF, 0xFF, 0xFF, 0xFF, 0xDB, 0xDE, 0x00, 0x00, 0x55, 0x55, 0x40, 0x40, 0x00, 0xF0, 0x00, 0xF0, 0x00, 0xF0,
    0x00, 0xF0, 0xDB, 0xDE, 0x00, 0x00, 0x15, 0x15, 0x15, 0x15, 0xFF, 0x00, 0xFF, 0x00, 0xFF, 0xFF, 0xFF, 0xFF, 0xDB,
    0xDE, 0x00, 0x00, 0x54, 0x54, 0x00, 0x00, 0x00, 0x00, 0x00, 0x00, 0xFF, 0x0F, 0xFF, 0x0F, 0xDB, 0xDE, 0x00, 0x00,
    0x55, 0x55, 0x50, 0x50, 0x00, 0xB0, 0x00, 0xE0, 0x00, 0xF0, 0x00, 0xF0, 0x9A, 0xD6, 0x00, 0x00, 0x95, 0x15, 0x15,
    0x15, 0xFF, 0x7F, 0xFF, 0x07, 0xFF, 0x02, 0xFF, 0x00, 0xDB, 0xDE, 0x00, 0x00, 0x5C, 0x54, 0x54, 0x54, 0x42, 0xFD,
    0x00, 0xC3, 0x00, 0x00, 0xFF, 0xFF, 0xDB, 0xDE, 0x00, 0x00, 0xB5, 0x55, 0x55, 0x00, 0xDF, 0x00, 0x4C, 0x00, 0x00,
    0x00, 0xFF, 0x00, 0x9A, 0xD6, 0x00, 0x00, 0x57, 0x55, 0x55, 0x54, 0xF0, 0xFF, 0xF0, 0xFF, 0xF0, 0xFF, 0xF0, 0xFF,
    0xDB, 0xDE, 0x00, 0x00, 0x41, 0x41, 0x01, 0x01, 0x00, 0x00, 0x00, 0x00, 0xFF, 0xFF, 0xFF, 0xFF, 0xDB, 0xDE, 0x00,
    0x00, 0x55, 0x55, 0x00, 0x00, 0xF0, 0xFF, 0xF0, 0xFF, 0xFF, 0xFF, 0xFF, 0xFF, 0xDB, 0xDE, 0x00, 0x00, 0x41, 0x41,
    0x40, 0x40, 0x00, 0xF0, 0x00, 0xF0, 0x00, 0xF0, 0x00, 0xF0, 0xDB, 0xDE, 0x00, 0x00, 0x15, 0x15, 0x15, 0x15, 0xFF,
    0x00, 0xFF, 0x00, 0xFF, 0x00, 0xFF, 0x00, 0xDB, 0xDE, 0x00, 0x00, 0x54, 0x54, 0x54, 0x54, 0x00, 0x00, 0x00, 0x00,
    0x00, 0x00, 0x00, 0x00, 0x01, 0x00, 0x00, 0x00, 0x55, 0x55, 0x55, 0x55, 0x00, 0xF0, 0x00, 0xF0, 0x00, 0xF0, 0x00,
    0xF0, 0xDB, 0xDE, 0x00, 0x00, 0x15, 0x15, 0x15, 0x15, 0xFF, 0x00, 0xFF, 0x00, 0xFF, 0x00, 0xFF, 0x00, 0xDB, 0xDE,
    0x00, 0x00, 0x54, 0x54, 0x54, 0x54, 0xF0, 0xFF, 0xF0, 0xFF, 0xF0, 0xFF, 0xF0, 0xFF, 0x9A, 0xD6, 0x00, 0x00, 0x41,
    0x41, 0xC1, 0x01, 0x50, 0xFF, 0xF4, 0xFF, 0xFF, 0xFF, 0xFF, 0xFF, 0x9A, 0xD6, 0xC3, 0x18, 0x0D, 0x41, 0x80, 0x06,
    0xDF, 0x02, 0x2D, 0x00, 0x0A, 0x00, 0x3F, 0x00, 0x86, 0x31, 0x00, 0x00, 0x57, 0x55, 0x55, 0x54, 0x00, 0x00, 0x00,
    0x00, 0x00, 0x00, 0x00, 0x00, 0x01, 0x00, 0x00, 0x00, 0x55, 0x55, 0x55, 0x55, 0xFF, 0x0F, 0xFF, 0x0F, 0xFF, 0x0F,
    0xFF, 0x0F, 0xDB, 0xDE, 0x00, 0x00, 0x50, 0x50, 0x50, 0x50, 0x00, 0x00, 0x00, 0x00, 0x00, 0x00, 0x00, 0x00, 0x01,
    0x00, 0x00, 0x00, 0x55, 0x55, 0x55, 0x55, 0x00, 0x00, 0x00, 0x00, 0x00, 0x00, 0x00, 0x00, 0x01, 0x00, 0x00, 0x00,
    0x55, 0x55, 0x55, 0x55, 0x00, 0x00, 0x00, 0x00, 0x00, 0x00, 0x00, 0x00, 0x01, 0x00, 0x00, 0x00, 0x55, 0x55, 0x55,
    0x55, 0x00, 0x00, 0x00, 0x00, 0x00, 0x00, 0x00, 0x00, 0x01, 0x00, 0x00, 0x00, 0x55, 0x55, 0x55, 0x55, 0x00, 0xF4,
    0x00, 0x40, 0x00, 0xFC, 0x00, 0xFD, 0x18, 0xC6, 0x00, 0x00, 0xD5, 0x55, 0x05, 0x25, 0xFF, 0xFF, 0xFC, 0xDF, 0x5E,
    0xC3, 0xFF, 0xFF, 0xDB, 0xDE, 0x41, 0x08, 0xE2, 0x55, 0x97, 0x00, 0xFF, 0x0F, 0xFF, 0x0F, 0xFF, 0x0C, 0xFF, 0x06,
    0x9A, 0xD6, 0x00, 0x00, 0x50, 0x58, 0x5C, 0x56, 0x00, 0x00, 0x00, 0x00, 0x00, 0x00, 0x00, 0xFF, 0xDB, 0xDE, 0x00,
    0x00, 0x55, 0x55, 0x55, 0x05, 0x00, 0x00, 0x00, 0x00, 0x00, 0x00, 0x0F, 0x00, 0x01, 0x00, 0x00, 0x00, 0x55, 0x55,
    0x55, 0x55, 0x00, 0x00, 0x00, 0x00, 0x00, 0x00, 0xFF, 0x0F, 0xDB, 0xDE, 0x00, 0x00, 0x55, 0x55, 0x55, 0x50, 0x00,
    0xFF, 0x00, 0xC4, 0x00, 0x00, 0x00, 0x00, 0x14, 0xA5, 0x00, 0x00, 0x35, 0x55, 0x55, 0x55, 0xFF, 0xAF, 0xFF, 0xFF,
    0xC4, 0xFF, 0x00, 0xC4, 0xDB, 0xDE, 0x00, 0x00, 0x60, 0x0B, 0xB5, 0x55, 0x03, 0x00, 0xBF, 0x04, 0xFF, 0x0F, 0xFF,
    0x0F, 0xDB, 0xDE, 0x00, 0x00, 0x55, 0x5E, 0x50, 0x5B, 0x00, 0xFF, 0x00, 0xFF, 0x00, 0x00, 0x00, 0x00, 0xDB, 0xDE,
    0x00, 0x00, 0x05, 0x55, 0x55, 0x55, 0xFF, 0xFF, 0xFF, 0xFF, 0x00, 0x00, 0x00, 0x00, 0xDB, 0xDE, 0x00, 0x00, 0x00,
    0x55, 0x55, 0x55, 0xFF, 0x0F, 0xFF, 0x0F, 0x00, 0x00, 0x00, 0x00, 0xDB, 0xDE, 0x00, 0x00, 0x50, 0x55, 0x55, 0x55,
    0x00, 0x00, 0x00, 0xB4, 0x00, 0xFF, 0x00, 0xFF, 0xDB, 0xDE, 0x00, 0x00, 0x55, 0xB5, 0x05, 0xE5, 0xA3, 0xFF, 0xFF,
    0xFF, 0xFF, 0xCF, 0xCF, 0x04, 0x9A, 0xD6, 0x00, 0x00, 0x09, 0xE0, 0x5E, 0x55, 0xFF, 0x0F, 0xBF, 0x03, 0x04, 0x00,
    0x00, 0x00, 0x92, 0x94, 0x00, 0x00, 0x5C, 0x55, 0x55, 0x55, 0x00, 0x00, 0x00, 0x00, 0x00, 0x00, 0x00, 0x00, 0x01,
    0x00, 0x00, 0x00, 0x55, 0x55, 0x55, 0x55, 0xE0, 0xFF, 0xF0, 0xFF, 0xF0, 0xFF, 0xF0, 0xFF, 0x9A, 0xD6, 0x00, 0x00,
    0xC1, 0x41, 0x55, 0x41, 0x4F, 0x00, 0x05, 0x00, 0x00, 0x00, 0x00, 0x00, 0x01, 0x00, 0x00, 0x00, 0x55, 0x55, 0x55,
    0x55, 0x00, 0xFF, 0x00, 0xFF, 0x00, 0xFF, 0x00, 0xFF, 0xDB, 0xDE, 0x00, 0x00, 0x05, 0x05, 0x05, 0x25, 0xFF, 0xFF,
    0xFF, 0xFF, 0xFF, 0xFF, 0xFF, 0xFF, 0x9A, 0xD6, 0x82, 0x10, 0x41, 0x41, 0xC1, 0x0F, 0x07, 0xF3, 0x02, 0xF8, 0x56,
    0xFF, 0xFF, 0xFF, 0xDB, 0xDE, 0x41, 0x08, 0x15, 0x35, 0x0D, 0x00, 0xFF, 0xF9, 0xFF, 0xFB, 0xFF, 0xFF, 0xFF, 0xFF,
    0x9A, 0xD6, 0x45, 0x29, 0x14, 0x34, 0x04, 0x40, 0xFF, 0x00, 0xEF, 0x00, 0x9F, 0x00, 0x2E, 0x00, 0xD7, 0xBD, 0x00,
    0x00, 0x54, 0x56, 0x55, 0x55, 0x00, 0xF8, 0x00, 0xFD, 0x30, 0xFF, 0x80, 0xFF, 0x9A, 0xD6, 0x41, 0x08, 0x35, 0x25,
    0x05, 0x8D, 0xFF, 0xFF, 0xFF, 0xFF, 0xFF, 0xFF, 0x0E, 0x00, 0xDB, 0xDE, 0x00, 0x00, 0x00, 0x00, 0x55, 0x55, 0xFF,
    0x8F, 0xFF, 0xDF, 0xFF, 0xFF, 0xE1, 0xFF, 0xDB, 0xDE, 0x82, 0x10, 0x70, 0x60, 0x41, 0xC9, 0x00, 0x00, 0x00, 0x00,
    0x03, 0x00, 0x08, 0x00, 0x01, 0x00, 0x00, 0x00, 0x55, 0x55, 0x55, 0x55, 0xFF, 0xFF, 0xFF, 0x0F, 0xFF, 0x0F, 0xFF,
    0xFF, 0xDB, 0xDE, 0x00, 0x00, 0x50, 0x50, 0x50, 0x00, 0xFF, 0xFF, 0x00, 0xA3, 0x00, 0x82, 0xFF, 0xFF, 0xDB, 0xDE,
    0x41, 0x08, 0x95, 0x55, 0xD5, 0x00, 0xFF, 0x0C, 0xFF, 0x0F, 0xFF, 0x0F, 0xFF, 0x0E, 0xDB, 0xDE, 0x00, 0x00, 0x58,
    0x50, 0x50, 0x5C, 0x00, 0xFF, 0x00, 0xFF, 0x00, 0xFC, 0x00, 0xF5, 0x9A, 0xD6, 0x00, 0x00, 0x05, 0x25, 0x35, 0x95,
    0x3F, 0x00, 0x9F, 0x00, 0xFF, 0x27, 0xFF, 0xFF, 0xDB, 0xDE, 0x41, 0x08, 0x55, 0x57, 0x5C, 0x00, 0x00, 0x00, 0x40,
    0xCC, 0xE4, 0xFF, 0xFF, 0xFF, 0x59, 0xCE, 0x00, 0x00, 0x55, 0xED, 0x03, 0xC0, 0x00, 0x00, 0x04, 0x00, 0x0D, 0x00,
    0x0C, 0x00, 0x01, 0x00, 0x00, 0x00, 0x55, 0x55, 0x55, 0x55, 0xFF, 0x0F, 0xFF, 0x0F, 0xFF, 0x0F, 0xFF, 0xFF, 0xDB,
    0xDE, 0x00, 0x00, 0x50, 0x50, 0x50, 0x00, 0x00, 0x20, 0x00, 0x70, 0x20, 0xF6, 0xFF, 0xFF, 0xDB, 0xDE, 0x41, 0x08,
    0x55, 0xD5, 0x35, 0x00, 0xFF, 0x0F, 0xFF, 0x0F, 0xFF, 0x0B, 0xFF, 0x05, 0x9A, 0xD6, 0x00, 0x00, 0x50, 0x58, 0x5C,
    0x56, 0x00, 0xFF, 0x00, 0xFF, 0x00, 0xFF, 0x00, 0xFF, 0xDB, 0xDE, 0x00, 0x00, 0x05, 0x05, 0x05, 0x05, 0xFF, 0xFF,
    0x0F, 0x00, 0x0F, 0x00, 0xFF, 0xFF, 0xDB, 0xDE, 0x00, 0x00, 0x55, 0x55, 0x55, 0x00, 0xFF, 0xFF, 0x00, 0x00, 0x00,
    0x00, 0xFF, 0xFF, 0xDB, 0xDE, 0x00, 0x00, 0x55, 0x55, 0x55, 0x40, 0x00, 0xF0, 0x00, 0xF0, 0x00, 0xF0, 0x00, 0xF0,
    0xDB, 0xDE, 0x00, 0x00, 0x15, 0x15, 0x15, 0x15, 0xFF, 0xFF, 0xFF, 0x00, 0xFF, 0x00, 0xFF, 0x00, 0xDB, 0xDE, 0x00,
    0x00, 0x54, 0x54, 0x54, 0x54, 0xFF, 0x0F, 0x00, 0x00, 0x00, 0x00, 0x00, 0x00, 0x01, 0x00, 0x00, 0x00, 0x55, 0x55,
    0x55, 0x55, 0x00, 0xF0, 0x00, 0xE0, 0x00, 0xB0, 0x00, 0x50, 0x18, 0xC6, 0x00, 0x00, 0x15, 0x95, 0xD5, 0x55, 0xFF,
    0x02, 0xFF, 0x07, 0xFF, 0x7F, 0xFF, 0xFF, 0x9A, 0xD6, 0x41, 0x08, 0x54, 0x5C, 0x70, 0x02, 0xFF, 0xFF, 0xFF, 0xFF,
    0x32, 0xF9, 0xFF, 0xFF, 0x9A, 0xD6, 0x00, 0x00, 0x00, 0x15, 0x2D, 0x00, 0xFF, 0x00, 0xFF, 0x00, 0xFF, 0x00, 0xFF,
    0x00, 0xDB, 0xDE, 0x00, 0x00, 0x54, 0x54, 0x54, 0x57, 0xF0, 0xFF, 0xF0, 0xFF, 0xF0, 0xFF, 0xF0, 0xFF, 0xDB, 0xDE,
    0x00, 0x00, 0x41, 0x41, 0x41, 0x41, 0xFF, 0xFF, 0x00, 0x00, 0x00, 0x00, 0x00, 0x00, 0x01, 0x00, 0x00, 0x00, 0x55,
    0x55, 0x55, 0x55, 0xFF, 0xFF, 0xF0, 0xFF, 0xF0, 0xFF, 0xF0, 0xFF, 0xDB, 0xDE, 0x00, 0x00, 0x41, 0x41, 0x41, 0x41,
    0x00, 0xF0, 0x00, 0xF0, 0x00, 0xF0, 0x00, 0xF0, 0xDB, 0xDE, 0x00, 0x00, 0x15, 0x15, 0x15, 0x15, 0xFF, 0x00, 0xFF,
    0x00, 0xFF, 0x00, 0xFF, 0x00, 0xDB, 0xDE, 0x00, 0x00, 0x54, 0x54, 0x54, 0x54, 0x00, 0x00, 0xF0, 0xFF, 0xF0, 0xFF,
    0xD0, 0xFF, 0xDB, 0xDE, 0x00, 0x00, 0x55, 0x41, 0x89, 0x0D, 0x00, 0xF0, 0x02, 0xF2, 0x4A, 0xFB, 0xFF, 0xFF, 0xDB,
    0xDE, 0x41, 0x08, 0x15, 0x15, 0x25, 0x00, 0xFF, 0x00, 0xFF, 0x00, 0xFF, 0x00, 0xDF, 0x00, 0xDB, 0xDE, 0x00, 0x00,
    0x54, 0x54, 0x56, 0x57, 0xF0, 0xFF, 0xF0, 0xFF, 0xF0, 0xFF, 0xF0, 0xFF, 0xDB, 0xDE, 0x00, 0x00, 0x81, 0x41, 0x41,
    0x41, 0xCF, 0xFE, 0x2C, 0xF6, 0x01, 0xD1, 0x00, 0x40, 0x1C, 0xE7, 0x00, 0x00, 0x35, 0x95, 0xD5, 0x55, 0xCF, 0x00,
    0xFF, 0x06, 0xFF, 0x2E, 0xFF, 0x9F, 0x9A, 0xD6, 0x00, 0x00, 0x56, 0x5C, 0x50, 0x62, 0x00, 0x00, 0x00, 0x00, 0x00,
    0x00, 0x00, 0x00, 0x01, 0x00, 0x00, 0x00, 0x55, 0x55, 0x55, 0x55, 0xFF, 0x0F, 0xFF, 0x0F, 0xFF, 0x0F, 0xFF, 0xFF,
    0xDB, 0xDE, 0x00, 0x00, 0x50, 0x50, 0x50, 0x00, 0x00, 0x00, 0x00, 0x00, 0x00, 0x00, 0xFF, 0xFF, 0xDB, 0xDE, 0x00,
    0x00, 0x55, 0x55, 0x55, 0x00, 0x00, 0x00, 0x00, 0x00, 0x00, 0x00, 0x0F, 0x00, 0x01, 0x00, 0x00, 0x00, 0x55, 0x55,
    0x55, 0x55, 0x00, 0x00, 0x00, 0x00, 0x00, 0x00, 0x00, 0x00, 0x01, 0x00, 0x00, 0x00, 0x55, 0x55, 0x55, 0x55, 0x00,
    0x00, 0x00, 0x00, 0x00, 0x00, 0x00, 0x00, 0x01, 0x00, 0x00, 0x00, 0x55, 0x55, 0x55, 0x55, 0x00, 0xF8, 0x00, 0x81,
    0x00, 0x00, 0x00, 0x00, 0xCF, 0x7B, 0x00, 0x00, 0x15, 0x55, 0x55, 0x55, 0xFF, 0xFF, 0xFE, 0xEF, 0x00, 0x00, 0x00,
    0x00, 0x59, 0xCE, 0x00, 0x00, 0x80, 0x55, 0x55, 0x55, 0xCF, 0x01, 0x29, 0x00, 0x00, 0x00, 0x00, 0x00, 0x41, 0x08,
    0x00, 0x00, 0x54, 0x55, 0x55, 0x55, 0x00, 0xFF, 0x00, 0xFF, 0x00, 0x00, 0x00, 0x00, 0xDB, 0xDE, 0x00, 0x00, 0x05,
    0x55, 0x55, 0x55, 0x0F, 0x00, 0x0F, 0x00, 0x00, 0x00, 0x00, 0x00, 0x01, 0x00, 0x00, 0x00, 0x55, 0x55, 0x55, 0x55,
    0xFF, 0x0F, 0xFF, 0x0F, 0xF7, 0x0F, 0xEC, 0x0C, 0xDB, 0xDE, 0x41, 0x08, 0x50, 0x51, 0x5B, 0x56, 0x00, 0x00, 0x00,
    0x00, 0x00, 0x00, 0x00, 0x00, 0x01, 0x00, 0x00, 0x00, 0x55, 0x55, 0x55, 0x55, 0x00, 0x00, 0x00, 0x00, 0x00, 0x00,
    0x00, 0x00, 0x01, 0x00, 0x00, 0x00, 0x55, 0x55, 0x55, 0x55, 0xC4, 0x0B, 0x00, 0x00, 0x00, 0x00, 0x00, 0x00, 0x01,
    0x00, 0x00, 0x00, 0x55, 0x55, 0x55, 0x55, 0x00, 0x00, 0x00, 0x00, 0x00, 0x00, 0x00, 0x00, 0x01, 0x00, 0x00, 0x00,
    0x55, 0x55, 0x55, 0x55, 0x00, 0x00, 0x00, 0x00, 0x00, 0x00, 0x00, 0x00, 0x01, 0x00, 0x00, 0x00, 0x55, 0x55, 0x55,
    0x55, 0x00, 0x00, 0x00, 0x00, 0x00, 0x00, 0x00, 0x00, 0x01, 0x00, 0x00, 0x00, 0x55, 0x55, 0x55, 0x55, 0x00, 0xCB,
    0x00, 0x00, 0x00, 0x00, 0x00, 0x00, 0x01, 0x00, 0x00, 0x00, 0x55, 0x55, 0x55, 0x55, 0x04, 0x00, 0x00, 0x00, 0x00,
    0x00, 0x00, 0x00, 0x01, 0x00, 0x00, 0x00, 0x55, 0x55, 0x55, 0x55, 0x00, 0x00, 0x00, 0x00, 0x00, 0x00, 0x00, 0x00,
    0x01, 0x00, 0x00, 0x00, 0x55, 0x55, 0x55, 0x55, 0x00, 0x00, 0x00, 0x00, 0x00, 0x00, 0x00, 0x00, 0x01, 0x00, 0x00,
    0x00, 0x55, 0x55, 0x55, 0x55, 0xF0, 0xFF, 0xF0, 0xFF, 0x00, 0x00, 0x00, 0x00, 0xDB, 0xDE, 0x00, 0x00, 0x41, 0x55,
    0x55, 0x55, 0x00, 0x00, 0x00, 0x00, 0x00, 0x00, 0x00, 0x00, 0x01, 0x00, 0x00, 0x00, 0x55, 0x55, 0x55, 0x55, 0x00,
    0xFD, 0x00, 0xF7, 0x00, 0xE2, 0x00, 0x50, 0x9A, 0xD6, 0x00, 0x00, 0x35, 0x15, 0xD5, 0x55, 0xEF, 0xFF, 0xFF, 0xFD,
    0xFF, 0xEF, 0xFF, 0xFF, 0x59, 0xCE, 0x00, 0x00, 0x24, 0x58, 0xC0, 0x03, 0xFF, 0xFF, 0xFF, 0xFB, 0x38, 0x21, 0xFF,
    0xFF, 0x9A, 0xD6, 0x41, 0x08, 0x38, 0x55, 0x55, 0x00, 0xFF, 0xFF, 0xFF, 0xFC, 0xB5, 0xFF, 0xFF, 0xFF, 0x9A, 0xD6,
    0x00, 0x00, 0x58, 0x35, 0x0B, 0xC0, 0x04, 0x00, 0xBF, 0x00, 0xCF, 0x00, 0x3E, 0x00, 0xD3, 0x9C, 0x00, 0x00, 0x55,
    0x54, 0x57, 0x55, 0xD0, 0xFF, 0xC0, 0xFF, 0x00, 0x00, 0x00, 0x00, 0x18, 0xC6, 0x00, 0x00, 0xC1, 0x55, 0x55, 0x55,
    0x0A, 0x00, 0x04, 0x00, 0x00, 0x00, 0x00, 0x00, 0x01, 0x00, 0x00, 0x00, 0x55, 0x55, 0x55, 0x55, 0xA0, 0xFF, 0x40,
    0xFF, 0x00, 0x00, 0x00, 0x00, 0x18, 0xC6, 0x00, 0x00, 0x0D, 0x55, 0x55, 0x55, 0x0D, 0x00, 0x0C, 0x00, 0x00, 0x00,
    0x00, 0x00, 0x01, 0x00, 0x00, 0x00, 0x55, 0x55, 0x55, 0x55, 0xFF, 0xFF, 0xFF, 0xFF, 0x00, 0x00, 0x00, 0x00, 0xDB,
    0xDE, 0x00, 0x00, 0x00, 0x55, 0x55, 0x55, 0xFF, 0xFF, 0xFF, 0xFF, 0x00, 0x00, 0x00, 0x00, 0x59, 0xCE, 0x00, 0x00,
    0x00, 0x55, 0x55, 0x55, 0xFF, 0x06, 0x6D, 0x00, 0x00, 0x00, 0x00, 0x00, 0xCB, 0x5A, 0x00, 0x00, 0x54, 0x55, 0x55,
    0x55, 0x00, 0x90, 0x00, 0x00, 0x00, 0x00, 0x00, 0x00, 0x01, 0x00, 0x00, 0x00, 0x55, 0x55, 0x55, 0x55, 0xFF, 0xFF,
    0xD6, 0xFF, 0x00, 0x00, 0x00, 0x00, 0x1C, 0xE7, 0x00, 0x00, 0x0B, 0x55, 0x55, 0x55, 0xFF, 0xFF, 0xEF, 0x3A, 0x00,
    0x00, 0x00, 0x00, 0x18, 0xC6, 0x00, 0x00, 0x78, 0x55, 0x55, 0x55, 0x03, 0x00, 0x00, 0x00, 0x00, 0x00, 0x00, 0x00,
    0x01, 0x00, 0x00, 0x00, 0x55, 0x55, 0x55, 0x55, 0xFF, 0xFF, 0xFF, 0xFF, 0x00, 0x00, 0x00, 0x00, 0xDB, 0xDE, 0x00,
    0x00, 0x00, 0x55, 0x55, 0x55, 0xFF, 0xFF, 0xFF, 0xDF, 0x00, 0x00, 0x00, 0x00, 0xDB, 0xDE, 0x00, 0x00, 0xE0, 0x55,
    0x55, 0x55, 0x9F, 0x00, 0x06, 0x00, 0x00, 0x00, 0x00, 0x00, 0x01, 0x00, 0x00, 0x00, 0x55, 0x55, 0x55, 0x55, 0x00,
    0xFF, 0x00, 0xFF, 0x00, 0x00, 0x00, 0x00, 0xDB, 0xDE, 0x00, 0x00, 0x05, 0x55, 0x55, 0x55, 0xFF, 0xFF, 0xFF, 0xFF,
    0x00, 0x00, 0x00, 0x00, 0xDB, 0xDE, 0x00, 0x00, 0x00, 0x55, 0x55, 0x55, 0xFF, 0xFF, 0xFF, 0xFF, 0x00, 0x00, 0x00,
    0x00, 0xDB, 0xDE, 0x00, 0x00, 0x40, 0x55, 0x55, 0x55, 0x00, 0xF0, 0x00, 0xF0, 0x00, 0x00, 0x00, 0x00, 0xDB, 0xDE,
    0x00, 0x00, 0x15, 0x55, 0x55, 0x55, 0xFF, 0x00, 0xFF, 0x00, 0x00, 0x00, 0x00, 0x00, 0xDB, 0xDE, 0x00, 0x00, 0x54,
    0x55, 0x55, 0x55, 0x00, 0x00, 0x00, 0x00, 0x00, 0x00, 0x00, 0x00, 0x01, 0x00, 0x00, 0x00, 0x55, 0x55, 0x55, 0x55,
    0x00, 0x00, 0x00, 0x00, 0x00, 0x00, 0x00, 0x00, 0x01, 0x00, 0x00, 0x00, 0x55, 0x55, 0x55, 0x55, 0xF8, 0xFF, 0x50,
    0xFC, 0x00, 0x00, 0x00, 0x00, 0x9A, 0xD6, 0x00, 0x00, 0x2D, 0x55, 0x55, 0x55, 0xFF, 0xFF, 0xFF, 0x8E, 0x00, 0x00,
    0x00, 0x00, 0x59, 0xCE, 0x00, 0x00, 0x60, 0x55, 0x55, 0x55, 0x6E, 0x00, 0x02, 0x00, 0x00, 0x00, 0x00, 0x00, 0x01,
    0x00, 0x00, 0x00, 0x55, 0x55, 0x55, 0x55, 0xF0, 0xFF, 0xF0, 0xFF, 0x00, 0x00, 0x00, 0x00, 0xDB, 0xDE, 0x00, 0x00,
    0x41, 0x55, 0x55, 0x55, 0x00, 0x00, 0x00, 0x00, 0x00, 0x00, 0x00, 0x00, 0x01, 0x00, 0x00, 0x00, 0x55, 0x55, 0x55,
    0x55, 0xF0, 0xFF, 0xF0, 0xFF, 0x00, 0x00, 0x00, 0x00, 0xDB, 0xDE, 0x00, 0x00, 0x41, 0x55, 0x55, 0x55, 0x00, 0xF0,
    0x00, 0xF0, 0x00, 0x00, 0x00, 0x00, 0xDB, 0xDE, 0x00, 0x00, 0x15, 0x55, 0x55, 0x55, 0xFF, 0x00, 0xFF, 0x00, 0x00,
    0x00, 0x00, 0x00, 0xDB, 0xDE, 0x00, 0x00, 0x54, 0x55, 0x55, 0x55, 0x50, 0xFF, 0x00, 0xD5, 0x00, 0x00, 0x00, 0x00,
    0x96, 0xB5, 0x00, 0x00, 0x35, 0x55, 0x55, 0x55, 0xFF, 0xFF, 0xFF, 0xCF, 0x00, 0x00, 0x00, 0x00, 0xDB, 0xDE, 0x00,
    0x00, 0xE0, 0x55, 0x55, 0x55, 0x5F, 0x00, 0x05, 0x00, 0x00, 0x00, 0x00, 0x00, 0x01, 0x00, 0x00, 0x00, 0x55, 0x55,
    0x55, 0x55, 0xF0, 0xFF, 0xF0, 0xFF, 0x00, 0x00, 0x00, 0x00, 0xDB, 0xDE, 0x00, 0x00, 0x41, 0x55, 0x55, 0x55, 0x00,
    0x00, 0x00, 0x00, 0x00, 0x00, 0x00, 0x00, 0x01, 0x00, 0x00, 0x00, 0x55, 0x55, 0x55, 0x55, 0xFA, 0xFF, 0xE2, 0xFF,
    0x00, 0x00, 0x00, 0x00, 0x59, 0xCE, 0x00, 0x00, 0xC1, 0x55, 0x55, 0x55, 0x03, 0x00, 0x03, 0x00, 0x00, 0x00, 0x00,
    0x00, 0x01, 0x00, 0x00, 0x00, 0x55, 0x55, 0x55, 0x55, 0xFF, 0xFF, 0xFF, 0xFF, 0x00, 0x00, 0x00, 0x00, 0xDB, 0xDE,
    0x00, 0x00, 0x00, 0x55, 0x55, 0x55, 0xFF, 0xFF, 0xFF, 0xFF, 0x00, 0x00, 0x00, 0x00, 0xDB, 0xDE, 0x00, 0x00, 0x00,
    0x55, 0x55, 0x55, 0x0F, 0x00, 0x0F, 0x00, 0x00, 0x00, 0x00, 0x00, 0x01, 0x00, 0x00, 0x00, 0x55, 0x55, 0x55, 0x55,
    0x00, 0x00, 0x00, 0x00, 0x00, 0x00, 0x00, 0x00, 0x01, 0x00, 0x00, 0x00, 0x55, 0x55, 0x55, 0x55, 0x00, 0x00, 0x00,
    0x00, 0x00, 0x00, 0x00, 0x00, 0x01, 0x00, 0x00, 0x00, 0x55, 0x55, 0x55, 0x55, 0x00, 0x00, 0x00, 0x00, 0x00, 0x00,
    0x00, 0x00, 0x01, 0x00, 0x00, 0x00, 0x55, 0x55, 0x55, 0x55, 0x00, 0x00, 0x00, 0x00, 0x00, 0x00, 0x00, 0x00, 0x01,
    0x00, 0x00, 0x00, 0x55, 0x55, 0x55, 0x55, 0x00, 0x00, 0x00, 0x00, 0x00, 0x00, 0x00, 0x00, 0x01, 0x00, 0x00, 0x00,
    0x55, 0x55, 0x55, 0x55, 0x00, 0x00, 0x00, 0x00, 0x00, 0x00, 0x00, 0x00, 0x01, 0x00, 0x00, 0x00, 0x55, 0x55, 0x55,
    0x55, 0x00, 0x00, 0x00, 0x00, 0x00, 0x00, 0x00, 0x00, 0x01, 0x00, 0x00, 0x00, 0x55, 0x55, 0x55, 0x55, 0xBA, 0x03,
    0x00, 0x00, 0x00, 0x00, 0x00, 0x00, 0x01, 0x00, 0x00, 0x00, 0x55, 0x55, 0x55, 0x55, 0x00, 0x00, 0x00, 0x00, 0x00,
    0x00, 0x00, 0x00, 0x01, 0x00, 0x00, 0x00, 0x55, 0x55, 0x55, 0x55, 0x00, 0x00, 0x00, 0x00, 0x00, 0x00, 0x00, 0x00,
    0x01, 0x00, 0x00, 0x00, 0x55, 0x55, 0x55, 0x55, 0x00, 0x00, 0x00, 0x00, 0x00, 0x00, 0x00, 0x00, 0x01, 0x00, 0x00,
    0x00, 0x55, 0x55, 0x55, 0x55, 0x00, 0x00, 0x00, 0x00, 0x00, 0x00, 0x00, 0x00, 0x01, 0x00, 0x00, 0x00, 0x55, 0x55,
    0x55, 0x55, 0x00, 0x00, 0x00, 0x00, 0x00, 0x00, 0x00, 0x00, 0x01, 0x00, 0x00, 0x00, 0x55, 0x55, 0x55, 0x55, 0x00,
    0x00, 0x00, 0x00, 0x00, 0x00, 0x00, 0x00, 0x01, 0x00, 0x00, 0x00, 0x55, 0x55, 0x55, 0x55, 0x00, 0x00, 0x00, 0x00,
    0x00, 0x00, 0x00, 0x00, 0x01, 0x00, 0x00, 0x00, 0x55, 0x55, 0x55, 0x55, 0x00, 0x00, 0x00, 0x00, 0x00, 0x00, 0x00,
    0x00, 0x01, 0x00, 0x00, 0x00, 0x55, 0x55, 0x55, 0x55, 0x00, 0x00, 0x00, 0x00, 0x00, 0x00, 0x00, 0x00, 0x01, 0x00,
    0x00, 0x00, 0x55, 0x55, 0x55, 0x55, 0x00, 0x00, 0x00, 0x00, 0x00, 0x00, 0x00, 0x00, 0x01, 0x00, 0x00, 0x00, 0x55,
    0x55, 0x55, 0x55, 0x00, 0x00, 0x00, 0x00, 0x00, 0x00, 0x00, 0x00, 0x01, 0x00, 0x00, 0x00, 0x55, 0x55, 0x55, 0x55,
    0x00, 0x00, 0x00, 0x00, 0x00, 0x00, 0x00, 0x00, 0x01, 0x00, 0x00, 0x00, 0x55, 0x55, 0x55, 0x55, 0x00, 0x00, 0x00,
    0x00, 0x00, 0x00, 0x00, 0x00, 0x01, 0x00, 0x00, 0x00, 0x55, 0x55, 0x55, 0x55, 0xE5, 0xFF, 0x20, 0xC7, 0x00, 0x00,
    0x00, 0x00, 0x92, 0x94, 0x00, 0x00, 0x25, 0x55, 0x55, 0x55, 0xFF, 0xFF, 0xFE, 0xFF, 0x00, 0x00, 0x00, 0x00, 0x59,
    0xCE, 0x00, 0x00, 0x00, 0x55, 0x55, 0x55, 0xFF, 0xDF, 0xCF, 0x16, 0x00, 0x00, 0x00, 0x00, 0xD3, 0x9C, 0x00, 0x00,
    0x58, 0x55, 0x55, 0x55, 0x03, 0x00, 0x00, 0x00, 0x00, 0x00, 0x00, 0x00, 0x01, 0x00, 0x00, 0x00, 0x55, 0x55, 0x55,
    0x55, 0x00, 0x00, 0x00, 0x00, 0x00, 0x00, 0x00, 0x00, 0x01, 0x00, 0x00, 0x00, 0x55, 0x55, 0x55, 0x55, 0x00, 0x00,
    0x00, 0x00, 0x00, 0x00, 0x00, 0x00, 0x01, 0x00, 0x00, 0x00, 0x55, 0x55, 0x55, 0x55, 0x00, 0x00, 0x00, 0x00, 0x00,
    0x00, 0x00, 0x00, 0x01, 0x00, 0x00, 0x00, 0x55, 0x55, 0x55, 0x55, 0x00, 0x00, 0x00, 0x00, 0x00, 0x00, 0x00, 0x00,
    0x01, 0x00, 0x00, 0x00, 0x55, 0x55, 0x55, 0x55, 0x00, 0x00, 0x00, 0x00, 0x00, 0x00, 0x00, 0x00, 0x01, 0x00, 0x00,
    0x00, 0x55, 0x55, 0x55, 0x55, 0x00, 0x00, 0x00, 0x00, 0x00, 0x00, 0x00, 0x00, 0x01, 0x00, 0x00, 0x00, 0x55, 0x55,
    0x55, 0x55, 0x00, 0x00, 0x00, 0x00, 0x00, 0x00, 0x00, 0x00, 0x01, 0x00, 0x00, 0x00, 0x55, 0x55, 0x55, 0x55, 0x00,
    0x00, 0x00, 0x00, 0x00, 0x00, 0x00, 0x00, 0x01, 0x00, 0x00, 0x00, 0x55, 0x55, 0x55, 0x55, 0x00, 0x00, 0x00, 0x00,
    0x00, 0x00, 0x00, 0x00, 0x01, 0x00, 0x00, 0x00, 0x55, 0x55, 0x55, 0x55, 0x00, 0x00, 0x00, 0x00, 0x00, 0x00, 0x00,
    0x00, 0x01, 0x00, 0x00, 0x00, 0x55, 0x55, 0x55, 0x55, 0x00, 0x00, 0x00, 0x00, 0x00, 0x00, 0x00, 0x00, 0x01, 0x00,
    0x00, 0x00, 0x55, 0x55, 0x55, 0x55, 0x00, 0x00, 0x00, 0x00, 0x00, 0x00, 0x00, 0x00, 0x01, 0x00, 0x00, 0x00, 0x55,
    0x55, 0x55, 0x55, 0x00, 0x00, 0x00, 0x00, 0x00, 0x00, 0x00, 0x00, 0x01, 0x00, 0x00, 0x00, 0x55, 0x55, 0x55, 0x55,
    0x00, 0x00, 0x00, 0x00, 0x00, 0x00, 0x00, 0x00, 0x01, 0x00, 0x00, 0x00, 0x55, 0x55, 0x55, 0x55, 0x00, 0x00, 0x00,
    0x00, 0x00, 0x00, 0x00, 0x00, 0x01, 0x00, 0x00, 0x00, 0x55, 0x55, 0x55, 0x55, 0x00, 0x00, 0x00, 0x00, 0x00, 0x00,
    0x00, 0x00, 0x01, 0x00, 0x00, 0x00, 0x55, 0x55, 0x55, 0x55, 0x00, 0x00, 0x00, 0x00, 0x00, 0x00, 0x00, 0x00, 0x01,
    0x00, 0x00, 0x00, 0x55, 0x55, 0x55, 0x55, 0x00, 0x00, 0x00, 0x00, 0x00, 0x00, 0x00, 0x00, 0x01, 0x00, 0x00, 0x00,
    0x55, 0x55, 0x55, 0x55, 0x00, 0x00, 0x00, 0x00, 0x00, 0x00, 0x00, 0x00, 0x01, 0x00, 0x00, 0x00, 0x55, 0x55, 0x55,
    0x55, 0x00, 0x00, 0x00, 0x00, 0x00, 0x00, 0x00, 0x00, 0x01, 0x00, 0x00, 0x00, 0x55, 0x55, 0x55, 0x55, 0x00, 0x00,
    0x00, 0x00, 0x00, 0x00, 0x00, 0x00, 0x01, 0x00, 0x00, 0x00, 0x55, 0x55, 0x55, 0x55, 0x00, 0x00, 0x00, 0x00, 0x00,
    0x00, 0x00, 0x00, 0x01, 0x00, 0x00, 0x00, 0x55, 0x55, 0x55, 0x55, 0x00, 0x00, 0x00, 0x00, 0x00, 0x00, 0x00, 0x00,
    0x01, 0x00, 0x00, 0x00, 0x55, 0x55, 0x55, 0x55, 0x00, 0x00, 0x00, 0x00, 0x00, 0x00, 0x00, 0x00, 0x01, 0x00, 0x00,
    0x00, 0x55, 0x55, 0x55, 0x55, 0x00, 0x00, 0x00, 0x00, 0x00, 0x00, 0x00, 0x00, 0x01, 0x00, 0x00, 0x00, 0x55, 0x55,
    0x55, 0x55, 0x00, 0x00, 0x00, 0x00, 0x00, 0x00, 0x00, 0x00, 0x01, 0x00, 0x00, 0x00, 0x55, 0x55, 0x55, 0x55, 0x00,
    0x00, 0x00, 0x00, 0x00, 0x00, 0x00, 0x00, 0x01, 0x00, 0x00, 0x00, 0x55, 0x55, 0x55, 0x55, 0x00, 0x00, 0x00, 0x00,
    0x00, 0x00, 0x00, 0x00, 0x01, 0x00, 0x00, 0x00, 0x55, 0x55, 0x55, 0x55, 0x00, 0x00, 0x00, 0x00, 0x00, 0x00, 0x00,
    0x00, 0x01, 0x00, 0x00, 0x00, 0x55, 0x55, 0x55, 0x55, 0x00, 0x00, 0x00, 0x00, 0x00, 0x00, 0x00, 0x00, 0x01, 0x00,
    0x00, 0x00, 0x55, 0x55, 0x55, 0x55, 0x00, 0x00, 0x00, 0x00, 0x00, 0x00, 0x00, 0x00, 0x01, 0x00, 0x00, 0x00, 0x55,
    0x55, 0x55, 0x55, 0x00, 0x00, 0x00, 0x00, 0x00, 0x00, 0x00, 0x00, 0x01, 0x00, 0x00, 0x00, 0x55, 0x55, 0x55, 0x55,
    0x00, 0x00, 0x00, 0x00, 0x00, 0x00, 0x00, 0x00, 0x01, 0x00, 0x00, 0x00, 0x55, 0x55, 0x55, 0x55, 0x00, 0x00, 0x00,
    0x00, 0x00, 0x00, 0x00, 0x00, 0x01, 0x00, 0x00, 0x00, 0x55, 0x55, 0x55, 0x55, 0x00, 0x00, 0x00, 0x00, 0x00, 0x00,
    0x00, 0x00, 0x01, 0x00, 0x00, 0x00, 0x55, 0x55, 0x55, 0x55, 0x00, 0x00, 0x00, 0x00, 0x00, 0x00, 0x00, 0x00, 0x01,
    0x00, 0x00, 0x00, 0x55, 0x55, 0x55, 0x55, 0x00, 0x00, 0x00, 0x00, 0x00, 0x00, 0x00, 0x00, 0x01, 0x00, 0x00, 0x00,
    0x55, 0x55, 0x55, 0x55, 0x00, 0x00, 0x00, 0x00, 0x00, 0x00, 0x00, 0x00, 0x01, 0x00, 0x00, 0x00, 0x55, 0x55, 0x55,
    0x55, 0x00, 0x00, 0x00, 0x00, 0x00, 0x00, 0x00, 0x00, 0x01, 0x00, 0x00, 0x00, 0x55, 0x55, 0x55, 0x55, 0x00, 0x00,
    0x00, 0x00, 0x00, 0x00, 0x00, 0x00, 0x01, 0x00, 0x00, 0x00, 0x55, 0x55, 0x55, 0x55, 0x00, 0x00, 0x00, 0x00, 0x00,
    0x00, 0x00, 0x00, 0x01, 0x00, 0x00, 0x00, 0x55, 0x55, 0x55, 0x55, 0x00, 0x00, 0x00, 0x00, 0x00, 0x00, 0x00, 0xFF,
    0xDB, 0xDE, 0x00, 0x00, 0x55, 0x55, 0x55, 0x05, 0x00, 0x00, 0x00, 0x00, 0x00, 0x00, 0xFF, 0x03, 0xDB, 0xDE, 0x00,
    0x00, 0x55, 0x55, 0x55, 0x54, 0x00, 0x00, 0x00, 0x00, 0x00, 0x00, 0x30, 0xFF, 0xDB, 0xDE, 0x00, 0x00, 0x55, 0x55,
    0x55, 0x05, 0x00, 0x00, 0x00, 0x00, 0x00, 0x00, 0xFF, 0x00, 0xDB, 0xDE, 0x00, 0x00, 0x55, 0x55, 0x55, 0x54, 0x00,
    0x00, 0x00, 0x00, 0x00, 0x00, 0xF0, 0xFF, 0xDB, 0xDE, 0x00, 0x00, 0x55, 0x55, 0x55, 0xC1, 0x00, 0x00, 0x00, 0x00,
    0x00, 0x00, 0x07, 0x00, 0x01, 0x00, 0x00, 0x00, 0x55, 0x55, 0x55, 0x55, 0x00, 0x00, 0x00, 0x00, 0x00, 0x00, 0xF0,
    0xFF, 0xDB, 0xDE, 0x00, 0x00, 0x55, 0x55, 0x55, 0x41, 0x00, 0x00, 0x00, 0x00, 0x00, 0x00, 0x00, 0x00, 0x01, 0x00,
    0x00, 0x00, 0x55, 0x55, 0x55, 0x55, 0x00, 0x00, 0x00, 0x00, 0x00, 0x00, 0x60, 0xFD, 0x1C, 0xE7, 0x00, 0x00, 0x55,
    0x55, 0x55, 0x2D, 0x00, 0x00, 0x00, 0x00, 0x00, 0x00, 0xFF, 0x5D, 0x1C, 0xE7, 0x00, 0x00, 0x55, 0x55, 0x55, 0x78,
    0x00, 0x00, 0x00, 0x00, 0x00, 0x00, 0x00, 0x00, 0x01, 0x00, 0x00, 0x00, 0x55, 0x55, 0x55, 0x55, 0x00, 0x00, 0x00,
    0x00, 0x00, 0x00, 0xF0, 0xFF, 0xDB, 0xDE, 0x00, 0x00, 0x55, 0x55, 0x55, 0x01, 0x00, 0x00, 0x00, 0x00, 0x00, 0x00,
    0xFF, 0xFF, 0x59, 0xCE, 0x00, 0x00, 0x55, 0x55, 0x55, 0x00, 0x00, 0x00, 0x00, 0x00, 0x00, 0x00, 0x6D, 0x00, 0x0C,
    0x63, 0x00, 0x00, 0x55, 0x55, 0x55, 0x54, 0x00, 0x00, 0x00, 0x00, 0x00, 0x00, 0x00, 0x00, 0x01, 0x00, 0x00, 0x00,
    0x55, 0x55, 0x55, 0x55, 0x00, 0x00, 0x00, 0x00, 0x00, 0x00, 0xD5, 0xFF, 0xDB, 0xDE, 0x00, 0x00, 0x55, 0x55, 0x55,
    0x0B, 0x00, 0x00, 0x00, 0x00, 0x00, 0x00, 0xDF, 0x06, 0x55, 0xAD, 0x00, 0x00, 0x55, 0x55, 0x55, 0x58, 0x00, 0x00,
    0x00, 0x00, 0x00, 0x00, 0x00, 0x00, 0x01, 0x00, 0x00, 0x00, 0x55, 0x55, 0x55, 0x55, 0x00, 0x00, 0x00, 0x00, 0x00,
    0x00, 0xFF, 0xFF, 0xDB, 0xDE, 0x00, 0x00, 0x55, 0x55, 0x55, 0x00, 0x00, 0x00, 0x00, 0x00, 0x00, 0x00, 0xFF, 0xFF,
    0x59, 0xCE, 0x00, 0x00, 0x55, 0x55, 0x55, 0x00, 0x00, 0x00, 0x00, 0x00, 0x00, 0x00, 0x6D, 0x00, 0x0C, 0x63, 0x00,
    0x00, 0x55, 0x55, 0x55, 0x54, 0x00, 0x00, 0x00, 0x00, 0x00, 0x00, 0x00, 0x00, 0x01, 0x00, 0x00, 0x00, 0x55, 0x55,
    0x55, 0x55, 0x00, 0x00, 0x00, 0x00, 0x00, 0x00, 0xC5, 0xFF, 0xDB, 0xDE, 0x00, 0x00, 0x55, 0x55, 0x55, 0x0B, 0x00,
    0x00, 0x00, 0x00, 0x00, 0x00, 0xFF, 0x3B, 0x18, 0xC6, 0x00, 0x00, 0x55, 0x55, 0x55, 0x78, 0x00, 0x00, 0x00, 0x00,
    0x00, 0x00, 0x00, 0x00, 0x01, 0x00, 0x00, 0x00, 0x55, 0x55, 0x55, 0x55, 0x00, 0x00, 0x00, 0x00, 0x00, 0x00, 0xFF,
    0xFF, 0xDB, 0xDE, 0x00, 0x00, 0x55, 0x55, 0x55, 0x00, 0x00, 0x00, 0x00, 0x00, 0x00, 0x00, 0xFF, 0xFF, 0xDB, 0xDE,
    0x00, 0x00, 0x55, 0x55, 0x55, 0x00, 0x00, 0x00, 0x00, 0x00, 0x00, 0x00, 0xFF, 0x0F, 0xDB, 0xDE, 0x00, 0x00, 0x55,
    0x55, 0x55, 0x50, 0x00, 0x00, 0x00, 0x00, 0x00, 0x00, 0x00, 0xFF, 0xDB, 0xDE, 0x00, 0x00, 0x55, 0x55, 0x55, 0x05,
    0x00, 0x00, 0x00, 0x00, 0x00, 0x00, 0x0F, 0x00, 0x01, 0x00, 0x00, 0x00, 0x55, 0x55, 0x55, 0x55, 0x00, 0x00, 0x00,
    0x00, 0x00, 0x00, 0x00, 0xFF, 0xDB, 0xDE, 0x00, 0x00, 0x55, 0x55, 0x55, 0x05, 0x00, 0x00, 0x00, 0x00, 0x00, 0x00,
    0x0F, 0x00, 0x01, 0x00, 0x00, 0x00, 0x55, 0x55, 0x55, 0x55, 0x00, 0x00, 0x00, 0x00, 0x00, 0x00, 0xE1, 0xFF, 0x59,
    0xCE, 0x00, 0x00, 0x55, 0x55, 0x55, 0x41, 0x00, 0x00, 0x00, 0x00, 0x00, 0x00, 0x02, 0x00, 0x01, 0x00, 0x00, 0x00,
    0x55, 0x55, 0x55, 0x55, 0x00, 0x00, 0x00, 0x00, 0x00, 0x00, 0x20, 0xFF, 0x59, 0xCE, 0x00, 0x00, 0x55, 0x55, 0x55,
    0x05, 0x00, 0x00, 0x00, 0x00, 0x00, 0x00, 0x1E, 0x00, 0x41, 0x08, 0x00, 0x00, 0x55, 0x55, 0x55, 0x57, 0x00, 0x00,
    0x00, 0x00, 0x00, 0x00, 0xD0, 0xFF, 0x18, 0xC6, 0x00, 0x00, 0x55, 0x55, 0x55, 0xC1, 0x00, 0x00, 0x00, 0x00, 0x00,
    0x00, 0x04, 0xE0, 0x59, 0xCE, 0x00, 0x00, 0x55, 0x55, 0x55, 0x15, 0x00, 0x00, 0x00, 0x00, 0x00, 0x00, 0xFF, 0x0E,
    0x9A, 0xD6, 0x00, 0x00, 0x55, 0x55, 0x55, 0x50, 0x00, 0x00, 0x00, 0x00, 0x00, 0x00, 0x40, 0xFF, 0x18, 0xC6, 0x00,
    0x00, 0x55, 0x55, 0x55, 0x0D, 0x00, 0x00, 0x00, 0x00, 0x00, 0x00, 0x0D, 0x00, 0x01, 0x00, 0x00, 0x00, 0x55, 0x55,
    0x55, 0x55, 0x00, 0x00, 0x00, 0x00, 0x00, 0x00, 0xF3, 0xEF, 0x59, 0xCE, 0x00, 0x00, 0x55, 0x55, 0x55, 0x43, 0x00,
    0x00, 0x00, 0x00, 0x00, 0x00, 0x02, 0x20, 0xC3, 0x18, 0x00, 0x00, 0x55, 0x55, 0x55, 0x15, 0x00, 0x00, 0x00, 0x00,
    0x00, 0x00, 0xFE, 0x3F, 0x59, 0xCE, 0x00, 0x00, 0x55, 0x55, 0x55, 0x70, 0x00, 0x00, 0x00, 0x00, 0x00, 0x00, 0x00,
    0x30, 0x45, 0x29, 0x00, 0x00, 0x55, 0x55, 0x55, 0x15, 0x00, 0x00, 0x00, 0x00, 0x00, 0x00, 0xFF, 0x2E, 0x9A, 0xD6,
    0x00, 0x00, 0x55, 0x55, 0x55, 0x50, 0x00, 0x00, 0x00, 0x00, 0x00, 0x00, 0x00, 0x20, 0x82, 0x10, 0x00, 0x00, 0x55,
    0x55, 0x55, 0x15, 0x00, 0x00, 0x00, 0x00, 0x00, 0x00, 0xFE, 0x3F, 0x59, 0xCE, 0x00, 0x00, 0x55, 0x55, 0x55, 0x70,
    0x00, 0x00, 0x00, 0x00, 0x00, 0x00, 0x00, 0x00, 0x01, 0x00, 0x00, 0x00, 0x55, 0x55, 0x55, 0x55, 0x00, 0x00, 0x00,
    0x00, 0x00, 0x00, 0xFF, 0xFF, 0xDB, 0xDE, 0x00, 0x00, 0x55, 0x55, 0x55, 0x00, 0x00, 0x00, 0x00, 0x00, 0x00, 0x00,
    0xFF, 0xFF, 0xDB, 0xDE, 0x00, 0x00, 0x55, 0x55, 0x55, 0x00, 0x00, 0x00, 0x00, 0x00, 0x00, 0x00, 0x0F, 0x00, 0x01,
    0x00, 0x00, 0x00, 0x55, 0x55, 0x55, 0x55, 0x00, 0x00, 0x00, 0x00, 0x00, 0x00, 0xFF, 0xFF, 0xDB, 0xDE, 0x00, 0x00,
    0x55, 0x55, 0x55, 0x00, 0x00, 0x00, 0x00, 0x00, 0x00, 0x00, 0x0F, 0x00, 0x01, 0x00, 0x00, 0x00, 0x55, 0x55, 0x55,
    0x55, 0x00, 0x00, 0x00, 0x00, 0x00, 0x00, 0xFE, 0x2F, 0x9A, 0xD6, 0x00, 0x00, 0x55, 0x55, 0x55, 0x50, 0x00, 0x00,
    0x00, 0x00, 0x00, 0x00, 0x00, 0x00, 0x01, 0x00, 0x00, 0x00, 0x55, 0x55, 0x55, 0x55, 0x00, 0x00, 0x00, 0x00, 0x00,
    0x00, 0xFF, 0xFF, 0xDB, 0xDE, 0x00, 0x00, 0x55, 0x55, 0x55, 0x00, 0x00, 0x00, 0x00, 0x00, 0x00, 0x00, 0x0F, 0x00,
    0x01, 0x00, 0x00, 0x00, 0x55, 0x55, 0x55, 0x55, 0x00, 0x00, 0x00, 0x00, 0x00, 0x00, 0x00, 0xF3, 0x9A, 0xD6, 0x00,
    0x00, 0x55, 0x55, 0x55, 0x15, 0x00, 0x00, 0x00, 0x00, 0x00, 0x00, 0xFF, 0x04, 0x9A, 0xD6, 0x00, 0x00, 0x55, 0x55,
    0x55, 0x5C, 0x00, 0x00, 0x00, 0x00, 0x00, 0x00, 0x00, 0x00, 0x01, 0x00, 0x00, 0x00, 0x55, 0x55, 0x55, 0x55, 0x00,
    0x00, 0x00, 0x00, 0x00, 0x00, 0x00, 0x00, 0x01, 0x00, 0x00, 0x00, 0x55, 0x55, 0x55, 0x55, 0x00, 0x00, 0x00, 0x00,
    0x00, 0x00, 0x00, 0x00, 0x01, 0x00, 0x00, 0x00, 0x55, 0x55, 0x55, 0x55, 0x00, 0x00, 0x00, 0x00, 0x00, 0x00, 0x00,
    0x00, 0x01, 0x00, 0x00, 0x00, 0x55, 0x55, 0x55, 0x55, 0x00, 0xFF, 0x00, 0xFF, 0x00, 0xFF, 0x00, 0xFF, 0xDB, 0xDE,
    0x00, 0x00, 0x05, 0x05, 0x05, 0x05, 0xFF, 0x08, 0xFF, 0x0D, 0xFF, 0x2F, 0xFF, 0x7F, 0xDB, 0xDE, 0x41, 0x08, 0x5C,
    0x58, 0x52, 0x73, 0x80, 0xFF, 0xD0, 0xFF, 0xF2, 0xFF, 0xF7, 0xFF, 0xDB, 0xDE, 0x82, 0x10, 0x0D, 0x09, 0x21, 0x33,
    0xFF, 0x00, 0xFF, 0x00, 0xFF, 0x00, 0xFF, 0x00, 0xDB, 0xDE, 0x00, 0x00, 0x54, 0x54, 0x54, 0x54, 0xF0, 0xFF, 0xF0,
    0xFF, 0xF0, 0xFF, 0xF0, 0xFF, 0xDB, 0xDE, 0x00, 0x00, 0x01, 0x01, 0x81, 0x41, 0x2F, 0x00, 0xBF, 0x00, 0xFF, 0x05,
    0xFF, 0x2E, 0x9A, 0xD6, 0x41, 0x08, 0x55, 0x56, 0x5C, 0x50, 0xF0, 0xFF, 0xF0, 0xFF, 0xF0, 0xFF, 0xF0, 0xFF, 0xDB,
    0xDE, 0x00, 0x00, 0x41, 0x41, 0x41, 0x41, 0x00, 0x00, 0x00, 0x40, 0x00, 0xB0, 0x00, 0xE0, 0x18, 0xC6, 0x00, 0x00,
    0x55, 0xD5, 0x95, 0x15, 0xF8, 0xFF, 0xFF, 0xFF, 0xFF, 0x7F, 0xFF, 0x09, 0xDB, 0xDE, 0x41, 0x08, 0x02, 0x70, 0x5C,
    0x54, 0xFF, 0xFF, 0xFF, 0xFF, 0x72, 0xFF, 0x00, 0xF8, 0x9A, 0xD6, 0x41, 0x08, 0x80, 0x0D, 0x35, 0x15, 0x08, 0x00,
    0x4F, 0x00, 0xBF, 0x00, 0xEF, 0x00, 0x18, 0xC6, 0x00, 0x00, 0x55, 0x57, 0x56, 0x54, 0xF0, 0xFF, 0xF0, 0xFF, 0xF0,
    0xFF, 0xF0, 0xFF, 0xDB, 0xDE, 0x00, 0x00, 0x01, 0x41, 0x41, 0x41, 0xFF, 0xFF, 0xFF, 0xFF, 0x00, 0x92, 0x00, 0xA2,
    0xDB, 0xDE, 0x00, 0x00, 0x00, 0x95, 0x55, 0x95, 0xFF, 0x07, 0xFF, 0x0E, 0xFF, 0x0F, 0xFF, 0x0F, 0x9A, 0xD6, 0x00,
    0x00, 0x5C, 0x50, 0x50, 0x50, 0x00, 0x80, 0x00, 0xF4, 0x00, 0xFB, 0x00, 0xFE, 0x9A, 0xD6, 0x00, 0x00, 0x95, 0x35,
    0x25, 0x05, 0xFF, 0xFF, 0xFF, 0xFF, 0xFF, 0x26, 0x8F, 0x00, 0xDB, 0xDE, 0x41, 0x08, 0x00, 0x5C, 0x57, 0x55, 0xFF,
    0x8F, 0xFF, 0xFF, 0xF6, 0xFF, 0x80, 0xFF, 0x9A, 0xD6, 0x41, 0x08, 0x60, 0xC3, 0x8D, 0x05, 0x00, 0x00, 0x04, 0x00,
    0x0B, 0x00, 0x0E, 0x00, 0x01, 0x00, 0x00, 0x00, 0x55, 0x55, 0x55, 0x55, 0xFF, 0xFF, 0xFF, 0xFF, 0xFF, 0x0F, 0xFF,
    0x0F, 0xDB, 0xDE, 0x00, 0x00, 0x00, 0x50, 0x50, 0x50, 0xFF, 0xFF, 0xFF, 0xFF, 0x00, 0xA2, 0x00, 0xA3, 0x9A, 0xD6,
    0x41, 0x08, 0x00, 0x95, 0x55, 0x95, 0xFF, 0x07, 0xFF, 0x0E, 0xFF, 0x0F, 0xFF, 0x0F, 0x9A, 0xD6, 0x00, 0x00, 0x5C,
    0x50, 0x50, 0x50, 0x00, 0x60, 0x00, 0xE0, 0x00, 0xF0, 0x00, 0xF0, 0x9A, 0xD6, 0x00, 0x00, 0xD5, 0x15, 0x15, 0x95,
    0xFF, 0xFF, 0xFF, 0xFF, 0xFF, 0x2A, 0xFF, 0xCF, 0xDB, 0xDE, 0x82, 0x10, 0x00, 0x5C, 0x54, 0xE0, 0xFF, 0xFF, 0xFF,
    0xFF, 0xC3, 0xFF, 0x35, 0xFF, 0xDB, 0xDE, 0x82, 0x10, 0x40, 0x89, 0x05, 0x55, 0x03, 0x00, 0x0C, 0x00, 0x0F, 0x00,
    0x0E, 0x00, 0x01, 0x00, 0x00, 0x00, 0x55, 0x55, 0x55, 0x55, 0xFF, 0xFF, 0xFF, 0xFF, 0x00, 0x00, 0x00, 0x00, 0xDB,
    0xDE, 0x00, 0x00, 0x00, 0x55, 0x55, 0x55, 0xFF, 0xFF, 0xFF, 0xFF, 0xFF, 0x0F, 0xFF, 0x0F, 0xDB, 0xDE, 0x00, 0x00,
    0x00, 0x50, 0x50, 0x50, 0xFF, 0x0F, 0xFF, 0x0F, 0x00, 0x00, 0x00, 0x00, 0xDB, 0xDE, 0x00, 0x00, 0x50, 0x55, 0x55,
    0x55, 0x00, 0xFF, 0x00, 0xFF, 0x00, 0xFF, 0x00, 0xFF, 0xDB, 0xDE, 0x00, 0x00, 0x05, 0x05, 0x05, 0x05, 0x0F, 0x00,
    0x0F, 0x00, 0x0F, 0x00, 0x0F, 0x00, 0x01, 0x00, 0x00, 0x00, 0x55, 0x55, 0x55, 0x55, 0x00, 0xFF, 0x00, 0xFF, 0x00,
    0xFF, 0x00, 0xFF, 0xDB, 0xDE, 0x00, 0x00, 0x05, 0x05, 0x05, 0x05, 0x0F, 0x00, 0x0F, 0x00, 0x0F, 0x00, 0x0F, 0x00,
    0x01, 0x00, 0x00, 0x00, 0x55, 0x55, 0x55, 0x55, 0xE1, 0xFF, 0x90, 0xFF, 0x30, 0xFF, 0x00, 0xFD, 0x9A, 0xD6, 0x41,
    0x08, 0xC9, 0x05, 0x25, 0x35, 0x07, 0x00, 0x0E, 0x00, 0x4F, 0x00, 0xBF, 0x00, 0x92, 0x94, 0x00, 0x00, 0x55, 0x55,
    0x57, 0x54, 0x70, 0xFF, 0xE0, 0xFF, 0xF4, 0xFF, 0xFB, 0xDF, 0x9A, 0xD6, 0x41, 0x08, 0x8D, 0x41, 0x63, 0x72, 0x1E,
    0x00, 0x09, 0x00, 0x03, 0x00, 0x00, 0x00, 0x01, 0x00, 0x00, 0x00, 0x55, 0x55, 0x55, 0x55, 0xE0, 0xFF, 0xA0, 0xFF,
    0x40, 0xFF, 0x10, 0xFF, 0x9A, 0xD6, 0x00, 0x00, 0x89, 0x8D, 0x05, 0x25, 0x09, 0xF3, 0x0D, 0xF7, 0x2F, 0xFB, 0x7F,
    0xFD, 0xDB, 0xDE, 0x41, 0x08, 0x15, 0x35, 0x25, 0x27, 0xFF, 0x3F, 0xFF, 0x7F, 0xFF, 0xBF, 0xFF, 0xDF, 0x9A, 0xD6,
    0x41, 0x08, 0x50, 0x70, 0x60, 0x63, 0x90, 0xFF, 0xD0, 0xFF, 0xF2, 0xFF, 0xF7, 0xFF, 0xDB, 0xDE, 0x41, 0x08, 0x8D,
    0xC9, 0x41, 0x63, 0x0E, 0x00, 0x0A, 0x00, 0x05, 0x00, 0x01, 0x00, 0x01, 0x00, 0x00, 0x00, 0x55, 0x55, 0x55, 0x55,
    0xF3, 0xFF, 0x80, 0xFF, 0x10, 0xFD, 0x00, 0xF4, 0x59, 0xCE, 0x00, 0x00, 0x89, 0x05, 0x35, 0x95, 0x0B, 0xB0, 0x6F,
    0xF5, 0xEF, 0xFE, 0xFF, 0xFF, 0x9A, 0xD6, 0x41, 0x08, 0x95, 0x37, 0x04, 0x80, 0xFF, 0x3F, 0xFF, 0x08, 0xDF, 0x01,
    0x4F, 0x00, 0x18, 0xC6, 0x00, 0x00, 0x58, 0x54, 0x57, 0x55, 0x00, 0x30, 0x00, 0x00, 0x00, 0x00, 0x00, 0x00, 0x01,
    0x00, 0x00, 0x00, 0x55, 0x55, 0x55, 0x55, 0xFF, 0xAF, 0xF8, 0xFF, 0xD1, 0xFF, 0x40, 0xFF, 0x59, 0xCE, 0x00, 0x00,
    0x62, 0xC1, 0x0D, 0x25, 0x00, 0xA0, 0x04, 0xF4, 0x1D, 0xFD, 0xBF, 0xFF, 0x18, 0xC6, 0x00, 0x00, 0x95, 0x35, 0x05,
    0x8A, 0xFF, 0x3F, 0xFF, 0x08, 0xDF, 0x01, 0x4F, 0x00, 0x18, 0xC6, 0x00, 0x00, 0x58, 0x54, 0x57, 0x55, 0x00, 0x00,
    0x00, 0x00, 0x00, 0x00, 0x00, 0x00, 0x01, 0x00, 0x00, 0x00, 0x55, 0x55, 0x55, 0x55, 0xFF, 0xFF, 0xFF, 0xFF, 0x00,
    0x20, 0x00, 0xB0, 0xDB, 0xDE, 0x00, 0x00, 0x00, 0x55, 0x55, 0x95, 0xFF, 0xFF, 0xFF, 0xFF, 0xFE, 0xEF, 0xFF, 0x5F,
    0x9A, 0xD6, 0x41, 0x08, 0x80, 0x43, 0x70, 0x58, 0x0F, 0x00, 0x0A, 0x00, 0x02, 0x00, 0x00, 0x00, 0x01, 0x00, 0x00,
    0x00, 0x55, 0x55, 0x55, 0x55, 0xFF, 0xFF, 0xFF, 0xFF, 0xFF, 0x0F, 0xFF, 0x0F, 0xDB, 0xDE, 0x00, 0x00, 0x00, 0x50,
    0x50, 0x50, 0x0F, 0x00, 0x0F, 0x00, 0x00, 0x00, 0x00, 0x00, 0x01, 0x00, 0x00, 0x00, 0x55, 0x55, 0x55, 0x55, 0xFF,
    0x5F, 0xFE, 0x8F, 0xFC, 0xBF, 0xF9, 0xDF, 0xDB, 0xDE, 0x00, 0x00, 0x72, 0x72, 0x63, 0x63, 0x00, 0x00, 0x00, 0x00,
    0x00, 0x00, 0x00, 0x00, 0x01, 0x00, 0x00, 0x00, 0x55, 0x55, 0x55, 0x55, 0xFF, 0xFF, 0xFF, 0xFF, 0x00, 0xFF, 0x00,
    0xFF, 0xDB, 0xDE, 0x00, 0x00, 0x00, 0x05, 0x05, 0x05, 0x0F, 0x00, 0x0F, 0x00, 0x0F, 0x00, 0x0F, 0x00, 0x01, 0x00,
    0x00, 0x00, 0x55, 0x55, 0x55, 0x55, 0x00, 0xFB, 0x30, 0xFF, 0xB0, 0xFF, 0xF4, 0xFF, 0x59, 0xCE, 0x00, 0x00, 0x25,
    0x0D, 0xC9, 0x43, 0xFF, 0x0C, 0xFF, 0x4F, 0xFF, 0xCF, 0xF9, 0xFF, 0xDB, 0xDE, 0x00, 0x00, 0x58, 0x70, 0x63, 0xC9,
    0x00, 0x00, 0x00, 0x00, 0x00, 0x00, 0x04, 0x00, 0x01, 0x00, 0x00, 0x00, 0x55, 0x55, 0x55, 0x55, 0x00, 0x00, 0x00,
    0x00, 0x00, 0x00, 0x00, 0x00, 0x01, 0x00, 0x00, 0x00, 0x55, 0x55, 0x55, 0x55, 0x00, 0x00, 0x00, 0x00, 0x00, 0x00,
    0x00, 0x00, 0x01, 0x00, 0x00, 0x00, 0x55, 0x55, 0x55, 0x55, 0x00, 0x00, 0x00, 0x00, 0x00, 0x00, 0x00, 0x00, 0x01,
    0x00, 0x00, 0x00, 0x55, 0x55, 0x55, 0x55, 0x00, 0xFF, 0x00, 0xFF, 0x00, 0xFF, 0x00, 0xFF, 0xDB, 0xDE, 0x00, 0x00,
    0x05, 0x05, 0x05, 0x05, 0xFF, 0xCF, 0xFF, 0xFF, 0xEF, 0xFF, 0xBF, 0xFF, 0x9A, 0xD6, 0x41, 0x08, 0x61, 0x41, 0x89,
    0x0D, 0xFC, 0xFF, 0xFF, 0xFF, 0xFF, 0xFE, 0xFF, 0xFB, 0x9A, 0xD6, 0x41, 0x08, 0x12, 0x10, 0x18, 0x1C, 0xFF, 0x00,
    0xFF, 0x00, 0xFF, 0x00, 0xFF, 0x00, 0xDB, 0xDE, 0x00, 0x00, 0x54, 0x54, 0x54, 0x54, 0xF0, 0xFF, 0xF0, 0xFF, 0xF0,
    0xFF, 0xF0, 0xFF, 0xDB, 0xDE, 0x00, 0x00, 0x41, 0x41, 0x41, 0x41, 0xFE, 0xAF, 0xF5, 0xFF, 0xB0, 0xFF, 0x20, 0xFE,
    0x9A, 0xD6, 0x00, 0x00, 0x63, 0xC9, 0x05, 0x35, 0xF0, 0xFF, 0xF4, 0xFF, 0xFE, 0xFF, 0xFF, 0xFF, 0xDB, 0xDE, 0x00,
    0x00, 0x41, 0x41, 0x41, 0x42, 0x00, 0xF0, 0x00, 0xF0, 0x00, 0xF0, 0x00, 0xF0, 0x9A, 0xD6, 0x00, 0x00, 0x15, 0x15,
    0x15, 0x95, 0xFF, 0x03, 0xFF, 0x00, 0xFF, 0x02, 0xFF, 0x08, 0xDB, 0xDE, 0x00, 0x00, 0x54, 0x54, 0x54, 0x5C, 0x00,
    0xF3, 0x00, 0xF0, 0x00, 0xF2, 0x00, 0xF8, 0xDB, 0xDE, 0x00, 0x00, 0x15, 0x15, 0x15, 0x35, 0xFF, 0x00, 0xFF, 0x00,
    0xFF, 0x00, 0xEF, 0x00, 0x9A, 0xD6, 0x00, 0x00, 0x54, 0x54, 0x54, 0x56, 0xF0, 0xFF, 0xF0, 0xFF, 0xF0, 0xFF, 0xF0,
    0xFF, 0xDB, 0xDE, 0x00, 0x00, 0x01, 0x01, 0x41, 0x41, 0xFF, 0xFF, 0xFF, 0xFF, 0xFF, 0xFF, 0x00, 0x00, 0xDB, 0xDE,
    0x00, 0x00, 0x00, 0x80, 0x55, 0x55, 0xFF, 0x0E, 0xFF, 0x05, 0x5C, 0x00, 0x00, 0x00, 0xDB, 0xDE, 0x00, 0x00, 0x5C,
    0x57, 0x55, 0x55, 0x00, 0xFF, 0x00, 0xFF, 0x00, 0xFF, 0x00, 0xFE, 0x9A, 0xD6, 0x00, 0x00, 0x05, 0x05, 0x05, 0x25,
    0x2F, 0x00, 0x0F, 0x00, 0x2F, 0x00, 0x8F, 0xDA, 0x92, 0x94, 0x00, 0x00, 0x55, 0x55, 0x55, 0x06, 0x20, 0xFF, 0x00,
    0xFF, 0x00, 0xFF, 0x7A, 0xFF, 0xDB, 0xDE, 0x41, 0x08, 0x05, 0x05, 0x05, 0x8D, 0x0F, 0x00, 0x0F, 0x00, 0x0F, 0x00,
    0x0F, 0x00, 0x01, 0x00, 0x00, 0x00, 0x55, 0x55, 0x55, 0x55, 0xFF, 0xFF, 0xFF, 0xFF, 0xFF, 0xFF, 0xFF, 0x1F, 0xDB,
    0xDE, 0x00, 0x00, 0x00, 0x00, 0x50, 0x50, 0xFF, 0xFF, 0xFF, 0xFF, 0xFF, 0xFF, 0xF6, 0xFF, 0x9A, 0xD6, 0x00, 0x00,
    0x00, 0x80, 0x03, 0x0D, 0xFF, 0x0D, 0xFF, 0x04, 0x4E, 0x00, 0xBF, 0x00, 0x9A, 0xD6, 0x00, 0x00, 0x5C, 0x55, 0x55,
    0x56, 0x00, 0xB0, 0x00, 0x20, 0x00, 0x00, 0x00, 0xE0, 0x59, 0xCE, 0x00, 0x00, 0x55, 0x55, 0x55, 0x15, 0xFF, 0xFF,
    0xFD, 0xFF, 0x51, 0xFC, 0xFF, 0x23, 0xDB, 0xDE, 0x41, 0x08, 0x02, 0x2D, 0x55, 0x54, 0xFF, 0x3A, 0xFF, 0xFF, 0xFF,
    0xFF, 0xC5, 0xFF, 0x9A, 0xD6, 0x41, 0x08, 0x58, 0xC0, 0x0B, 0x05, 0x00, 0x00, 0x04, 0x00, 0x0D, 0x00, 0x0F, 0x00,
    0x01, 0x00, 0x00, 0x00, 0x55, 0x55, 0x55, 0x55, 0x00, 0x00, 0x00, 0x00, 0x00, 0x00, 0x00, 0x00, 0x01, 0x00, 0x00,
    0x00, 0x55, 0x55, 0x55, 0x55, 0xFF, 0x0F, 0xFF, 0x0F, 0xFF, 0x0F, 0xFF, 0x0F, 0xDB, 0xDE, 0x00, 0x00, 0x50, 0x50,
    0x50, 0x50, 0x00, 0x00, 0x00, 0x00, 0x00, 0x00, 0x00, 0x00, 0x01, 0x00, 0x00, 0x00, 0x55, 0x55, 0x55, 0x55, 0x00,
    0xFF, 0x00, 0xFF, 0x00, 0xFF, 0x00, 0xFF, 0x9A, 0xD6, 0x00, 0x00, 0x05, 0x05, 0x05, 0x05, 0x0F, 0x00, 0x0F, 0x00,
    0x0F, 0x00, 0x3F, 0x00, 0x04, 0x21, 0x00, 0x00, 0x55, 0x55, 0x55, 0x54, 0x00, 0xFF, 0x00, 0xFF, 0x00, 0xFF, 0x30,
    0xFF, 0x9A, 0xD6, 0x00, 0x00, 0x05, 0x05, 0x05, 0x05, 0x0F, 0x00, 0x0F, 0x00, 0x0F, 0x00, 0x0F, 0x00, 0x01, 0x00,
    0x00, 0x00, 0x55, 0x55, 0x55, 0x55, 0x00, 0xF6, 0x00, 0xF1, 0x00, 0xA0, 0x00, 0x30, 0x18, 0xC6, 0x00, 0x00, 0x15,
    0x95, 0xD5, 0x55, 0xFF, 0x22, 0xFF, 0x88, 0xFF, 0xEE, 0xFF, 0xFF, 0x9A, 0xD6, 0x82, 0x10, 0x54, 0xDC, 0x10, 0x22,
    0xFF, 0x6F, 0xFF, 0x1F, 0xFF, 0x0A, 0xFF, 0x04, 0x59, 0xCE, 0x00, 0x00, 0x50, 0x58, 0x5C, 0x54, 0x00, 0x00, 0x00,
    0x00, 0x00, 0x00, 0x00, 0x00, 0x01, 0x00, 0x00, 0x00, 0x55, 0x55, 0x55, 0x55, 0x00, 0xFC, 0x00, 0xF7, 0x00, 0xF2,
    0x00, 0xD0, 0x1C, 0xE7, 0x00, 0x00, 0x35, 0x15, 0x95, 0xD5, 0xCF, 0xFF, 0xFF, 0xFF, 0xFF, 0xFF, 0xFF, 0xFF, 0x9A,
    0xD6, 0xC3, 0x18, 0x06, 0x84, 0x88, 0xC0, 0xFF, 0xFF, 0xFF, 0xFF, 0xEE, 0xFF, 0xCB, 0xFF, 0x9A, 0xD6, 0x41, 0x08,
    0x41, 0x41, 0x89, 0x0D, 0xFC, 0xCF, 0xFF, 0x7F, 0xFF, 0x2F, 0xFF, 0x0E, 0x59, 0xCE, 0x00, 0x00, 0x72, 0x50, 0x50,
    0x58, 0x00, 0x00, 0x00, 0x00, 0x00, 0x00, 0x00, 0x00, 0x01, 0x00, 0x00, 0x00, 0x55, 0x55, 0x55, 0x55, 0x00, 0x90,
    0x00, 0x20, 0x00, 0x90, 0x00, 0xF4, 0x59, 0xCE, 0x00, 0x00, 0x55, 0x55, 0x95, 0x35, 0xFF, 0xFF, 0xFF, 0xFF, 0xFF,
    0xFF, 0xFF, 0xFF, 0x59, 0xCE, 0x82, 0x10, 0x40, 0x40, 0x80, 0x04, 0x09, 0x00, 0x03, 0x00, 0x09, 0x00, 0x4F, 0x00,
    0xC7, 0x39, 0x00, 0x00, 0x55, 0x55, 0x55, 0x54, 0x00, 0x00, 0x00, 0x00, 0x00, 0x00, 0x00, 0x00, 0x01, 0x00, 0x00,
    0x00, 0x55, 0x55, 0x55, 0x55, 0x00, 0xF9, 0x00, 0xE2, 0x00, 0x50, 0x00, 0x00, 0x18, 0xC6, 0x00, 0x00, 0x15, 0xD5,
    0x55, 0x55, 0xFF, 0xFF, 0xFF, 0xEF, 0xFF, 0x5F, 0xFF, 0x0F, 0x9A, 0xD6, 0x00, 0x00, 0x40, 0x70, 0x50, 0x50, 0x09,
    0x00, 0x02, 0x00, 0x00, 0x00, 0x00, 0x00, 0x01, 0x00, 0x00, 0x00, 0x55, 0x55, 0x55, 0x55, 0x00, 0x00, 0x00, 0x00,
    0x00, 0x00, 0x00, 0x00, 0x01, 0x00, 0x00, 0x00, 0x55, 0x55, 0x55, 0x55, 0x00, 0xF6, 0x20, 0xFE, 0xB0, 0xFF, 0xF5,
    0xFF, 0x9A, 0xD6, 0x41, 0x08, 0x35, 0x05, 0x89, 0x43, 0xFF, 0x0B, 0xEF, 0x02, 0x6F, 0x00, 0x0B, 0x00, 0x59, 0xCE,
    0x00, 0x00, 0x54, 0x57, 0x55, 0x55, 0x00, 0x00, 0x00, 0x00, 0x00, 0x00, 0x00, 0x00, 0x01, 0x00, 0x00, 0x00, 0x55,
    0x55, 0x55, 0x55, 0xFF, 0x0F, 0xFF, 0x0F, 0xFF, 0x0F, 0xFF, 0x0F, 0xDB, 0xDE, 0x00, 0x00, 0x50, 0x50, 0x50, 0x50,
    0x00, 0x00, 0x00, 0x00, 0x00, 0x00, 0x00, 0x00, 0x01, 0x00, 0x00, 0x00, 0x55, 0x55, 0x55, 0x55, 0xF6, 0xFF, 0xF2,
    0xFF, 0xF0, 0xFF, 0xE0, 0xFF, 0x9A, 0xD6, 0x41, 0x08, 0x41, 0x41, 0xC9, 0xC9, 0x00, 0x00, 0x02, 0x00, 0x05, 0x00,
    0x08, 0x00, 0x01, 0x00, 0x00, 0x00, 0x55, 0x55, 0x55, 0x55, 0x00, 0xFF, 0x00, 0xFF, 0x00, 0xFF, 0x00, 0xFF, 0xDB,
    0xDE, 0x00, 0x00, 0x05, 0x05, 0x05, 0x05, 0x0F, 0x00, 0x0F, 0x00, 0x0F, 0x00, 0x0F, 0x00, 0x01, 0x00, 0x00, 0x00,
    0x55, 0x55, 0x55, 0x55, 0xFC, 0xDF, 0xFB, 0x4F, 0x00, 0x00, 0x00, 0x00, 0xDB, 0xDE, 0x00, 0x00, 0x72, 0x55, 0x55,
    0x55, 0xD0, 0xFF, 0x40, 0xFF, 0x00, 0x00, 0x00, 0x00, 0xDB, 0xDE, 0x00, 0x00, 0x8D, 0x55, 0x55, 0x55, 0x0C, 0x00,
    0x0B, 0x00, 0x00, 0x00, 0x00, 0x00, 0x01, 0x00, 0x00, 0x00, 0x55, 0x55, 0x55, 0x55, 0x00, 0x00, 0x00, 0x00, 0x00,
    0x00, 0x00, 0x00, 0x01, 0x00, 0x00, 0x00, 0x55, 0x55, 0x55, 0x55, 0x00, 0x00, 0x00, 0x00, 0x00, 0x00, 0x00, 0x00,
    0x01, 0x00, 0x00, 0x00, 0x55, 0x55, 0x55, 0x55, 0x00, 0x00, 0x00, 0x00, 0x00, 0x00, 0x00, 0x00, 0x01, 0x00, 0x00,
    0x00, 0x55, 0x55, 0x55, 0x55, 0x00, 0xFF, 0x00, 0xFF, 0x00, 0xFF, 0x00, 0xFF, 0xDB, 0xDE, 0x00, 0x00, 0x05, 0x05,
    0x05, 0x55, 0x5F, 0xFF, 0x2F, 0xFF, 0x0F, 0xFD, 0x0F, 0xF7, 0xDB, 0xDE, 0x00, 0x00, 0x05, 0x25, 0x35, 0x55, 0xFF,
    0xF5, 0xFF, 0xF2, 0xDF, 0xF0, 0x7F, 0xF0, 0xDB, 0xDE, 0x00, 0x00, 0x14, 0x16, 0x17, 0x55, 0xFF, 0x00, 0xFF, 0x00,
    0xFF, 0x00, 0xFF, 0x00, 0xDB, 0xDE, 0x00, 0x00, 0x54, 0x54, 0x54, 0x55, 0xF0, 0xFF, 0xF0, 0xFF, 0xF0, 0xFF, 0xF0,
    0xFF, 0xDB, 0xDE, 0x00, 0x00, 0x41, 0x41, 0x41, 0x55, 0x00, 0xF6, 0x00, 0xB0, 0x00, 0x20, 0x00, 0x00, 0x92, 0x94,
    0x00, 0x00, 0x15, 0xD5, 0x55, 0x55, 0xFF, 0xFF, 0xFF, 0xFF, 0xFF, 0xFF, 0xF6, 0xFF, 0xDB, 0xDE, 0x00, 0x00, 0x40,
    0x40, 0x43, 0x55, 0x00, 0xB0, 0x00, 0x40, 0x00, 0x00, 0x00, 0x00, 0xC7, 0x39, 0x00, 0x00, 0x15, 0x55, 0x55, 0x55,
    0xFF, 0x7F, 0xFF, 0xFF, 0xF8, 0xFF, 0x50, 0xFD, 0xDB, 0xDE, 0x00, 0x00, 0x70, 0x02, 0x2D, 0x55, 0x72, 0xFF, 0xFF,
    0xFF, 0xFF, 0xFF, 0xFF, 0x5D, 0xDB, 0xDE, 0x00, 0x00, 0x0D, 0x80, 0x78, 0x55, 0xBF, 0x00, 0x4F, 0x00, 0x08, 0x00,
    0x00, 0x00, 0xC7, 0x39, 0x00, 0x00, 0x54, 0x55, 0x55, 0x55, 0xF0, 0xFF, 0xF0, 0xFF, 0xF0, 0xFF, 0xF0, 0xFF, 0xDB,
    0xDE, 0x00, 0x00, 0x41, 0x41, 0x41, 0x55, 0x00, 0x00, 0x00, 0x00, 0x00, 0x00, 0x00, 0x00, 0x01, 0x00, 0x00, 0x00,
    0x55, 0x55, 0x55, 0x55, 0x00, 0x00, 0x00, 0x00, 0x00, 0x00, 0x00, 0x00, 0x01, 0x00, 0x00, 0x00, 0x55, 0x55, 0x55,
    0x55, 0x00, 0xFC, 0x00, 0xF5, 0x00, 0xA0, 0x00, 0x10, 0x9A, 0xD6, 0x00, 0x00, 0x35, 0x95, 0x55, 0x55, 0xFF, 0xFD,
    0xFF, 0xFF, 0xFF, 0xFF, 0xE7, 0xFF, 0x9A, 0xD6, 0x00, 0x00, 0x3C, 0x00, 0x03, 0x55, 0xFF, 0xFF, 0xFF, 0xFF, 0xFF,
    0xFF, 0xDE, 0xFF, 0xDB, 0xDE, 0x41, 0x08, 0xC0, 0x60, 0xCB, 0xA5, 0x0C, 0x00, 0x05, 0x00, 0x05, 0x00, 0x0B, 0x00,
    0x01, 0x00, 0x00, 0x00, 0x55, 0x55, 0x55, 0x55, 0xFF, 0x0F, 0xFF, 0x0F, 0xFF, 0x0F, 0xFF, 0x0F, 0xDB, 0xDE, 0x00,
    0x00, 0x50, 0x50, 0x50, 0x55, 0x50, 0xFF, 0x00, 0xF7, 0x00, 0xC1, 0x00, 0x20, 0x1C, 0xE7, 0x00, 0x00, 0x35, 0x95,
    0x55, 0x55, 0xFF, 0x05, 0xFF, 0x2E, 0xFF, 0xAF, 0xFE, 0xAF, 0x9A, 0xD6, 0x00, 0x00, 0x5C, 0x50, 0x60, 0x55, 0x00,
    0xF0, 0x00, 0xA0, 0x00, 0x20, 0x00, 0x00, 0x10, 0x84, 0x00, 0x00, 0x15, 0xD5, 0x55, 0x55, 0xFF, 0x3C, 0xFF, 0xFF,
    0xFE, 0xFF, 0xA3, 0xFF, 0x9A, 0xD6, 0x41, 0x08, 0x58, 0x00, 0x09, 0x55, 0xA2, 0xFF, 0xFF, 0xFF, 0xFF, 0xFF, 0xFF,
    0x5C, 0x9A, 0xD6, 0x00, 0x00, 0x09, 0xC0, 0x78, 0x55, 0x0F, 0x00, 0x0E, 0x00, 0x05, 0x00, 0x00, 0x00, 0x01, 0x00,
    0x00, 0x00, 0x55, 0x55, 0x55, 0x55, 0x00, 0x00, 0x00, 0x00, 0x00, 0x00, 0x00, 0x00, 0x01, 0x00, 0x00, 0x00, 0x55,
    0x55, 0x55, 0x55, 0xFF, 0x0F, 0xFF, 0x0F, 0xFF, 0x0F, 0xFF, 0x0F, 0xDB, 0xDE, 0x00, 0x00, 0x50, 0x50, 0x50, 0x55,
    0x00, 0x00, 0x00, 0x00, 0x00, 0x00, 0x00, 0x00, 0x01, 0x00, 0x00, 0x00, 0x55, 0x55, 0x55, 0x55, 0x00, 0xFE, 0x00,
    0xFA, 0x00, 0xF3, 0x00, 0x20, 0x9A, 0xD6, 0x41, 0x08, 0x25, 0x15, 0x55, 0x55, 0xDF, 0x14, 0xFF, 0xFF, 0xFF, 0xFF,
    0xEA, 0xFF, 0x9A, 0xD6, 0x00, 0x00, 0x5C, 0x00, 0x02, 0x55, 0xC3, 0xFF, 0xFF, 0xFF, 0xFF, 0xFF, 0xEF, 0x3A, 0x9A,
    0xD6, 0x82, 0x10, 0x89, 0x40, 0x58, 0x55, 0x0E, 0x00, 0x0B, 0x00, 0x03, 0x00, 0x00, 0x00, 0x01, 0x00, 0x00, 0x00,
    0x55, 0x55, 0x55, 0x55, 0x00, 0x00, 0x00, 0x00, 0x00, 0x00, 0x00, 0x00, 0x01, 0x00, 0x00, 0x00, 0x55, 0x55, 0x55,
    0x55, 0xFD, 0xFF, 0xF7, 0xFF, 0xF2, 0xFF, 0x90, 0xFF, 0xDB, 0xDE, 0x00, 0x00, 0x03, 0x01, 0x89, 0x55, 0xEF, 0x00,
    0x7F, 0x00, 0x2F, 0x00, 0x0A, 0x00, 0xCB, 0x5A, 0x00, 0x00, 0x54, 0x57, 0x55, 0x55, 0x00, 0x00, 0x00, 0x00, 0x00,
    0x00, 0x00, 0x00, 0x01, 0x00, 0x00, 0x00, 0x55, 0x55, 0x55, 0x55, 0x00, 0x90, 0x00, 0x30, 0x00, 0x00, 0x00, 0x00,
    0x45, 0x29, 0x00, 0x00, 0x15, 0x55, 0x55, 0x55, 0xFF, 0xFF, 0xFF, 0xFF, 0xFE, 0xFF, 0xF9, 0xCF, 0x9A, 0xD6, 0x00,
    0x00, 0xC0, 0x40, 0x42, 0x55, 0x98, 0xFF, 0x54, 0xFF, 0x21, 0xFF, 0x00, 0xFD, 0x9A, 0xD6, 0x00, 0x00, 0x0D, 0x05,
    0x05, 0x55, 0xFF, 0x09, 0xFF, 0x04, 0xFF, 0x01, 0x9F, 0x00, 0x59, 0xCE, 0x00, 0x00, 0x5C, 0x54, 0x56, 0x55, 0x00,
    0x00, 0x00, 0x00, 0x00, 0x00, 0x00, 0x00, 0x01, 0x00, 0x00, 0x00, 0x55, 0x55, 0x55, 0x55, 0x10, 0xFD, 0x80, 0xFF,
    0xF3, 0xFF, 0xF3, 0xEF, 0x59, 0xCE, 0x00, 0x00, 0x05, 0x89, 0x43, 0x55, 0xEF, 0xFE, 0x5F, 0xF5, 0x0B, 0xB0, 0x02,
    0x20, 0xDB, 0xDE, 0x00, 0x00, 0x37, 0x95, 0x55, 0x55, 0xDF, 0x01, 0xFF, 0x08, 0xFF, 0x3F, 0xFE, 0x3F, 0x59, 0xCE,
    0x00, 0x00, 0x54, 0x58, 0x70, 0x55, 0x00, 0x00, 0x00, 0x00, 0x00, 0x00, 0x00, 0x00, 0x01, 0x00, 0x00, 0x00, 0x55,
    0x55, 0x55, 0x55, 0x00, 0x00, 0x00, 0x00, 0x00, 0x00, 0x00, 0x00, 0x01, 0x00, 0x00, 0x00, 0x55, 0x55, 0x55, 0x55,
    0xFF, 0x0F, 0xFF, 0x0F, 0xFF, 0x0F, 0xFF, 0x0F, 0xDB, 0xDE, 0x00, 0x00, 0x50, 0x50, 0x50, 0x55, 0x00, 0x00, 0x00,
    0x00, 0x00, 0x00, 0x00, 0x00, 0x01, 0x00, 0x00, 0x00, 0x55, 0x55, 0x55, 0x55, 0x00, 0x20, 0x00, 0xA0, 0x00, 0xF0,
    0x00, 0xF0, 0xDB, 0xDE, 0x00, 0x00, 0x55, 0x95, 0x15, 0x55, 0xFE, 0xEF, 0xFF, 0xFF, 0xFF, 0xFF, 0xFF, 0xFF, 0xDB,
    0xDE, 0x00, 0x00, 0x70, 0x00, 0x00, 0x55, 0x02, 0x00, 0xFF, 0xFF, 0xFF, 0xFF, 0xFF, 0xFF, 0xDB, 0xDE, 0x00, 0x00,
    0x55, 0x00, 0x00, 0x55, 0x00, 0x00, 0x0F, 0x00, 0x0F, 0x00, 0x0F, 0x00, 0x01, 0x00, 0x00, 0x00, 0x55, 0x55, 0x55,
    0x55, 0xFF, 0x0F, 0xFF, 0x0F, 0xFF, 0x0F, 0xFF, 0x0F, 0xDB, 0xDE, 0x00, 0x00, 0x50, 0x50, 0x50, 0x50, 0x00, 0x00,
    0x00, 0x00, 0x00, 0x00, 0x00, 0x00, 0x01, 0x00, 0x00, 0x00, 0x55, 0x55, 0x55, 0x55, 0xC0, 0xFF, 0x90, 0xFF, 0x60,
    0xFF, 0x20, 0xFF, 0x9A, 0xD6, 0x41, 0x08, 0x8D, 0x8D, 0x05, 0x55, 0x0B, 0x00, 0x0D, 0x00, 0x0F, 0x00, 0x0E, 0x00,
    0x01, 0x00, 0x00, 0x00, 0x55, 0x55, 0x55, 0x55, 0x00, 0xFF, 0x00, 0xFF, 0x00, 0xFF, 0x00, 0xFF, 0xDB, 0xDE, 0x00,
    0x00, 0x05, 0x05, 0x05, 0x05, 0x0F, 0x00, 0x0F, 0x00, 0x0F, 0x00, 0x0F, 0x00, 0x01, 0x00, 0x00, 0x00, 0x55, 0x55,
    0x55, 0x55, 0x00, 0x00, 0x00, 0x00, 0x00, 0x00, 0x00, 0x00, 0x01, 0x00, 0x00, 0x00, 0x55, 0x55, 0x55, 0x55, 0x00,
    0x00, 0x00, 0x00, 0x00, 0x00, 0x00, 0x00, 0x01, 0x00, 0x00, 0x00, 0x55, 0x55, 0x55, 0x55, 0x00, 0x00, 0x00, 0x00,
    0x00, 0x00, 0x00, 0x00, 0x01, 0x00, 0x00, 0x00, 0x55, 0x55, 0x55, 0x55, 0x00, 0x00, 0x00, 0x00, 0x00, 0x00, 0x00,
    0x00, 0x01, 0x00, 0x00, 0x00, 0x55, 0x55, 0x55, 0x55, 0x00, 0x00, 0x00, 0x00, 0x00, 0x00, 0x00, 0x00, 0x01, 0x00,
    0x00, 0x00, 0x55, 0x55, 0x55, 0x55, 0x00, 0x00, 0x00, 0x00, 0x00, 0x00, 0x00, 0x00, 0x01, 0x00, 0x00, 0x00, 0x55,
    0x55, 0x55, 0x55, 0x00, 0x00, 0x00, 0x00, 0x00, 0x00, 0x00, 0x00, 0x01, 0x00, 0x00, 0x00, 0x55, 0x55, 0x55, 0x55,
    0x00, 0x00, 0x00, 0x00, 0x00, 0x00, 0x00, 0x00, 0x01, 0x00, 0x00, 0x00, 0x55, 0x55, 0x55, 0x55, 0x00, 0x00, 0x00,
    0x00, 0x00, 0x00, 0x00, 0x00, 0x01, 0x00, 0x00, 0x00, 0x55, 0x55, 0x55, 0x55, 0x00, 0x00, 0x00, 0x00, 0x00, 0x00,
    0x00, 0x00, 0x01, 0x00, 0x00, 0x00, 0x55, 0x55, 0x55, 0x55, 0x00, 0x00, 0x00, 0x00, 0x00, 0x00, 0x00, 0x00, 0x01,
    0x00, 0x00, 0x00, 0x55, 0x55, 0x55, 0x55, 0x00, 0x00, 0x00, 0x00, 0x00, 0x00, 0x00, 0x00, 0x01, 0x00, 0x00, 0x00,
    0x55, 0x55, 0x55, 0x55, 0x00, 0x00, 0x00, 0x00, 0x00, 0x00, 0x00, 0x00, 0x01, 0x00, 0x00, 0x00, 0x55, 0x55, 0x55,
    0x55, 0x00, 0x00, 0x00, 0x00, 0x00, 0x00, 0x00, 0x00, 0x01, 0x00, 0x00, 0x00, 0x55, 0x55, 0x55, 0x55, 0x00, 0x00,
    0x00, 0x00, 0x00, 0x00, 0x00, 0x00, 0x01, 0x00, 0x00, 0x00, 0x55, 0x55, 0x55, 0x55, 0x00, 0x00, 0x00, 0x00, 0x00,
    0x00, 0x00, 0x00, 0x01, 0x00, 0x00, 0x00, 0x55, 0x55, 0x55, 0x55, 0x00, 0x00, 0x00, 0x00, 0x00, 0x00, 0x00, 0x00,
    0x01, 0x00, 0x00, 0x00, 0x55, 0x55, 0x55, 0x55, 0x00, 0x00, 0x00, 0x00, 0x00, 0x00, 0x00, 0x00, 0x01, 0x00, 0x00,
    0x00, 0x55, 0x55, 0x55, 0x55, 0x00, 0x00, 0x00, 0x00, 0x00, 0x00, 0x00, 0x00, 0x01, 0x00, 0x00, 0x00, 0x55, 0x55,
    0x55, 0x55, 0x00, 0x00, 0x00, 0x00, 0x00, 0x00, 0x00, 0x00, 0x01, 0x00, 0x00, 0x00, 0x55, 0x55, 0x55, 0x55, 0x00,
    0x00, 0x00, 0x00, 0x00, 0x00, 0x00, 0x00, 0x01, 0x00, 0x00, 0x00, 0x55, 0x55, 0x55, 0x55, 0x00, 0x00, 0x00, 0x00,
    0x00, 0x00, 0x00, 0x00, 0x01, 0x00, 0x00, 0x00, 0x55, 0x55, 0x55, 0x55, 0x10, 0xDA, 0x00, 0x00, 0x00, 0x00, 0x00,
    0x00, 0x01, 0x00, 0x00, 0x00, 0x55, 0x55, 0x55, 0x55, 0x09, 0x00, 0x00, 0x00, 0x00, 0x00, 0x00, 0x00, 0x01, 0x00,
    0x00, 0x00, 0x55, 0x55, 0x55, 0x55, 0x00, 0x00, 0x00, 0x00, 0x00, 0x00, 0x00, 0x00, 0x01, 0x00, 0x00, 0x00, 0x55,
    0x55, 0x55, 0x55, 0x00, 0x00, 0x00, 0x00, 0x00, 0x00, 0x00, 0x00, 0x01, 0x00, 0x00, 0x00, 0x55, 0x55, 0x55, 0x55,
    0x00, 0x00, 0x00, 0x00, 0x00, 0x00, 0x00, 0x00, 0x01, 0x00, 0x00, 0x00, 0x55, 0x55, 0x55, 0x55, 0x00, 0x00, 0x00,
    0x00, 0x00, 0x00, 0x00, 0x00, 0x01, 0x00, 0x00, 0x00, 0x55, 0x55, 0x55, 0x55, 0x00, 0x00, 0x00, 0x00, 0x00, 0x00,
    0x00, 0x00, 0x01, 0x00, 0x00, 0x00, 0x55, 0x55, 0x55, 0x55, 0x00, 0x00, 0x00, 0x00, 0x00, 0x00, 0x00, 0x00, 0x01,
    0x00, 0x00, 0x00, 0x55, 0x55, 0x55, 0x55, 0x00, 0x00, 0x00, 0x00, 0x00, 0x00, 0x00, 0x00, 0x01, 0x00, 0x00, 0x00,
    0x55, 0x55, 0x55, 0x55, 0x00, 0x00, 0x00, 0x00, 0x00, 0x00, 0x00, 0x00, 0x01, 0x00, 0x00, 0x00, 0x55, 0x55, 0x55,
    0x55, 0x00, 0x00, 0x00, 0x00, 0x00, 0x00, 0x00, 0x00, 0x01, 0x00, 0x00, 0x00, 0x55, 0x55, 0x55, 0x55, 0x00, 0x00,
    0x00, 0x00, 0x00, 0x00, 0x00, 0x00, 0x01, 0x00, 0x00, 0x00, 0x55, 0x55, 0x55, 0x55, 0x00, 0x00, 0x00, 0x00, 0x00,
    0x00, 0x00, 0x00, 0x01, 0x00, 0x00, 0x00, 0x55, 0x55, 0x55, 0x55, 0x00, 0x00, 0x00, 0x00, 0x00, 0x00, 0x00, 0x00,
    0x01, 0x00, 0x00, 0x00, 0x55, 0x55, 0x55, 0x55, 0x00, 0x00, 0x00, 0x00, 0x00, 0x00, 0x00, 0x00, 0x01, 0x00, 0x00,
    0x00, 0x55, 0x55, 0x55, 0x55, 0x00, 0x00, 0x00, 0x00, 0x00, 0x00, 0x00, 0x00, 0x01, 0x00, 0x00, 0x00, 0x55, 0x55,
    0x55, 0x55, 0x00, 0x00, 0x00, 0x00, 0x00, 0x00, 0x00, 0x00, 0x01, 0x00, 0x00, 0x00, 0x55, 0x55, 0x55, 0x55, 0x00,
    0x00, 0x00, 0x00, 0x00, 0x00, 0x00, 0x00, 0x01, 0x00, 0x00, 0x00, 0x55, 0x55, 0x55, 0x55, 0x00, 0x00, 0x00, 0x00,
    0x00, 0x00, 0x00, 0x00, 0x01, 0x00, 0x00, 0x00, 0x55, 0x55, 0x55, 0x55, 0x00, 0x00, 0x00, 0x00, 0x00, 0x00, 0x00,
    0x00, 0x01, 0x00, 0x00, 0x00, 0x55, 0x55, 0x55, 0x55, 0x00, 0x00, 0x00, 0x00, 0x00, 0x00, 0x00, 0x00, 0x01, 0x00,
    0x00, 0x00, 0x55, 0x55, 0x55, 0x55, 0x00, 0x00, 0x00, 0x00, 0x00, 0x00, 0x00, 0x00, 0x01, 0x00, 0x00, 0x00, 0x55,
    0x55, 0x55, 0x55, 0x00, 0x00, 0x00, 0x00, 0x00, 0x00, 0x00, 0x00, 0x01, 0x00, 0x00, 0x00, 0x55, 0x55, 0x55, 0x55,
    0x00, 0x00, 0x00, 0x00, 0x00, 0x00, 0x00, 0x00, 0x01, 0x00, 0x00, 0x00, 0x55, 0x55, 0x55, 0x55, 0x00, 0x00, 0x00,
    0x00, 0x00, 0x00, 0x00, 0x00, 0x01, 0x00, 0x00, 0x00, 0x55, 0x55, 0x55, 0x55, 0x00, 0x00, 0x00, 0x00, 0x00, 0x00,
    0x00, 0x00, 0x01, 0x00, 0x00, 0x00, 0x55, 0x55, 0x55, 0x55, 0x00, 0x00, 0x00, 0x00, 0x00, 0x00, 0x00, 0x00, 0x01,
    0x00, 0x00, 0x00, 0x55, 0x55, 0x55, 0x55, 0x00, 0x00, 0x00, 0x00, 0x00, 0x00, 0x00, 0x00, 0x01, 0x00, 0x00, 0x00,
    0x55, 0x55, 0x55, 0x55, 0x00, 0x00, 0x00, 0x00, 0x00, 0x00, 0x00, 0x00, 0x01, 0x00, 0x00, 0x00, 0x55, 0x55, 0x55,
    0x55, 0x00, 0x00, 0x00, 0x00, 0x00, 0x00, 0x00, 0x00, 0x01, 0x00, 0x00, 0x00, 0x55, 0x55, 0x55, 0x55, 0x00, 0x00,
    0x00, 0x00, 0x00, 0x00, 0x00, 0x00, 0x01, 0x00, 0x00, 0x00, 0x55, 0x55, 0x55, 0x55, 0x00, 0x00, 0x00, 0x00, 0x00,
    0x00, 0x00, 0x00, 0x01, 0x00, 0x00, 0x00, 0x55, 0x55, 0x55, 0x55, 0x00, 0x00, 0x00, 0x00, 0x00, 0x00, 0x00, 0x00,
    0x01, 0x00, 0x00, 0x00, 0x55, 0x55, 0x55, 0x55, 0x00, 0x00, 0x00, 0x00, 0x00, 0x00, 0x00, 0x00, 0x01, 0x00, 0x00,
    0x00, 0x55, 0x55, 0x55, 0x55, 0x00, 0x00, 0x00, 0x00, 0x00, 0x00, 0x00, 0x00, 0x01, 0x00, 0x00, 0x00, 0x55, 0x55,
    0x55, 0x55, 0x00, 0x00, 0x00, 0x00, 0x00, 0x00, 0x00, 0x00, 0x01, 0x00, 0x00, 0x00, 0x55, 0x55, 0x55, 0x55, 0xFF,
    0xFF, 0xFF, 0xFF, 0xFF, 0xFF, 0x00, 0x00, 0xDB, 0xDE, 0x00, 0x00, 0x00, 0x00, 0x55, 0x55, 0x0F, 0x00, 0x0F, 0x00,
    0x0F, 0x00, 0x00, 0x00, 0x01, 0x00, 0x00, 0x00, 0x55, 0x55, 0x55, 0x55, 0x00, 0x00, 0x00, 0x00, 0x00, 0x00, 0x00,
    0x00, 0x01, 0x00, 0x00, 0x00, 0x55, 0x55, 0x55, 0x55, 0x00, 0x00, 0x00, 0x00, 0x00, 0x00, 0x00, 0x00, 0x01, 0x00,
    0x00, 0x00, 0x55, 0x55, 0x55, 0x55, 0xFF, 0xFF, 0xFF, 0xFF, 0xFF, 0xFF, 0x00, 0x00, 0xDB, 0xDE, 0x00, 0x00, 0x00,
    0x00, 0x55, 0x55, 0x0F, 0x00, 0x0F, 0x00, 0x0F, 0x00, 0x00, 0x00, 0x01, 0x00, 0x00, 0x00, 0x55, 0x55, 0x55, 0x55,
    0x00, 0x00, 0x00, 0x00, 0x00, 0x00, 0x00, 0x00, 0x01, 0x00, 0x00, 0x00, 0x55, 0x55, 0x55, 0x55, 0x00, 0x00, 0x00,
    0x00, 0x00, 0x00, 0x00, 0x00, 0x01, 0x00, 0x00, 0x00, 0x55, 0x55, 0x55, 0x55, 0x00, 0x00, 0x00, 0x00, 0x00, 0x00,
    0x00, 0x00, 0x01, 0x00, 0x00, 0x00, 0x55, 0x55, 0x55, 0x55, 0xFF, 0xFF, 0xFF, 0xFF, 0xFF, 0xFF, 0x00, 0x00, 0xDB,
    0xDE, 0x00, 0x00, 0x00, 0x00, 0x55, 0x55, 0xFF, 0xFF, 0xFF, 0xFF, 0xFF, 0xFF, 0x00, 0x00, 0xDB, 0xDE, 0x00, 0x00,
    0x00, 0x00, 0x55, 0x55, 0xFF, 0x00, 0xFF, 0x00, 0xFF, 0x00, 0x00, 0x00, 0xDB, 0xDE, 0x00, 0x00, 0x54, 0x54, 0x55,
    0x55, 0x00, 0x00, 0x00, 0x00, 0x00, 0x00, 0x00, 0x00, 0x01, 0x00, 0x00, 0x00, 0x55, 0x55, 0x55, 0x55, 0x00, 0x00,
    0x00, 0x00, 0x00, 0x00, 0x00, 0x00, 0x01, 0x00, 0x00, 0x00, 0x55, 0x55, 0x55, 0x55, 0x00, 0x00, 0x00, 0x00, 0x00,
    0x00, 0x00, 0x00, 0x01, 0x00, 0x00, 0x00, 0x55, 0x55, 0x55, 0x55, 0x00, 0x00, 0x00, 0x00, 0x00, 0x00, 0x00, 0x00,
    0x01, 0x00, 0x00, 0x00, 0x55, 0x55, 0x55, 0x55, 0x00, 0x00, 0x00, 0x00, 0x00, 0x00, 0x00, 0x00, 0x01, 0x00, 0x00,
    0x00, 0x55, 0x55, 0x55, 0x55, 0x00, 0x00, 0x00, 0x00, 0x00, 0x00, 0x00, 0x00, 0x01, 0x00, 0x00, 0x00, 0x55, 0x55,
    0x55, 0x55, 0x00, 0x00, 0x00, 0x00, 0x00, 0x00, 0x00, 0x00, 0x01, 0x00, 0x00, 0x00, 0x55, 0x55, 0x55, 0x55, 0x00,
    0x00, 0x00, 0x00, 0x00, 0x00, 0x00, 0x00, 0x01, 0x00, 0x00, 0x00, 0x55, 0x55, 0x55, 0x55, 0x00, 0x00, 0x00, 0x00,
    0x00, 0x00, 0x00, 0x00, 0x01, 0x00, 0x00, 0x00, 0x55, 0x55, 0x55, 0x55, 0x00, 0x00, 0x00, 0x00, 0x00, 0x00, 0x00,
    0x00, 0x01, 0x00, 0x00, 0x00, 0x55, 0x55, 0x55, 0x55, 0x00, 0x00, 0x00, 0x00, 0x00, 0x00, 0x00, 0x00, 0x01, 0x00,
    0x00, 0x00, 0x55, 0x55, 0x55, 0x55, 0x00, 0x00, 0x00, 0x00, 0x00, 0x00, 0x00, 0x00, 0x01, 0x00, 0x00, 0x00, 0x55,
    0x55, 0x55, 0x55, 0x00, 0x00, 0x00, 0x00, 0x00, 0x00, 0x00, 0x00, 0x01, 0x00, 0x00, 0x00, 0x55, 0x55, 0x55, 0x55,
    0x00, 0x00, 0x00, 0x00, 0x00, 0x00, 0x00, 0x00, 0x01, 0x00, 0x00, 0x00, 0x55, 0x55, 0x55, 0x55, 0x00, 0x00, 0x00,
    0x00, 0x00, 0x00, 0x00, 0x00, 0x01, 0x00, 0x00, 0x00, 0x55, 0x55, 0x55, 0x55, 0x00, 0x00, 0x00, 0x00, 0x00, 0x00,
    0x00, 0x00, 0x01, 0x00, 0x00, 0x00, 0x55, 0x55, 0x55, 0x55, 0x00, 0x00, 0x00, 0x00, 0x00, 0x00, 0x00, 0x00, 0x01,
    0x00, 0x00, 0x00, 0x55, 0x55, 0x55, 0x55, 0x00, 0x00, 0x00, 0x00, 0x00, 0x00, 0x00, 0x00, 0x01, 0x00, 0x00, 0x00,
    0x55, 0x55, 0x55, 0x55, 0x00, 0x00, 0x00, 0x00, 0x00, 0x00, 0x00, 0x00, 0x01, 0x00, 0x00, 0x00, 0x55, 0x55, 0x55,
    0x55, 0x00, 0x00, 0x00, 0x00, 0x00, 0x00, 0x00, 0x00, 0x01, 0x00, 0x00, 0x00, 0x55, 0x55, 0x55, 0x55, 0x00, 0x00,
    0x00, 0x00, 0x00, 0x00, 0x00, 0x00, 0x01, 0x00, 0x00, 0x00, 0x55, 0x55, 0x55, 0x55, 0x00, 0x00, 0x00, 0x00, 0x00,
    0x00, 0x00, 0x00, 0x01, 0x00, 0x00, 0x00, 0x55, 0x55, 0x55, 0x55, 0x00, 0x00, 0x00, 0x00, 0x00, 0x00, 0x00, 0x00,
    0x01, 0x00, 0x00, 0x00, 0x55, 0x55, 0x55, 0x55, 0x00, 0x00, 0x00, 0x00, 0x00, 0x00, 0x00, 0x00, 0x01, 0x00, 0x00,
    0x00, 0x55, 0x55, 0x55, 0x55, 0x00, 0x00, 0x00, 0x00, 0x00, 0x00, 0x00, 0x00, 0x01, 0x00, 0x00, 0x00, 0x55, 0x55,
    0x55, 0x55, 0x00, 0x00, 0x00, 0x00, 0x00, 0x00, 0x00, 0x00, 0x01, 0x00, 0x00, 0x00, 0x55, 0x55, 0x55, 0x55, 0x00,
    0x00, 0x00, 0x00, 0x00, 0x00, 0x00, 0x00, 0x01, 0x00, 0x00, 0x00, 0x55, 0x55, 0x55, 0x55, 0x00, 0x00, 0x00, 0x00,
    0x00, 0x00, 0x00, 0x00, 0x01, 0x00, 0x00, 0x00, 0x55, 0x55, 0x55, 0x55, 0x00, 0x00, 0x00, 0x00, 0x00, 0x00, 0x00,
    0x00, 0x01, 0x00, 0x00, 0x00, 0x55, 0x55, 0x55, 0x55, 0x00, 0x00, 0x00, 0x00, 0x00, 0x00, 0x00, 0x00, 0x01, 0x00,
    0x00, 0x00, 0x55, 0x55, 0x55, 0x55, 0x00, 0x00, 0x00, 0x00, 0x00, 0x00, 0x00, 0x00, 0x01, 0x00, 0x00, 0x00, 0x55,
    0x55, 0x55, 0x55, 0x00, 0x00, 0x00, 0x00, 0x00, 0x00, 0x00, 0x00, 0x01, 0x00, 0x00, 0x00, 0x55, 0x55, 0x55, 0x55,
    0x00, 0x00, 0x00, 0x00, 0x00, 0x00, 0x00, 0x00, 0x01, 0x00, 0x00, 0x00, 0x55, 0x55, 0x55, 0x55, 0x00, 0x00, 0x00,
    0x00, 0x00, 0x00, 0x00, 0x00, 0x01, 0x00, 0x00, 0x00, 0x55, 0x55, 0x55, 0x55, 0x00, 0x00, 0x00, 0x00, 0x00, 0x00,
    0x00, 0x00, 0x01, 0x00, 0x00, 0x00, 0x55, 0x55, 0x55, 0x55, 0x00, 0x00, 0x00, 0x00, 0x00, 0x00, 0x00, 0x00, 0x01,
    0x00, 0x00, 0x00, 0x55, 0x55, 0x55, 0x55, 0x00, 0x00, 0x00, 0x00, 0x00, 0x00, 0x00, 0x00, 0x01, 0x00, 0x00, 0x00,
    0x55, 0x55, 0x55, 0x55, 0x00, 0x00, 0x00, 0x00, 0x00, 0x00, 0x00, 0x00, 0x01, 0x00, 0x00, 0x00, 0x55, 0x55, 0x55,
    0x55, 0x00, 0x00, 0x00, 0x00, 0x00, 0x00, 0x00, 0x00, 0x01, 0x00, 0x00, 0x00, 0x55, 0x55, 0x55, 0x55, 0x00, 0x00,
    0x00, 0x00, 0x00, 0x00, 0x00, 0x00, 0x01, 0x00, 0x00, 0x00, 0x55, 0x55, 0x55, 0x55, 0x00, 0x00, 0x00, 0x00, 0x00,
    0x00, 0x00, 0x00, 0x01, 0x00, 0x00, 0x00, 0x55, 0x55, 0x55, 0x55, 0x00, 0x00, 0x00, 0x00, 0x00, 0x00, 0x00, 0x00,
    0x01, 0x00, 0x00, 0x00, 0x55, 0x55, 0x55, 0x55, 0x00, 0x00, 0x00, 0x00, 0x00, 0x00, 0x00, 0x00, 0x01, 0x00, 0x00,
    0x00, 0x55, 0x55, 0x55, 0x55, 0x00, 0x00, 0x00, 0x00, 0x00, 0x00, 0x00, 0x00, 0x01, 0x00, 0x00, 0x00, 0x55, 0x55,
    0x55, 0x55, 0x00, 0x00, 0x00, 0x00, 0x00, 0x00, 0x00, 0x00, 0x01, 0x00, 0x00, 0x00, 0x55, 0x55, 0x55, 0x55, 0x00,
    0x00, 0x00, 0x00, 0x00, 0x00, 0x00, 0x00, 0x01, 0x00, 0x00, 0x00, 0x55, 0x55, 0x55, 0x55, 0x00, 0x00, 0x00, 0x00,
    0x00, 0x00, 0x00, 0x00, 0x01, 0x00, 0x00, 0x00, 0x55, 0x55, 0x55, 0x55, 0x00, 0x00, 0x00, 0x00, 0x00, 0x00, 0x00,
    0x00, 0x01, 0x00, 0x00, 0x00, 0x55, 0x55, 0x55, 0x55, 0x00, 0x00, 0x00, 0x00, 0x00, 0x00, 0x00, 0x00, 0x01, 0x00,
    0x00, 0x00, 0x55, 0x55, 0x55, 0x55, 0x00, 0x00, 0x00, 0x00, 0x00, 0x00, 0x00, 0x00, 0x01, 0x00, 0x00, 0x00, 0x55,
    0x55, 0x55, 0x55, 0x00, 0x00, 0x00, 0x00, 0x00, 0x00, 0x00, 0x00, 0x01, 0x00, 0x00, 0x00, 0x55, 0x55, 0x55, 0x55,
    0x00, 0x00, 0x00, 0x00, 0x00, 0x00, 0x00, 0x00, 0x01, 0x00, 0x00, 0x00, 0x55, 0x55, 0x55, 0x55, 0x00, 0x00, 0x00,
    0x00, 0x00, 0x00, 0x00, 0x00, 0x01, 0x00, 0x00, 0x00, 0x55, 0x55, 0x55, 0x55, 0x00, 0x00, 0x00, 0x00, 0x00, 0x00,
    0x00, 0x00, 0x01, 0x00, 0x00, 0x00, 0x55, 0x55, 0x55, 0x55, 0x00, 0x00, 0x00, 0x00, 0x00, 0x00, 0x00, 0x00, 0x01,
    0x00, 0x00, 0x00, 0x55, 0x55, 0x55, 0x55, 0x00, 0x00, 0x00, 0x00, 0x00, 0x00, 0x00, 0x00, 0x01, 0x00, 0x00, 0x00,
    0x55, 0x55, 0x55, 0x55, 0x00, 0x00, 0x00, 0x00, 0x00, 0x00, 0x00, 0x00, 0x01, 0x00, 0x00, 0x00, 0x55, 0x55, 0x55,
    0x55, 0x00, 0x00, 0x00, 0x00, 0x00, 0x00, 0x00, 0x00, 0x01, 0x00, 0x00, 0x00, 0x55, 0x55, 0x55, 0x55, 0x00, 0x00,
    0x00, 0x00, 0x00, 0x00, 0x00, 0x00, 0x01, 0x00, 0x00, 0x00, 0x55, 0x55, 0x55, 0x55, 0x00, 0x00, 0x00, 0x00, 0x00,
    0x00, 0x00, 0x00, 0x01, 0x00, 0x00, 0x00, 0x55, 0x55, 0x55, 0x55, 0x00, 0x00, 0x00, 0x00, 0x00, 0x00, 0x00, 0x00,
    0x01, 0x00, 0x00, 0x00, 0x55, 0x55, 0x55, 0x55, 0x00, 0x00, 0x00, 0x00, 0x00, 0x00, 0x00, 0x00, 0x01, 0x00, 0x00,
    0x00, 0x55, 0x55, 0x55, 0x55, 0x00, 0x00, 0x00, 0x00, 0x00, 0x00, 0x00, 0x00, 0x01, 0x00, 0x00, 0x00, 0x55, 0x55,
    0x55, 0x55, 0x00, 0x00, 0x00, 0x00, 0x00, 0x00, 0x00, 0x00, 0x01, 0x00, 0x00, 0x00, 0x55, 0x55, 0x55, 0x55, 0x00,
    0xF8, 0x00, 0xF8, 0x00, 0x80, 0x00, 0x00, 0xDB, 0xDE, 0x00, 0x00, 0x25, 0x95, 0x55, 0x55, 0x4F, 0x00, 0xCF, 0x00,
    0xBD, 0x00, 0x00, 0x00, 0x14, 0xA5, 0x00, 0x00, 0x57, 0x54, 0x55, 0x55, 0x00, 0x00, 0x00, 0x00, 0x00, 0x00, 0x10,
    0xE8, 0xD7, 0xBD, 0x00, 0x00, 0x55, 0x55, 0x55, 0x25, 0x00, 0x00, 0x00, 0x00, 0x00, 0x00, 0xFF, 0xBF, 0xDB, 0xDE,
    0x00, 0x00, 0x55, 0x55, 0x55, 0x60, 0x00, 0x00, 0x00, 0x00, 0x00, 0x00, 0x03, 0x00, 0x01, 0x00, 0x00, 0x00, 0x55,
    0x55, 0x55, 0x55, 0xF0, 0xFF, 0xF0, 0xFF, 0xF0, 0xFF, 0xF0, 0xFF, 0xDB, 0xDE, 0x00, 0x00, 0x41, 0x41, 0x41, 0xC1,
    0x00, 0x00, 0x00, 0x00, 0x00, 0x00, 0xFD, 0xDF, 0x18, 0xC6, 0x00, 0x00, 0x55, 0x55, 0x55, 0xC0, 0x00, 0x00, 0x00,
    0x00, 0x00, 0x00, 0x05, 0x00, 0x01, 0x00, 0x00, 0x00, 0x55, 0x55, 0x55, 0x55, 0x00, 0x00, 0x00, 0x00, 0x00, 0x00,
    0x00, 0xD5, 0x96, 0xB5, 0x00, 0x00, 0x55, 0x55, 0x55, 0x35, 0x00, 0x00, 0x00, 0x00, 0x00, 0x00, 0xFF, 0xCF, 0xDB,
    0xDE, 0x00, 0x00, 0x55, 0x55, 0x55, 0x60, 0x00, 0x00, 0x00, 0x00, 0x00, 0x00, 0x03, 0x00, 0x01, 0x00, 0x00, 0x00,
    0x55, 0x55, 0x55, 0x55, 0x00, 0x00, 0x00, 0x00, 0x00, 0x00, 0x50, 0xFD, 0x18, 0xC6, 0x00, 0x00, 0x55, 0x55, 0x55,
    0x0D, 0x00, 0xFF, 0x00, 0xFF, 0x00, 0xFF, 0xDF, 0xFF, 0x9A, 0xD6, 0x00, 0x00, 0x05, 0x05, 0x05, 0x0C, 0x0F, 0x00,
    0x0F, 0x00, 0x0F, 0x00, 0x0F, 0x00, 0x01, 0x00, 0x00, 0x00, 0x55, 0x55, 0x55, 0x55, 0x00, 0x00, 0x00, 0x00, 0x00,
    0x00, 0x50, 0xFD, 0x59, 0xCE, 0x00, 0x00, 0x55, 0x55, 0x55, 0x0D, 0x00, 0x00, 0x00, 0x00, 0x00, 0x00, 0xDF, 0x05,
    0xD7, 0xBD, 0x00, 0x00, 0x55, 0x55, 0x55, 0x5C, 0x00, 0x00, 0x00, 0x00, 0x00, 0x00, 0x00, 0xF0, 0xDB, 0xDE, 0x00,
    0x00, 0x55, 0x55, 0x55, 0x15, 0xD5, 0xFF, 0xFE, 0xFF, 0xFF, 0xFF, 0xFF, 0xFF, 0xDB, 0xDE, 0x41, 0x08, 0x0B, 0x00,
    0x50, 0x00, 0xBF, 0x00, 0xEF, 0x00, 0xAF, 0x00, 0x2F, 0x00, 0xD3, 0x9C, 0x00, 0x00, 0x54, 0x54, 0x55, 0x55, 0x00,
    0x00, 0x00, 0x00, 0x00, 0x00, 0x00, 0xD5, 0xD7, 0xBD, 0x00, 0x00, 0x55, 0x55, 0x55, 0x35, 0x00, 0x00, 0x00, 0x00,
    0x00, 0x00, 0xFF, 0xFC, 0xDB, 0xDE, 0x00, 0x00, 0x55, 0x55, 0x55, 0x18, 0x00, 0x00, 0x00, 0x00, 0x00, 0x00, 0xFF,
    0x00, 0xDB, 0xDE, 0x00, 0x00, 0x55, 0x55, 0x55, 0x54, 0xF0, 0xFF, 0xF0, 0xFF, 0xF0, 0xFF, 0xF0, 0xFF, 0xDB, 0xDE,
    0x00, 0x00, 0x41, 0x41, 0x41, 0x41, 0x00, 0x00, 0x00, 0x00, 0x00, 0x00, 0xF9, 0xFF, 0x59, 0xCE, 0x00, 0x00, 0x55,
    0x55, 0x55, 0x82, 0x00, 0x00, 0x00, 0x00, 0x00, 0x00, 0x2A, 0x00, 0x41, 0x08, 0x00, 0x00, 0x55, 0x55, 0x55, 0x54,
    0xF0, 0xFF, 0xF0, 0xFF, 0xF0, 0xFF, 0xF0, 0xFF, 0xDB, 0xDE, 0x00, 0x00, 0x41, 0x41, 0x55, 0x41, 0x00, 0x00, 0x00,
    0x00, 0x00, 0x00, 0x00, 0x00, 0x01, 0x00, 0x00, 0x00, 0x55, 0x55, 0x55, 0x55, 0xF0, 0xFF, 0xF0, 0xFF, 0xF0, 0xFF,
    0xF0, 0xFF, 0xDB, 0xDE, 0x00, 0x00, 0x41, 0x41, 0x55, 0x41, 0x00, 0xF0, 0x00, 0xF0, 0x00, 0xF0, 0x00, 0xF0, 0xDB,
    0xDE, 0x00, 0x00, 0x15, 0x15, 0x15, 0x15, 0xFF, 0x00, 0xFF, 0x00, 0xFF, 0x00, 0xFF, 0x50, 0xDB, 0xDE, 0x00, 0x00,
    0x54, 0x54, 0x54, 0xD4, 0x00, 0x00, 0x00, 0x00, 0x00, 0x00, 0xFF, 0x3E, 0x59, 0xCE, 0x00, 0x00, 0x55, 0x55, 0x55,
    0x50, 0x00, 0xF0, 0x00, 0xF0, 0x00, 0xF0, 0x00, 0xF0, 0xDB, 0xDE, 0x00, 0x00, 0x15, 0x15, 0x15, 0x15, 0xFF, 0x00,
    0xFF, 0x00, 0xFF, 0x00, 0xFF, 0x00, 0xDB, 0xDE, 0x00, 0x00, 0x54, 0x54, 0x54, 0x54, 0x00, 0x00, 0x00, 0x00, 0x00,
    0x00, 0xF0, 0xFF, 0xDB, 0xDE, 0x00, 0x00, 0x55, 0x55, 0x55, 0xC1, 0x00, 0x00, 0x00, 0x00, 0x00, 0x00, 0xFD, 0xCF,
    0x5D, 0xEF, 0x00, 0x00, 0x55, 0x55, 0x55, 0x62, 0x00, 0x00, 0x00, 0x00, 0x00, 0x00, 0xD6, 0xFF, 0x5D, 0xEF, 0x00,
    0x00, 0x55, 0x55, 0x55, 0x8B, 0x00, 0x00, 0x00, 0x00, 0x00, 0x00, 0x3C, 0x00, 0x04, 0x21, 0x00, 0x00, 0x55, 0x55,
    0x55, 0x54, 0x00, 0x00, 0x00, 0x00, 0x00, 0x00, 0xF0, 0xFF, 0x9A, 0xD6, 0x00, 0x00, 0x55, 0x55, 0x55, 0xC1, 0x00,
    0x00, 0x00, 0x00, 0x00, 0x00, 0xFC, 0xFF, 0xDB, 0xDE, 0x00, 0x00, 0x55, 0x55, 0x55, 0x82, 0x00, 0x00, 0x00, 0x00,
    0x00, 0x00, 0x2A, 0x00, 0x82, 0x10, 0x00, 0x00, 0x55, 0x55, 0x55, 0x54, 0x00, 0x00, 0x00, 0x00, 0x00, 0x00, 0x00,
    0xB3, 0xD3, 0x9C, 0x00, 0x00, 0x55, 0x55, 0x55, 0x35, 0x00, 0x00, 0x00, 0x00, 0x00, 0x00, 0xFF, 0xBF, 0x9A, 0xD6,
    0x00, 0x00, 0x55, 0x55, 0x55, 0x60, 0x00, 0x00, 0x00, 0x00, 0x00, 0x00, 0x03, 0x00, 0x01, 0x00, 0x00, 0x00, 0x55,
    0x55, 0x55, 0x55, 0x00, 0x00, 0x00, 0x00, 0x00, 0x00, 0xF0, 0xFF, 0xDB, 0xDE, 0x00, 0x00, 0x55, 0x55, 0x55, 0xC1,
    0x00, 0x00, 0x00, 0x00, 0x00, 0x00, 0xFD, 0xDF, 0x18, 0xC6, 0x00, 0x00, 0x55, 0x55, 0x55, 0xC0, 0x00, 0x00, 0x00,
    0x00, 0x00, 0x00, 0x05, 0x00, 0x01, 0x00, 0x00, 0x00, 0x55, 0x55, 0x55, 0x55, 0x00, 0x00, 0x00, 0x00, 0x00, 0x00,
    0x00, 0xD5, 0x96, 0xB5, 0x00, 0x00, 0x55, 0x55, 0x55, 0x35, 0x00, 0x00, 0x00, 0x00, 0x00, 0x00, 0xFF, 0xFE, 0x9A,
    0xD6, 0x00, 0x00, 0x55, 0x55, 0x55, 0x30, 0x00, 0x00, 0x00, 0x00, 0x00, 0x00, 0xFF, 0x00, 0xDB, 0xDE, 0x00, 0x00,
    0x55, 0x55, 0x55, 0x54, 0x00, 0x00, 0x00, 0x00, 0x00, 0x00, 0xF0, 0xFF, 0xDB, 0xDE, 0x00, 0x00, 0x55, 0x55, 0x55,
    0xC1, 0x00, 0x00, 0x00, 0x00, 0x00, 0x00, 0xFE, 0x0C, 0xD7, 0xBD, 0x00, 0x00, 0x55, 0x55, 0x55, 0x50, 0x00, 0x00,
    0x00, 0x00, 0x00, 0x00, 0x00, 0x20, 0x82, 0x10, 0x00, 0x00, 0x55, 0x55, 0x55, 0x15, 0x00, 0x00, 0x00, 0x00, 0x00,
    0x00, 0xFA, 0xFF, 0x9A, 0xD6, 0x00, 0x00, 0x55, 0x55, 0x55, 0x02, 0x00, 0x00, 0x00, 0x00, 0x00, 0x00, 0x9E, 0x02,
    0x10, 0x84, 0x00, 0x00, 0x55, 0x55, 0x55, 0x54, 0x00, 0x40, 0x00, 0xF0, 0x00, 0xF0, 0x00, 0xFF, 0xDB, 0xDE, 0x00,
    0x00, 0xD5, 0x15, 0x15, 0x05, 0xBC, 0x00, 0xFF, 0x00, 0xFF, 0x00, 0xFF, 0xFF, 0xDB, 0xDE, 0x00, 0x00, 0x56, 0x54,
    0x54, 0x40, 0x00, 0x00, 0x00, 0x00, 0x00, 0x00, 0x00, 0xF0, 0xDB, 0xDE, 0x00, 0x00, 0x55, 0x55, 0x55, 0x15, 0x00,
    0x00, 0x00, 0x00, 0x00, 0x00, 0xFF, 0x00, 0xDB, 0xDE, 0x00, 0x00, 0x55, 0x55, 0x55, 0x54, 0x00, 0x00, 0x00, 0x00,
    0x00, 0x00, 0xF0, 0xFF, 0xDB, 0xDE, 0x00, 0x00, 0x55, 0x55, 0x55, 0x41, 0x00, 0x00, 0x00, 0x00, 0x00, 0x00, 0x00,
    0x50, 0x08, 0x42, 0x00, 0x00, 0x55, 0x55, 0x55, 0x15, 0x00, 0x00, 0x00, 0x00, 0x00, 0x00, 0xFF, 0x0A, 0xDB, 0xDE,
    0x00, 0x00, 0x55, 0x55, 0x55, 0x58, 0x00, 0x00, 0x00, 0x00, 0x00, 0x00, 0xA0, 0xFF, 0xDB, 0xDE, 0x00, 0x00, 0x55,
    0x55, 0x55, 0xC9, 0x00, 0x00, 0x00, 0x00, 0x00, 0x00, 0x05, 0x00, 0x01, 0x00, 0x00, 0x00, 0x55, 0x55, 0x55, 0x55,
    0x00, 0x00, 0x00, 0x00, 0x00, 0x00, 0x00, 0x00, 0x01, 0x00, 0x00, 0x00, 0x55, 0x55, 0x55, 0x55, 0x00, 0x00, 0x00,
    0x00, 0x00, 0x00, 0x00, 0x00, 0x01, 0x00, 0x00, 0x00, 0x55, 0x55, 0x55, 0x55, 0x00, 0x00, 0x00, 0x00, 0x00, 0x00,
    0x00, 0x00, 0x01, 0x00, 0x00, 0x00, 0x55, 0x55, 0x55, 0x55, 0x80, 0xFF, 0xE0, 0xFF, 0xE0, 0xFF, 0x40, 0xFE, 0x9A,
    0xD6, 0x00, 0x00, 0x09, 0xC1, 0xD5, 0x0D, 0xFF, 0xFF, 0xFF, 0xFF, 0xEC, 0xFF, 0xFF, 0xFF, 0xDB, 0xDE, 0x04, 0x21,
    0x80, 0x05, 0x0B, 0x00, 0x0C, 0x00, 0x0F, 0x00, 0x0F, 0x00, 0x0F, 0x00, 0x01, 0x00, 0x00, 0x00, 0x55, 0x55, 0x55,
    0x55, 0xF0, 0xFF, 0xF0, 0xFF, 0xF0, 0xFF, 0xF0, 0xFF, 0xDB, 0xDE, 0x00, 0x00, 0x01, 0x81, 0x41, 0x41, 0xFF, 0xFF,
    0xFF, 0xFF, 0x3B, 0xFB, 0x02, 0xF2, 0xDB, 0xDE, 0x41, 0x08, 0x00, 0x25, 0x15, 0x15, 0x4F, 0x00, 0xCF, 0x00, 0xFF,
    0x00, 0xFF, 0x00, 0x9A, 0xD6, 0x00, 0x00, 0x57, 0x56, 0x54, 0x54, 0x40, 0xFF, 0xB0, 0xFF, 0xF0, 0xFF, 0xF0, 0xFF,
    0x9A, 0xD6, 0x00, 0x00, 0x0D, 0x89, 0x41, 0x41, 0xFF, 0xFF, 0xFF, 0xFF, 0x5A, 0xFF, 0x02, 0x00, 0xDB, 0xDE, 0x00,
    0x00, 0x80, 0x0D, 0x55, 0x55, 0x0B, 0x00, 0x0F, 0x00, 0x0E, 0x00, 0x00, 0x00, 0x01, 0x00, 0x00, 0x00, 0x55, 0x55,
    0x55, 0x55, 0xF4, 0xFF, 0xFC, 0xFF, 0xFF, 0xBF, 0xFF, 0x2F, 0xDB, 0xDE, 0x41, 0x08, 0x03, 0x62, 0x50, 0x50, 0xFF,
    0xFF, 0xFF, 0xFF, 0xB3, 0xFF, 0x20, 0xFF, 0xDB, 0xDE, 0x41, 0x08, 0x00, 0x09, 0x05, 0x05, 0x0F, 0x00, 0x0F, 0x00,
    0x0F, 0x00, 0x0F, 0x00, 0x01, 0x00, 0x00, 0x00, 0x55, 0x55, 0x55, 0x55, 0xF4, 0xFF, 0xFB, 0xFF, 0xFF, 0xFF, 0xFF,
    0xFF, 0xDB, 0xDE, 0x00, 0x00, 0x03, 0x72, 0x00, 0x00, 0xFF, 0x4F, 0xFF, 0xCF, 0xFF, 0xFF, 0xFF, 0xFF, 0x9A, 0xD6,
    0x00, 0x00, 0x70, 0x63, 0x40, 0x40, 0x00, 0xF0, 0x00, 0xF0, 0x00, 0x00, 0x00, 0x00, 0xDB, 0xDE, 0x00, 0x00, 0x15,
    0x55, 0x55, 0x55, 0xFF, 0xFF, 0xFF, 0xFF, 0xFF, 0x0F, 0xFF, 0x0F, 0xDB, 0xDE, 0x00, 0x00, 0x00, 0x50, 0x50, 0x50,
    0x0F, 0x00, 0x0F, 0x00, 0x00, 0x00, 0x00, 0x00, 0x01, 0x00, 0x00, 0x00, 0x55, 0x55, 0x55, 0x55, 0x40, 0xFF, 0xC0,
    0xFF, 0xF0, 0xFF, 0xF0, 0xFF, 0x9A, 0xD6, 0x00, 0x00, 0x0D, 0x89, 0x41, 0x41, 0xFF, 0xFF, 0xFF, 0xFF, 0x3B, 0xFB,
    0x02, 0xF2, 0x9A, 0xD6, 0x41, 0x08, 0x00, 0x25, 0x15, 0x15, 0xFF, 0x00, 0xFF, 0x00, 0xFF, 0x00, 0xFF, 0x00, 0xDB,
    0xDE, 0x00, 0x00, 0x54, 0x54, 0x54, 0x54, 0xF0, 0xFF, 0xF0, 0xFF, 0xF0, 0xFF, 0xF0, 0xFF, 0xDB, 0xDE, 0x41, 0x08,
    0x81, 0x81, 0x41, 0x41, 0xFF, 0xFF, 0xFF, 0xFF, 0x3C, 0xF7, 0x02, 0xF1, 0xDB, 0xDE, 0x41, 0x08, 0x00, 0x35, 0x15,
    0x15, 0xAF, 0x00, 0xFF, 0x00, 0xFF, 0x00, 0xFF, 0x00, 0x9A, 0xD6, 0x00, 0x00, 0x56, 0x54, 0x54, 0x54, 0xF0, 0xFF,
    0xF0, 0xFF, 0xF0, 0xFF, 0xF0, 0xFF, 0xDB, 0xDE, 0x00, 0x00, 0x41, 0x41, 0x41, 0x41, 0x00, 0x00, 0x00, 0x00, 0x00,
    0x00, 0x00, 0x00, 0x01, 0x00, 0x00, 0x00, 0x55, 0x55, 0x55, 0x55, 0xF0, 0xFF, 0xF0, 0xFF, 0xF0, 0xFF, 0xF0, 0xFF,
    0xDB, 0xDE, 0x00, 0x00, 0x41, 0x41, 0x41, 0x41, 0x00, 0xF0, 0x00, 0xF0, 0x00, 0xF0, 0x00, 0xF0, 0xDB, 0xDE, 0x00,
    0x00, 0x15, 0x15, 0x15, 0x15, 0xFF, 0xF5, 0xFF, 0xFF, 0xFF, 0xFF, 0xFF, 0xFF, 0x9A, 0xD6, 0x00, 0x00, 0x34, 0x0C,
    0x00, 0x00, 0xFF, 0x3E, 0xFF, 0x03, 0x4F, 0x00, 0x5F, 0x00, 0x18, 0xC6, 0x00, 0x00, 0x5C, 0x57, 0x55, 0x57, 0x00,
    0xF0, 0x00, 0xF0, 0x00, 0xF0, 0x00, 0xF0, 0xDB, 0xDE, 0x00, 0x00, 0x15, 0x15, 0x15, 0x15, 0xFF, 0x00, 0xFF, 0x00,
    0xFF, 0x00, 0xFF, 0x00, 0xDB, 0xDE, 0x00, 0x00, 0x54, 0x54, 0x54, 0x54, 0xF0, 0xFF, 0xF0, 0xFF, 0xF0, 0xFF, 0xF0,
    0xFF, 0xDB, 0xDE, 0x00, 0x00, 0x01, 0x81, 0x41, 0x41, 0xFF, 0xFF, 0xFF, 0xFF, 0x5A, 0xFF, 0x02, 0xFF, 0xDB, 0xDE,
    0x00, 0x00, 0x80, 0x0D, 0x05, 0x05, 0xFF, 0xFF, 0xFF, 0xFF, 0xAF, 0xF6, 0x2F, 0xF1, 0xDB, 0xDE, 0x00, 0x00, 0x00,
    0x36, 0x15, 0x15, 0xCF, 0x00, 0xFF, 0x00, 0xFF, 0x00, 0xFF, 0x00, 0xDB, 0xDE, 0x00, 0x00, 0x56, 0x54, 0x54, 0x54,
    0xF0, 0xFF, 0xF0, 0xFF, 0xF0, 0xFF, 0xF0, 0xFF, 0xDB, 0xDE, 0x41, 0x08, 0x01, 0x81, 0x41, 0x41, 0xFF, 0xFF, 0xFF,
    0xFF, 0x3C, 0xF8, 0x03, 0xF2, 0xDB, 0xDE, 0x41, 0x08, 0x00, 0x35, 0x15, 0x15, 0xBF, 0x00, 0xFF, 0x00, 0xFF, 0x00,
    0xFF, 0x00, 0x9A, 0xD6, 0x00, 0x00, 0x56, 0x54, 0x54, 0x54, 0x20, 0xFE, 0xA0, 0xFF, 0xE0, 0xFF, 0xF0, 0xFF, 0x9A,
    0xD6, 0x41, 0x08, 0x05, 0x89, 0x41, 0x41, 0xFF, 0xFF, 0xFF, 0xFF, 0x3C, 0xFB, 0x02, 0xF2, 0x9A, 0xD6, 0x41, 0x08,
    0x00, 0x25, 0x15, 0x15, 0x2E, 0x00, 0xAF, 0x00, 0xFF, 0x00, 0xFF, 0x00, 0x59, 0xCE, 0x00, 0x00, 0x55, 0x56, 0x54,
    0x54, 0xF0, 0xFF, 0xF0, 0xFF, 0xF0, 0xFF, 0xF0, 0xFF, 0xDB, 0xDE, 0x00, 0x00, 0x01, 0x81, 0x41, 0x41, 0xFF, 0xFF,
    0xFF, 0xFF, 0x3B, 0xFB, 0x02, 0xF2, 0xDB, 0xDE, 0x41, 0x08, 0x00, 0x25, 0x15, 0x15, 0x4F, 0x00, 0xCF, 0x00, 0xFF,
    0x00, 0xFF, 0x00, 0x9A, 0xD6, 0x00, 0x00, 0x57, 0x56, 0x54, 0x54, 0x40, 0xFF, 0xC0, 0xFF, 0xF0, 0xFF, 0xF0, 0xFF,
    0xDB, 0xDE, 0x00, 0x00, 0x0D, 0x89, 0x41, 0x41, 0xFF, 0xFF, 0xFF, 0xFF, 0x3B, 0xFB, 0x02, 0xF2, 0xDB, 0xDE, 0x41,
    0x08, 0x00, 0x25, 0x15, 0x15, 0xFF, 0x00, 0xFF, 0x00, 0xFF, 0x00, 0xFF, 0x00, 0xDB, 0xDE, 0x00, 0x00, 0x54, 0x54,
    0x54, 0x54, 0xF0, 0xFF, 0xF0, 0xFF, 0xF0, 0xFF, 0xF0, 0xFF, 0x9A, 0xD6, 0x41, 0x08, 0x01, 0x81, 0x41, 0x41, 0xFF,
    0x0E, 0xFF, 0x0B, 0x3A, 0x02, 0x03, 0x00, 0xDB, 0xDE, 0x00, 0x00, 0x58, 0x55, 0x55, 0x55, 0x00, 0xB0, 0x00, 0xF0,
    0x00, 0xF0, 0x00, 0xD0, 0x5D, 0xEF, 0x00, 0x00, 0x95, 0x15, 0x95, 0x55, 0xFF, 0xFF, 0xFF, 0xFF, 0xFF, 0xCE, 0xFF,
    0xFF, 0x9A, 0xD6, 0x82, 0x10, 0x00, 0xD4, 0xE0, 0x02, 0xFF, 0x0A, 0xFF, 0x0F, 0xFF, 0x0E, 0xFF, 0x05, 0x9A, 0xD6,
    0x00, 0x00, 0x58, 0x50, 0x55, 0x5C, 0x00, 0xFF, 0x00, 0xFF, 0x00, 0xF0, 0x00, 0xF0, 0xDB, 0xDE, 0x00, 0x00, 0x05,
    0x15, 0x15, 0x15, 0xFF, 0xFF, 0xFF, 0xFF, 0xFF, 0x00, 0xFF, 0x00, 0xDB, 0xDE, 0x00, 0x00, 0x40, 0x54, 0x54, 0x54,
    0x00, 0xF0, 0x00, 0xF0, 0x00, 0xF0, 0x00, 0xF0, 0xDB, 0xDE, 0x00, 0x00, 0x15, 0x15, 0x15, 0x15, 0xFF, 0x00, 0xFF,
    0x00, 0xFF, 0x00, 0xFF, 0x00, 0xDB, 0xDE, 0x00, 0x00, 0x54, 0x54, 0x54, 0x54, 0xF0, 0xFF, 0xF0, 0xFF, 0xF0, 0xFF,
    0xF0, 0xFF, 0xDB, 0xDE, 0x00, 0x00, 0x41, 0x41, 0x41, 0x41, 0x00, 0x50, 0x00, 0x10, 0x00, 0x00, 0x00, 0x00, 0x41,
    0x08, 0x00, 0x00, 0x95, 0x55, 0x55, 0x55, 0xFF, 0x1F, 0xFF, 0x6F, 0xFB, 0xCF, 0xF5, 0xFF, 0x9A, 0xD6, 0x41, 0x08,
    0x50, 0x72, 0x63, 0x41, 0xF2, 0xFF, 0xF6, 0xFF, 0xFC, 0xBF, 0xFF, 0x5F, 0x9A, 0xD6, 0x00, 0x00, 0x41, 0x63, 0x72,
    0x50, 0x05, 0x00, 0x01, 0x00, 0x00, 0x00, 0x00, 0x00, 0x01, 0x00, 0x00, 0x00, 0x55, 0x55, 0x55, 0x55, 0x00, 0x00,
    0x00, 0x00, 0x00, 0x00, 0x00, 0x00, 0x01, 0x00, 0x00, 0x00, 0x55, 0x55, 0x55, 0x55, 0x00, 0x00, 0x00, 0x00, 0x00,
    0x00, 0x00, 0x00, 0x01, 0x00, 0x00, 0x00, 0x55, 0x55, 0x55, 0x55, 0x00, 0x00, 0x00, 0x00, 0x00, 0x00, 0x00, 0x00,
    0x01, 0x00, 0x00, 0x00, 0x55, 0x55, 0x55, 0x55, 0xD0, 0xFF, 0xF0, 0xFF, 0xF0, 0xFF, 0xB0, 0xFF, 0x9A, 0xD6, 0x00,
    0x00, 0x81, 0xC1, 0x09, 0x25, 0xFF, 0xFF, 0xAB, 0xFF, 0xFF, 0xFF, 0xFF, 0xFF, 0x9A, 0xD6, 0x82, 0x10, 0x07, 0x0D,
    0x00, 0x18, 0x0F, 0x00, 0x0F, 0x00, 0x2F, 0x00, 0xAF, 0x00, 0x10, 0x84, 0x00, 0x00, 0x55, 0x55, 0x57, 0x54, 0xF0,
    0xFF, 0xF0, 0xFF, 0xF0, 0xFF, 0xF0, 0xFF, 0xDB, 0xDE, 0x41, 0x08, 0x41, 0x81, 0x01, 0xC1, 0x03, 0xF2, 0x3C, 0xFB,
    0xFF, 0xFF, 0xFF, 0xFF, 0x9A, 0xD6, 0x41, 0x08, 0x15, 0x25, 0x00, 0xC0, 0xFF, 0x00, 0xFF, 0x00, 0xBF, 0x00, 0x4F,
    0x00, 0x59, 0xCE, 0x00, 0x00, 0x54, 0x56, 0x57, 0x55, 0xF0, 0xFF, 0xF0, 0xFF, 0xB0, 0xFF, 0x40, 0xFF, 0x59, 0xCE,
    0x00, 0x00, 0x41, 0x89, 0x0D, 0x35, 0x02, 0x00, 0x59, 0xFF, 0xFF, 0xFF, 0xFF, 0xFF, 0x59, 0xCE, 0x00, 0x00, 0x55,
    0x0D, 0x80, 0x60, 0x00, 0x00, 0x0D, 0x00, 0x0E, 0x00, 0x07, 0x00, 0x01, 0x00, 0x00, 0x00, 0x55, 0x55, 0x55, 0x55,
    0xFF, 0x2F, 0xFF, 0xBF, 0xFB, 0xFF, 0xF4, 0xFF, 0x9A, 0xD6, 0x41, 0x08, 0x50, 0x62, 0x03, 0x0D, 0x20, 0xFF, 0xB3,
    0xFF, 0xFF, 0xFF, 0xFF, 0xFF, 0x9A, 0xD6, 0x41, 0x08, 0x05, 0x09, 0x00, 0x0C, 0x0F, 0x00, 0x0F, 0x00, 0x0F, 0x00,
    0x0F, 0x00, 0x01, 0x00, 0x00, 0x00, 0x55, 0x55, 0x55, 0x55, 0xFF, 0xFF, 0xFF, 0x9F, 0xFC, 0xFF, 0xF4, 0xFF, 0x9A,
    0xD6, 0x00, 0x00, 0x50, 0x62, 0x03, 0x0D, 0xFF, 0xFF, 0xF6, 0xDF, 0xFF, 0xDF, 0xFF, 0x5F, 0x9A, 0xD6, 0x00, 0x00,
    0x55, 0x43, 0x70, 0x5C, 0x00, 0x00, 0x00, 0x00, 0x00, 0x00, 0x00, 0x00, 0x01, 0x00, 0x00, 0x00, 0x55, 0x55, 0x55,
    0x55, 0xFF, 0x0F, 0xFF, 0x0F, 0xFF, 0x0F, 0xFF, 0x0F, 0xDB, 0xDE, 0x00, 0x00, 0x50, 0x50, 0x50, 0x50, 0x00, 0x00,
    0x00, 0x00, 0x00, 0x00, 0x00, 0x00, 0x01, 0x00, 0x00, 0x00, 0x55, 0x55, 0x55, 0x55, 0xF0, 0xFF, 0xF0, 0xFF, 0xB0,
    0xFF, 0x40, 0xFF, 0x9A, 0xD6, 0x00, 0x00, 0x41, 0x89, 0x0D, 0x35, 0x02, 0xF2, 0x3B, 0xFC, 0xFF, 0xFF, 0xFF, 0xFF,
    0xDB, 0xDE, 0x82, 0x10, 0x15, 0x25, 0x20, 0x18, 0xFF, 0x00, 0xFF, 0x00, 0xFF, 0x00, 0xFF, 0x00, 0xDB, 0xDE, 0x00,
    0x00, 0x54, 0x54, 0x54, 0x54, 0xF0, 0xFF, 0xF0, 0xFF, 0xF0, 0xFF, 0xF0, 0xFF, 0xDB, 0xDE, 0x00, 0x00, 0x41, 0x41,
    0x41, 0x41, 0x00, 0xF0, 0x00, 0xF0, 0x00, 0xF0, 0x00, 0xF0, 0xDB, 0xDE, 0x00, 0x00, 0x15, 0x15, 0x15, 0x15, 0xFF,
    0x00, 0xFF, 0x00, 0xFF, 0x00, 0xFF, 0x00, 0xDB, 0xDE, 0x00, 0x00, 0x54, 0x54, 0x54, 0x54, 0xF0, 0xFF, 0xF0, 0xFF,
    0xF0, 0xFF, 0xF0, 0xFF, 0xDB, 0xDE, 0x00, 0x00, 0x41, 0x41, 0x41, 0x41, 0x00, 0x00, 0x00, 0x00, 0x00, 0x00, 0x00,
    0x00, 0x01, 0x00, 0x00, 0x00, 0x55, 0x55, 0x55, 0x55, 0xF0, 0xFF, 0xF0, 0xFF, 0xF0, 0xFF, 0xF0, 0xFF, 0xDB, 0xDE,
    0x00, 0x00, 0x41, 0x41, 0x41, 0x41, 0x00, 0xF0, 0x00, 0xF0, 0x00, 0xF0, 0x00, 0xF0, 0xDB, 0xDE, 0x00, 0x00, 0x15,
    0x15, 0x15, 0x15, 0xFF, 0xFF, 0xFF, 0xFB, 0xFF, 0xE1, 0xFF, 0x50, 0x9A, 0xD6, 0x00, 0x00, 0x38, 0x14, 0xD4, 0x54,
    0xDF, 0x00, 0xFF, 0x04, 0xFF, 0x0C, 0xFF, 0x4F, 0x1C, 0xE7, 0x00, 0x00, 0x56, 0x5C, 0x58, 0x72, 0x00, 0xF0, 0x00,
    0xF0, 0x00, 0xF0, 0x00, 0xF0, 0xDB, 0xDE, 0x00, 0x00, 0x15, 0x15, 0x15, 0x15, 0xFF, 0x00, 0xFF, 0x00, 0xFF, 0x00,
    0xFF, 0x00, 0xDB, 0xDE, 0x00, 0x00, 0x54, 0x54, 0x54, 0x54, 0xF0, 0xFF, 0xF0, 0xFF, 0xF0, 0xFF, 0xF0, 0xFF, 0xDB,
    0xDE, 0x00, 0x00, 0x41, 0x41, 0x41, 0x41, 0x00, 0xFF, 0x00, 0xFF, 0x00, 0xFF, 0x00, 0xFF, 0xDB, 0xDE, 0x00, 0x00,
    0x05, 0x05, 0x05, 0x05, 0x0F, 0xF0, 0x0F, 0xF0, 0x0F, 0xF0, 0x0F, 0xF0, 0xDB, 0xDE, 0x00, 0x00, 0x15, 0x15, 0x15,
    0x15, 0xFF, 0x00, 0xFF, 0x00, 0xFF, 0x00, 0xFF, 0x00, 0xDB, 0xDE, 0x00, 0x00, 0x54, 0x54, 0x54, 0x54, 0xF0, 0xFF,
    0xF0, 0xFF, 0xF0, 0xFF, 0xF0, 0xFF, 0xDB, 0xDE, 0x00, 0x00, 0x41, 0x41, 0x41, 0x41, 0x00, 0xF0, 0x00, 0xF0, 0x00,
    0xF0, 0x00, 0xF0, 0xDB, 0xDE, 0x00, 0x00, 0x15, 0x15, 0x15, 0x15, 0xFF, 0x00, 0xFF, 0x00, 0xFF, 0x00, 0xFF, 0x00,
    0xDB, 0xDE, 0x00, 0x00, 0x54, 0x54, 0x54, 0x54, 0xF0, 0xFF, 0xF0, 0xFF, 0xA0, 0xFF, 0x30, 0xFF, 0x9A, 0xD6, 0x82,
    0x10, 0x41, 0x89, 0x05, 0x95, 0x02, 0xF2, 0x3C, 0xFB, 0xFF, 0xFF, 0xFF, 0xFF, 0x9A, 0xD6, 0x82, 0x10, 0x15, 0x25,
    0x00, 0x60, 0xFF, 0x00, 0xFF, 0x00, 0xAF, 0x00, 0x2E, 0x00, 0x59, 0xCE, 0x00, 0x00, 0x54, 0x56, 0x55, 0x55, 0xF0,
    0xFF, 0xF0, 0xFF, 0xF0, 0xFF, 0xF0, 0xFF, 0xDB, 0xDE, 0x41, 0x08, 0x41, 0x81, 0x01, 0xC1, 0x03, 0xF2, 0x3C, 0xFB,
    0xFF, 0xFF, 0xFF, 0xFF, 0xDB, 0xDE, 0x41, 0x08, 0x15, 0x25, 0x00, 0xE2, 0xFF, 0x00, 0xFF, 0x00, 0xBF, 0x00, 0x4F,
    0x00, 0x59, 0xCE, 0x00, 0x00, 0x54, 0x56, 0x57, 0x55, 0xF0, 0xFF, 0xF0, 0xFF, 0xB0, 0xFF, 0x30, 0xFF, 0x9A, 0xD6,
    0x00, 0x00, 0x41, 0x89, 0x0D, 0x35, 0x02, 0xF3, 0x3B, 0xFC, 0xFF, 0xFF, 0xFF, 0xFF, 0xDB, 0xDE, 0x82, 0x10, 0x15,
    0x25, 0x00, 0x38, 0xFF, 0x00, 0xFF, 0x00, 0xFF, 0x00, 0xFF, 0x00, 0xDB, 0xDE, 0x00, 0x00, 0x54, 0x54, 0x54, 0x54,
    0xF0, 0xFF, 0xF0, 0xFF, 0xF0, 0xFF, 0xF0, 0xFF, 0xDB, 0xDE, 0x00, 0x00, 0x41, 0x41, 0x41, 0x41, 0x01, 0x00, 0x00,
    0x00, 0x00, 0x00, 0x00, 0x00, 0x01, 0x00, 0x00, 0x00, 0x55, 0x55, 0x55, 0x55, 0x00, 0x30, 0x00, 0xF0, 0x00, 0xF0,
    0x00, 0xA0, 0xDB, 0xDE, 0x00, 0x00, 0x55, 0x15, 0x95, 0x55, 0xFD, 0xFF, 0xFF, 0xDB, 0xFF, 0xFF, 0xFF, 0xFF, 0x9A,
    0xD6, 0x00, 0x00, 0xAD, 0xDC, 0x00, 0x02, 0xFF, 0x0E, 0xFF, 0x0F, 0xFF, 0x0F, 0xFF, 0x0A, 0x9A, 0xD6, 0x00, 0x00,
    0x50, 0x50, 0x58, 0x56, 0x00, 0xF0, 0x00, 0xF0, 0x00, 0xF0, 0x00, 0xE0, 0x9A, 0xD6, 0x00, 0x00, 0x15, 0x15, 0x15,
    0xD5, 0xFF, 0x00, 0xFF, 0x23, 0xFF, 0xAF, 0xFF, 0xEF, 0xDB, 0xDE, 0x41, 0x08, 0x54, 0x54, 0x60, 0x60, 0x00, 0xF0,
    0x00, 0xF0, 0x00, 0xF0, 0x00, 0xA0, 0x9A, 0xD6, 0x00, 0x00, 0x15, 0x15, 0x95, 0x55, 0xFF, 0x02, 0xFF, 0x38, 0xFF,
    0xFF, 0xFF, 0xFF, 0xDB, 0xDE, 0x41, 0x08, 0x54, 0x5C, 0x00, 0x82, 0xF2, 0xFF, 0xFB, 0xFF, 0xFF, 0xFF, 0xFF, 0xFF,
    0xDB, 0xDE, 0x00, 0x00, 0x41, 0x42, 0x40, 0x43, 0x00, 0x00, 0x00, 0x00, 0x00, 0x00, 0x00, 0x00, 0x01, 0x00, 0x00,
    0x00, 0x55, 0x55, 0x55, 0x55, 0xF1, 0xFF, 0xB0, 0xFF, 0x40, 0xFF, 0x00, 0xFE, 0x9A, 0xD6, 0x00, 0x00, 0x89, 0x0D,
    0x05, 0x25, 0xFF, 0x1F, 0xFF, 0x0B, 0xFF, 0x04, 0xFF, 0x01, 0x9A, 0xD6, 0x00, 0x00, 0x58, 0x5C, 0x54, 0x56, 0x00,
    0x00, 0x00, 0x00, 0x00, 0x00, 0x00, 0x00, 0x01, 0x00, 0x00, 0x00, 0x55, 0x55, 0x55, 0x55, 0x00, 0x00, 0x00, 0x00,
    0x00, 0x00, 0x00, 0x00, 0x01, 0x00, 0x00, 0x00, 0x55, 0x55, 0x55, 0x55, 0x00, 0x00, 0x00, 0x00, 0x00, 0x00, 0x00,
    0x00, 0x01, 0x00, 0x00, 0x00, 0x55, 0x55, 0x55, 0x55, 0x00, 0x00, 0x00, 0x00, 0x00, 0x00, 0x00, 0x00, 0x01, 0x00,
    0x00, 0x00, 0x55, 0x55, 0x55, 0x55, 0x20, 0xFB, 0x00, 0x00, 0x00, 0x00, 0x00, 0x00, 0x01, 0x00, 0x00, 0x00, 0x55,
    0x55, 0x55, 0x55, 0xFF, 0xFA, 0x00, 0x00, 0x00, 0x00, 0x00, 0x00, 0x01, 0x00, 0x00, 0x00, 0x55, 0x55, 0x55, 0x55,
    0x9F, 0x00, 0x00, 0x00, 0x00, 0x00, 0x00, 0x00, 0x01, 0x00, 0x00, 0x00, 0x55, 0x55, 0x55, 0x55, 0xF0, 0xFF, 0x00,
    0x00, 0x00, 0x00, 0x00, 0x00, 0x01, 0x00, 0x00, 0x00, 0x55, 0x55, 0x55, 0x55, 0xFD, 0xDF, 0x00, 0x00, 0x00, 0x00,
    0x00, 0x00, 0x01, 0x00, 0x00, 0x00, 0x55, 0x55, 0x55, 0x55, 0x05, 0x00, 0x00, 0x00, 0x00, 0x00, 0x00, 0x00, 0x01,
    0x00, 0x00, 0x00, 0x55, 0x55, 0x55, 0x55, 0x00, 0xD5, 0x00, 0x00, 0x00, 0x00, 0x00, 0x00, 0x01, 0x00, 0x00, 0x00,
    0x55, 0x55, 0x55, 0x55, 0xFF, 0x8E, 0x00, 0x00, 0x00, 0x00, 0x00, 0x00, 0x01, 0x00, 0x00, 0x00, 0x55, 0x55, 0x55,
    0x55, 0x01, 0x00, 0x00, 0x00, 0x00, 0x00, 0x00, 0x00, 0x01, 0x00, 0x00, 0x00, 0x55, 0x55, 0x55, 0x55, 0x50, 0xFD,
    0x00, 0x00, 0x00, 0x00, 0x00, 0x00, 0x01, 0x00, 0x00, 0x00, 0x55, 0x55, 0x55, 0x55, 0xDF, 0xFF, 0x00, 0x00, 0x00,
    0x00, 0x00, 0x00, 0x01, 0x00, 0x00, 0x00, 0x55, 0x55, 0x55, 0x55, 0x0F, 0x00, 0x00, 0x00, 0x00, 0x00, 0x00, 0x00,
    0x01, 0x00, 0x00, 0x00, 0x55, 0x55, 0x55, 0x55, 0x50, 0xFD, 0x00, 0x00, 0x00, 0x00, 0x00, 0x00, 0x01, 0x00, 0x00,
    0x00, 0x55, 0x55, 0x55, 0x55, 0xEF, 0x06, 0x00, 0x00, 0x00, 0x00, 0x00, 0x00, 0x01, 0x00, 0x00, 0x00, 0x55, 0x55,
    0x55, 0x55, 0x00, 0x00, 0x00, 0x00, 0x00, 0x00, 0x00, 0x00, 0x01, 0x00, 0x00, 0x00, 0x55, 0x55, 0x55, 0x55, 0xFF,
    0x0F, 0x00, 0x00, 0x00, 0x00, 0x00, 0x00, 0x01, 0x00, 0x00, 0x00, 0x55, 0x55, 0x55, 0x55, 0x00, 0x00, 0x00, 0x00,
    0x00, 0x00, 0x00, 0x00, 0x01, 0x00, 0x00, 0x00, 0x55, 0x55, 0x55, 0x55, 0xF0, 0xFF, 0xF0, 0xFF, 0xA0, 0xFF, 0x20,
    0xE9, 0x9A, 0xD6, 0x00, 0x00, 0xC1, 0x09, 0x25, 0x55, 0xFF, 0xFC, 0xFF, 0xFF, 0xFF, 0xFF, 0xFF, 0xEF, 0x9A, 0xD6,
    0x00, 0x00, 0x35, 0x00, 0x80, 0x55, 0xFF, 0x00, 0xEF, 0x00, 0x8F, 0x00, 0x18, 0x00, 0x96, 0xB5, 0x00, 0x00, 0x54,
    0x56, 0x55, 0x55, 0xF0, 0xFF, 0x00, 0x00, 0x00, 0x00, 0x00, 0x00, 0x01, 0x00, 0x00, 0x00, 0x55, 0x55, 0x55, 0x55,
    0x00, 0xF0, 0x00, 0x00, 0x00, 0x00, 0x00, 0x00, 0x01, 0x00, 0x00, 0x00, 0x55, 0x55, 0x55, 0x55, 0xFF, 0x00, 0x00,
    0x00, 0x00, 0x00, 0x00, 0x00, 0x01, 0x00, 0x00, 0x00, 0x55, 0x55, 0x55, 0x55, 0xF0, 0xFF, 0x00, 0x00, 0x00, 0x00,
    0x00, 0x00, 0x01, 0x00, 0x00, 0x00, 0x55, 0x55, 0x55, 0x55, 0x00, 0x10, 0x00, 0xA0, 0x00, 0xE0, 0x00, 0xC0, 0xD3,
    0x9C, 0x00, 0x00, 0x55, 0x15, 0x15, 0x55, 0xF3, 0xFF, 0xFF, 0xFF, 0xFF, 0xDF, 0xFF, 0x4D, 0x9A, 0xD6, 0x00, 0x00,
    0x41, 0x60, 0x70, 0x55, 0x00, 0xF0, 0x00, 0x00, 0x00, 0x00, 0x00, 0x00, 0x01, 0x00, 0x00, 0x00, 0x55, 0x55, 0x55,
    0x55, 0xFF, 0x00, 0x00, 0x00, 0x00, 0x00, 0x00, 0x00, 0x01, 0x00, 0x00, 0x00, 0x55, 0x55, 0x55, 0x55, 0xFB, 0x4F,
    0x00, 0x00, 0x00, 0x00, 0x00, 0x00, 0x01, 0x00, 0x00, 0x00, 0x55, 0x55, 0x55, 0x55, 0x00, 0xF0, 0x00, 0x00, 0x00,
    0x00, 0x00, 0x00, 0x01, 0x00, 0x00, 0x00, 0x55, 0x55, 0x55, 0x55, 0xFF, 0x00, 0x00, 0x00, 0x00, 0x00, 0x00, 0x00,
    0x01, 0x00, 0x00, 0x00, 0x55, 0x55, 0x55, 0x55, 0xF0, 0xFF, 0x00, 0x00, 0x00, 0x00, 0x00, 0x00, 0x01, 0x00, 0x00,
    0x00, 0x55, 0x55, 0x55, 0x55, 0x00, 0xFF, 0x00, 0x00, 0x00, 0x00, 0x00, 0x00, 0x01, 0x00, 0x00, 0x00, 0x55, 0x55,
    0x55, 0x55, 0x0F, 0xF0, 0x00, 0x00, 0x00, 0x00, 0x00, 0x00, 0x01, 0x00, 0x00, 0x00, 0x55, 0x55, 0x55, 0x55, 0xFF,
    0x00, 0x00, 0x00, 0x00, 0x00, 0x00, 0x00, 0x01, 0x00, 0x00, 0x00, 0x55, 0x55, 0x55, 0x55, 0xF0, 0xFF, 0x00, 0x00,
    0x00, 0x00, 0x00, 0x00, 0x01, 0x00, 0x00, 0x00, 0x55, 0x55, 0x55, 0x55, 0x00, 0xF0, 0x00, 0x00, 0x00, 0x00, 0x00,
    0x00, 0x01, 0x00, 0x00, 0x00, 0x55, 0x55, 0x55, 0x55, 0xFF, 0x00, 0x00, 0x00, 0x00, 0x00, 0x00, 0x00, 0x01, 0x00,
    0x00, 0x00, 0x55, 0x55, 0x55, 0x55, 0x00, 0xB3, 0x00, 0x00, 0x00, 0x00, 0x00, 0x00, 0x01, 0x00, 0x00, 0x00, 0x55,
    0x55, 0x55, 0x55, 0xFF, 0xBF, 0x00, 0x00, 0x00, 0x00, 0x00, 0x00, 0x01, 0x00, 0x00, 0x00, 0x55, 0x55, 0x55, 0x55,
    0x03, 0x00, 0x00, 0x00, 0x00, 0x00, 0x00, 0x00, 0x01, 0x00, 0x00, 0x00, 0x55, 0x55, 0x55, 0x55, 0xF0, 0xFF, 0xF0,
    0xFF, 0xF0, 0xFF, 0xF0, 0xFF, 0xDB, 0xDE, 0x00, 0x00, 0x41, 0x41, 0x41, 0x55, 0xFD, 0xDF, 0x00, 0x00, 0x00, 0x00,
    0x00, 0x00, 0x01, 0x00, 0x00, 0x00, 0x55, 0x55, 0x55, 0x55, 0x04, 0x00, 0x00, 0x00, 0x00, 0x00, 0x00, 0x00, 0x01,
    0x00, 0x00, 0x00, 0x55, 0x55, 0x55, 0x55, 0x00, 0xD4, 0x00, 0x00, 0x00, 0x00, 0x00, 0x00, 0x01, 0x00, 0x00, 0x00,
    0x55, 0x55, 0x55, 0x55, 0xFF, 0xFD, 0x00, 0xF0, 0x00, 0xF0, 0x00, 0xF0, 0xDB, 0xDE, 0x00, 0x00, 0x15, 0x15, 0x15,
    0x55, 0xFF, 0x00, 0xFF, 0x00, 0xFF, 0x00, 0xFF, 0x00, 0xDB, 0xDE, 0x00, 0x00, 0x54, 0x54, 0x54, 0x55, 0xF0, 0xFF,
    0x00, 0x00, 0x00, 0x00, 0x00, 0x00, 0x01, 0x00, 0x00, 0x00, 0x55, 0x55, 0x55, 0x55, 0x00, 0x00, 0x00, 0x00, 0x00,
    0x00, 0x00, 0x00, 0x01, 0x00, 0x00, 0x00, 0x55, 0x55, 0x55, 0x55, 0x00, 0x20, 0x00, 0x00, 0x00, 0x00, 0x00, 0x00,
    0x01, 0x00, 0x00, 0x00, 0x55, 0x55, 0x55, 0x55, 0xE9, 0xFF, 0x00, 0x00, 0x00, 0x00, 0x00, 0x00, 0x01, 0x00, 0x00,
    0x00, 0x55, 0x55, 0x55, 0x55, 0x9F, 0x02, 0x00, 0x00, 0x00, 0x00, 0x00, 0x00, 0x01, 0x00, 0x00, 0x00, 0x55, 0x55,
    0x55, 0x55, 0x00, 0x50, 0x00, 0x00, 0x00, 0x00, 0x00, 0x00, 0x01, 0x00, 0x00, 0x00, 0x55, 0x55, 0x55, 0x55, 0xFE,
    0xBF, 0x00, 0x00, 0x00, 0x00, 0x00, 0x00, 0x01, 0x00, 0x00, 0x00, 0x55, 0x55, 0x55, 0x55, 0x00, 0x20, 0x00, 0x00,
    0x00, 0x00, 0x00, 0x00, 0x01, 0x00, 0x00, 0x00, 0x55, 0x55, 0x55, 0x55, 0xFA, 0xFF, 0x00, 0x00, 0x00, 0x00, 0x00,
    0x00, 0x01, 0x00, 0x00, 0x00, 0x55, 0x55, 0x55, 0x55, 0xFC, 0xFF, 0x00, 0x00, 0x00, 0x00, 0x00, 0x00, 0x01, 0x00,
    0x00, 0x00, 0x55, 0x55, 0x55, 0x55, 0x00, 0x00, 0x00, 0x00, 0x00, 0x00, 0x00, 0x00, 0x01, 0x00, 0x00, 0x00, 0x55,
    0x55, 0x55, 0x55, 0x00, 0xF8, 0x00, 0x00, 0x00, 0x00, 0x00, 0x00, 0x01, 0x00, 0x00, 0x00, 0x55, 0x55, 0x55, 0x55,
    0x9F, 0x00, 0x00, 0x00, 0x00, 0x00, 0x00, 0x00, 0x01, 0x00, 0x00, 0x00, 0x55, 0x55, 0x55, 0x55, 0x00, 0x00, 0x00,
    0x00, 0x00, 0x00, 0x00, 0x00, 0x01, 0x00, 0x00, 0x00, 0x55, 0x55, 0x55, 0x55, 0x00, 0x00, 0x00, 0x00, 0x00, 0x00,
    0x00, 0x00, 0x01, 0x00, 0x00, 0x00, 0x55, 0x55, 0x55, 0x55, 0x00, 0x00, 0x00, 0x00, 0x00, 0x00, 0x00, 0x00, 0x01,
    0x00, 0x00, 0x00, 0x55, 0x55, 0x55, 0x55, 0x00, 0x00, 0x00, 0x00, 0x00, 0x00, 0x00, 0x00, 0x01, 0x00, 0x00, 0x00,
    0x55, 0x55, 0x55, 0x55, 0x00, 0x00, 0x00, 0x00, 0x00, 0x00, 0x00, 0x00, 0x01, 0x00, 0x00, 0x00, 0x55, 0x55, 0x55,
    0x55, 0x00, 0x00, 0x00, 0x00, 0x00, 0x00, 0x00, 0x00, 0x01, 0x00, 0x00, 0x00, 0x55, 0x55, 0x55, 0x55, 0x00, 0x00,
    0x00, 0x00, 0x00, 0x00, 0x00, 0x00, 0x01, 0x00, 0x00, 0x00, 0x55, 0x55, 0x55, 0x55, 0x00, 0x00, 0x00, 0x00, 0x00,
    0x00, 0x00, 0x00, 0x01, 0x00, 0x00, 0x00, 0x55, 0x55, 0x55, 0x55, 0x00, 0x00, 0x00, 0x00, 0x00, 0x00, 0x00, 0x00,
    0x01, 0x00, 0x00, 0x00, 0x55, 0x55, 0x55, 0x55, 0x00, 0x00, 0x00, 0x00, 0x00, 0x00, 0x00, 0x00, 0x01, 0x00, 0x00,
    0x00, 0x55, 0x55, 0x55, 0x55, 0x00, 0x00, 0x00, 0x00, 0x00, 0x00, 0x00, 0x00, 0x01, 0x00, 0x00, 0x00, 0x55, 0x55,
    0x55, 0x55, 0x00, 0x00, 0x00, 0x00, 0x00, 0x00, 0x00, 0x00, 0x01, 0x00, 0x00, 0x00, 0x55, 0x55, 0x55, 0x55, 0x00,
    0x00, 0x00, 0x00, 0x00, 0x00, 0x00, 0x00, 0x01, 0x00, 0x00, 0x00, 0x55, 0x55, 0x55, 0x55, 0x00, 0x00, 0x00, 0x00,
    0x00, 0x00, 0x00, 0x00, 0x01, 0x00, 0x00, 0x00, 0x55, 0x55, 0x55, 0x55, 0x00, 0x00, 0x00, 0x00, 0x00, 0x00, 0x00,
    0x00, 0x01, 0x00, 0x00, 0x00, 0x55, 0x55, 0x55, 0x55, 0x00, 0x00, 0x00, 0x00, 0x00, 0x00, 0x00, 0x00, 0x01, 0x00,
    0x00, 0x00, 0x55, 0x55, 0x55, 0x55, 0x00, 0x00, 0x00, 0x00, 0x00, 0x00, 0x00, 0x00, 0x01, 0x00, 0x00, 0x00, 0x55,
    0x55, 0x55, 0x55, 0x00, 0x00, 0x00, 0x00, 0x00, 0x00, 0x00, 0x00, 0x01, 0x00, 0x00, 0x00, 0x55, 0x55, 0x55, 0x55,
    0x00, 0x00, 0x00, 0x00, 0x00, 0x00, 0x00, 0x00, 0x01, 0x00, 0x00, 0x00, 0x55, 0x55, 0x55, 0x55, 0x00, 0x00, 0x00,
    0x00, 0x00, 0x00, 0x00, 0x00, 0x01, 0x00, 0x00, 0x00, 0x55, 0x55, 0x55, 0x55, 0x00, 0x00, 0x00, 0x00, 0x00, 0x00,
    0x00, 0x00, 0x01, 0x00, 0x00, 0x00, 0x55, 0x55, 0x55, 0x55, 0x00, 0x00, 0x00, 0x00, 0x00, 0x00, 0x00, 0x00, 0x01,
    0x00, 0x00, 0x00, 0x55, 0x55, 0x55, 0x55, 0x00, 0x00, 0x00, 0x00, 0x00, 0x00, 0x00, 0x00, 0x01, 0x00, 0x00, 0x00,
    0x55, 0x55, 0x55, 0x55, 0x00, 0x00, 0x00, 0x00, 0x00, 0x00, 0x00, 0x00, 0x01, 0x00, 0x00, 0x00, 0x55, 0x55, 0x55,
    0x55, 0x00, 0x00, 0x00, 0x00, 0x00, 0x00, 0x00, 0x00, 0x01, 0x00, 0x00, 0x00, 0x55, 0x55, 0x55, 0x55, 0x00, 0x00,
    0x00, 0x00, 0x00, 0x00, 0x00, 0x00, 0x01, 0x00, 0x00, 0x00, 0x55, 0x55, 0x55, 0x55, 0x00, 0x00, 0x00, 0x00, 0x00,
    0x00, 0x00, 0x00, 0x01, 0x00, 0x00, 0x00, 0x55, 0x55, 0x55, 0x55, 0x00, 0x00, 0x00, 0x00, 0x00, 0x00, 0x00, 0x00,
    0x01, 0x00, 0x00, 0x00, 0x55, 0x55, 0x55, 0x55, 0x00, 0x00, 0x00, 0x00, 0x00, 0x00, 0x00, 0x00, 0x01, 0x00, 0x00,
    0x00, 0x55, 0x55, 0x55, 0x55, 0x00, 0x00, 0x00, 0x00, 0x00, 0x00, 0x00, 0x00, 0x01, 0x00, 0x00, 0x00, 0x55, 0x55,
    0x55, 0x55, 0x00, 0x00, 0x00, 0x00, 0x00, 0x00, 0x00, 0x00, 0x01, 0x00, 0x00, 0x00, 0x55, 0x55, 0x55, 0x55, 0x00,
    0x00, 0x00, 0x00, 0x00, 0x00, 0x00, 0x00, 0x01, 0x00, 0x00, 0x00, 0x55, 0x55, 0x55, 0x55, 0x00, 0x00, 0x00, 0x00,
    0x00, 0x00, 0x00, 0x00, 0x01, 0x00, 0x00, 0x00, 0x55, 0x55, 0x55, 0x55, 0x00, 0x00, 0x00, 0x00, 0x00, 0x00, 0x00,
    0x00, 0x01, 0x00, 0x00, 0x00, 0x55, 0x55, 0x55, 0x55, 0x00, 0x00, 0x00, 0x00, 0x00, 0x00, 0x00, 0x00, 0x01, 0x00,
    0x00, 0x00, 0x55, 0x55, 0x55, 0x55, 0x00, 0x00, 0x00, 0x00, 0x00, 0x00, 0x00, 0x00, 0x01, 0x00, 0x00, 0x00, 0x55,
    0x55, 0x55, 0x55, 0x00, 0x00, 0x00, 0x00, 0x00, 0x80, 0x00, 0x80, 0xCF, 0x7B, 0x00, 0x00, 0x55, 0x55, 0x15, 0x55,
    0x00, 0x00, 0x00, 0x00, 0xFF, 0x04, 0xFF, 0x0C, 0x9A, 0xD6, 0x00, 0x00, 0x55, 0x55, 0x5C, 0x5A, 0x00, 0x00, 0x00,
    0x00, 0x00, 0x00, 0x00, 0x00, 0x01, 0x00, 0x00, 0x00, 0x55, 0x55, 0x55, 0x55, 0x00, 0x00, 0x00, 0x00, 0x00, 0x00,
    0x00, 0x00, 0x01, 0x00, 0x00, 0x00, 0x55, 0x55, 0x55, 0x55, 0x00, 0x00, 0x00, 0x00, 0x00, 0x40, 0x00, 0xC0, 0x14,
    0xA5, 0x00, 0x00, 0x55, 0x55, 0xD5, 0x15, 0x00, 0x00, 0x00, 0x00, 0xFF, 0x08, 0xFF, 0x08, 0xDB, 0xDE, 0x00, 0x00,
    0x55, 0x55, 0x58, 0x56, 0x00, 0x00, 0x00, 0x00, 0x00, 0x00, 0x00, 0x00, 0x01, 0x00, 0x00, 0x00, 0x55, 0x55, 0x55,
    0x55, 0x00, 0x00, 0x00, 0x00, 0x00, 0x00, 0x00, 0x00, 0x01, 0x00, 0x00, 0x00, 0x55, 0x55, 0x55, 0x55, 0x00, 0x00,
    0x00, 0x00, 0xFF, 0xFF, 0xFF, 0xFF, 0xDB, 0xDE, 0x00, 0x00, 0x55, 0x55, 0x10, 0x10, 0x00, 0x00, 0x00, 0x00, 0xFF,
    0x00, 0xFF, 0x00, 0xDB, 0xDE, 0x00, 0x00, 0x55, 0x55, 0x54, 0x54, 0x00, 0x00, 0x00, 0x00, 0x00, 0x00, 0x00, 0x00,
    0x01, 0x00, 0x00, 0x00, 0x55, 0x55, 0x55, 0x55, 0x00, 0x00, 0x00, 0x00, 0x00, 0x80, 0x00, 0x80, 0xCF, 0x7B, 0x00,
    0x00, 0x55, 0x55, 0x15, 0x55, 0x00, 0x00, 0x00, 0x00, 0xFF, 0x04, 0xFF, 0x0C, 0x9A, 0xD6, 0x00, 0x00, 0x55, 0x55,
    0x5C, 0x5A, 0x00, 0x00, 0x00, 0x00, 0x00, 0x00, 0x00, 0x00, 0x01, 0x00, 0x00, 0x00, 0x55, 0x55, 0x55, 0x55, 0x00,
    0x00, 0x00, 0x00, 0x00, 0x00, 0x00, 0x00, 0x01, 0x00, 0x00, 0x00, 0x55, 0x55, 0x55, 0x55, 0x00, 0x00, 0x00, 0x00,
    0x40, 0xFF, 0xC0, 0xFF, 0x59, 0xCE, 0x00, 0x00, 0x55, 0x55, 0x8D, 0x69, 0x00, 0x00, 0x00, 0x00, 0x08, 0x00, 0x08,
    0x00, 0x01, 0x00, 0x00, 0x00, 0x55, 0x55, 0x55, 0x55, 0x00, 0x00, 0x00, 0x00, 0x00, 0xF8, 0x00, 0xF8, 0xDB, 0xDE,
    0x00, 0x00, 0x55, 0x55, 0x25, 0x95, 0x00, 0x00, 0x00, 0x00, 0x4F, 0x00, 0xCF, 0x00, 0x14, 0xA5, 0x00, 0x00, 0x55,
    0x55, 0x57, 0x54, 0x00, 0x00, 0x00, 0x00, 0x40, 0xFF, 0xC0, 0xFF, 0x59, 0xCE, 0x00, 0x00, 0x55, 0x55, 0x8D, 0x69,
    0x00, 0x00, 0x00, 0x00, 0x08, 0x00, 0x08, 0x00, 0x01, 0x00, 0x00, 0x00, 0x55, 0x55, 0x55, 0x55, 0x00, 0x00, 0x00,
    0x00, 0x00, 0x90, 0x00, 0xF0, 0x9A, 0xD6, 0x00, 0x00, 0x55, 0x55, 0x95, 0x15, 0x00, 0x00, 0x00, 0x00, 0xFF, 0xFA,
    0xFF, 0xFF, 0x59, 0xCE, 0x00, 0x00, 0x55, 0x55, 0x18, 0x89, 0x00, 0x00, 0x00, 0x00, 0x0F, 0x00, 0x0F, 0x00, 0x01,
    0x00, 0x00, 0x00, 0x55, 0x55, 0x55, 0x55, 0x00, 0x00, 0x00, 0x00, 0x00, 0x00, 0x00, 0x00, 0x01, 0x00, 0x00, 0x00,
    0x55, 0x55, 0x55, 0x55, 0x00, 0x00, 0x00, 0x00, 0x80, 0xFF, 0x80, 0xFF, 0x59, 0xCE, 0x00, 0x00, 0x55, 0x55, 0xC9,
    0xA5, 0x00, 0x00, 0x00, 0x00, 0x04, 0x00, 0x0C, 0x00, 0x01, 0x00, 0x00, 0x00, 0x55, 0x55, 0x55, 0x55, 0x00, 0x00,
    0x00, 0x00, 0x00, 0x00, 0x00, 0x00, 0x01, 0x00, 0x00, 0x00, 0x55, 0x55, 0x55, 0x55, 0x00, 0x00, 0x00, 0x00, 0x00,
    0x00, 0x00, 0x00, 0x01, 0x00, 0x00, 0x00, 0x55, 0x55, 0x55, 0x55, 0x00, 0x00, 0x00, 0x00, 0x00, 0x00, 0x00, 0x00,
    0x01, 0x00, 0x00, 0x00, 0x55, 0x55, 0x55, 0x55, 0x00, 0x00, 0x00, 0x00, 0x00, 0x00, 0x00, 0x00, 0x01, 0x00, 0x00,
    0x00, 0x55, 0x55, 0x55, 0x55, 0x00, 0x00, 0x00, 0x00, 0x00, 0x00, 0x00, 0x00, 0x01, 0x00, 0x00, 0x00, 0x55, 0x55,
    0x55, 0x55, 0x00, 0x00, 0x00, 0x00, 0x00, 0x00, 0x00, 0x00, 0x01, 0x00, 0x00, 0x00, 0x55, 0x55, 0x55, 0x55, 0x00,
    0x00, 0x00, 0x00, 0x00, 0x00, 0x00, 0x00, 0x01, 0x00, 0x00, 0x00, 0x55, 0x55, 0x55, 0x55, 0x00, 0x00, 0x00, 0x00,
    0x00, 0x00, 0x00, 0x00, 0x01, 0x00, 0x00, 0x00, 0x55, 0x55, 0x55, 0x55, 0x00, 0x00, 0x00, 0x00, 0x00, 0x00, 0x00,
    0x00, 0x01, 0x00, 0x00, 0x00, 0x55, 0x55, 0x55, 0x55, 0x00, 0x00, 0x00, 0x00, 0x00, 0x00, 0x00, 0x00, 0x01, 0x00,
    0x00, 0x00, 0x55, 0x55, 0x55, 0x55, 0x00, 0x00, 0x00, 0x00, 0x00, 0x00, 0x00, 0x00, 0x01, 0x00, 0x00, 0x00, 0x55,
    0x55, 0x55, 0x55, 0x00, 0x00, 0x00, 0x00, 0x00, 0x00, 0x00, 0x00, 0x01, 0x00, 0x00, 0x00, 0x55, 0x55, 0x55, 0x55,
    0x00, 0x00, 0x00, 0x00, 0x00, 0x00, 0x00, 0x00, 0x01, 0x00, 0x00, 0x00, 0x55, 0x55, 0x55, 0x55, 0x00, 0x00, 0x00,
    0x00, 0x00, 0x00, 0x00, 0x00, 0x01, 0x00, 0x00, 0x00, 0x55, 0x55, 0x55, 0x55, 0x00, 0x00, 0x00, 0x00, 0x00, 0x00,
    0x00, 0x00, 0x01, 0x00, 0x00, 0x00, 0x55, 0x55, 0x55, 0x55, 0x00, 0x00, 0x00, 0x00, 0x00, 0x00, 0x00, 0x00, 0x01,
    0x00, 0x00, 0x00, 0x55, 0x55, 0x55, 0x55, 0x00, 0x00, 0x00, 0x00, 0x00, 0x00, 0x00, 0x00, 0x01, 0x00, 0x00, 0x00,
    0x55, 0x55, 0x55, 0x55, 0x00, 0x00, 0x00, 0xFF, 0x00, 0xFF, 0x00, 0xFF, 0xDB, 0xDE, 0x00, 0x00, 0x55, 0x05, 0x05,
    0x05, 0x00, 0x00, 0x0F, 0x00, 0x0F, 0x00, 0x0F, 0x00, 0x01, 0x00, 0x00, 0x00, 0x55, 0x55, 0x55, 0x55, 0x00, 0x00,
    0x00, 0x00, 0x00, 0x00, 0x00, 0x00, 0x01, 0x00, 0x00, 0x00, 0x55, 0x55, 0x55, 0x55, 0x00, 0x00, 0x00, 0x00, 0x00,
    0x00, 0x00, 0x00, 0x01, 0x00, 0x00, 0x00, 0x55, 0x55, 0x55, 0x55, 0x00, 0x00, 0x00, 0x00, 0x00, 0x00, 0x00, 0x00,
    0x01, 0x00, 0x00, 0x00, 0x55, 0x55, 0x55, 0x55, 0x00, 0x00, 0x00, 0x00, 0x00, 0x00, 0x00, 0x00, 0x01, 0x00, 0x00,
    0x00, 0x55, 0x55, 0x55, 0x55, 0x00, 0x00, 0x00, 0x00, 0x00, 0x30, 0x00, 0xD1, 0x55, 0xAD, 0x00, 0x00, 0x55, 0x55,
    0xD5, 0x15, 0x00, 0x00, 0x71, 0xFD, 0xED, 0xFF, 0xEF, 0x4B, 0x5D, 0xEF, 0x00, 0x00, 0x55, 0x2D, 0x7A, 0x57, 0x00,
    0x00, 0xFF, 0x7D, 0xFF, 0xEF, 0x42, 0xEB, 0x5D, 0xEF, 0x00, 0x00, 0x55, 0x78, 0xAD, 0xD5, 0x00, 0x00, 0x01, 0x00,
    0x3D, 0x00, 0xDF, 0x01, 0x55, 0xAD, 0x00, 0x00, 0x55, 0x55, 0x57, 0x54, 0x00, 0x00, 0x00, 0x00, 0x00, 0x30, 0x00,
    0xD1, 0x55, 0xAD, 0x00, 0x00, 0x55, 0x55, 0xD5, 0x15, 0x00, 0x00, 0x71, 0xFD, 0xED, 0xFF, 0xFF, 0x4B, 0x5D, 0xEF,
    0x00, 0x00, 0x55, 0x2D, 0x7A, 0x57, 0x00, 0x00, 0xFF, 0x7D, 0xFF, 0xFF, 0x42, 0xEB, 0x5D, 0xEF, 0x00, 0x00, 0x55,
    0x78, 0xAD, 0xD5, 0x00, 0x00, 0x01, 0x00, 0x3D, 0x00, 0xDF, 0x01, 0x55, 0xAD, 0x00, 0x00, 0x55, 0x55, 0x57, 0x54,
    0x00, 0x00, 0x00, 0xC3, 0x00, 0xFC, 0x00, 0xFF, 0x5D, 0xEF, 0x41, 0x08, 0x55, 0x95, 0xE5, 0x45, 0x00, 0x00, 0xFF,
    0x3C, 0xFF, 0xCF, 0x77, 0xFF, 0x1C, 0xE7, 0x41, 0x08, 0x55, 0x58, 0x6D, 0x45, 0x00, 0x00, 0x00, 0x00, 0x00, 0x00,
    0x00, 0x00, 0x01, 0x00, 0x00, 0x00, 0x55, 0x55, 0x55, 0x55, 0x00, 0x00, 0x00, 0x00, 0x00, 0x00, 0x00, 0x00, 0x01,
    0x00, 0x00, 0x00, 0x55, 0x55, 0x55, 0x55, 0x00, 0x00, 0x00, 0x00, 0x00, 0x00, 0x00, 0x00, 0x01, 0x00, 0x00, 0x00,
    0x55, 0x55, 0x55, 0x55, 0x00, 0x00, 0x00, 0x00, 0x00, 0x00, 0x00, 0x00, 0x01, 0x00, 0x00, 0x00, 0x55, 0x55, 0x55,
    0x55, 0x00, 0x00, 0x00, 0xE2, 0x00, 0xF6, 0x00, 0xFC, 0xDB, 0xDE, 0x00, 0x00, 0x55, 0x15, 0x35, 0x25, 0xD8, 0x0B,
    0xFF, 0x1E, 0xFF, 0x6F, 0xFF, 0xCF, 0xDB, 0xDE, 0x00, 0x00, 0x55, 0x50, 0x70, 0x62, 0x00, 0x00, 0x00, 0x00, 0x00,
    0x00, 0x00, 0x00, 0x01, 0x00, 0x00, 0x00, 0x55, 0x55, 0x55, 0x55, 0x00, 0x00, 0x00, 0x00, 0x00, 0x00, 0x00, 0x00,
    0x01, 0x00, 0x00, 0x00, 0x55, 0x55, 0x55, 0x55, 0x00, 0xB0, 0x20, 0xFE, 0x60, 0xFF, 0xC0, 0xFF, 0xDB, 0xDE, 0x00,
    0x00, 0x55, 0x05, 0x0D, 0x89, 0x8D, 0x00, 0xEF, 0x02, 0xFF, 0x06, 0xFF, 0x0C, 0xDB, 0xDE, 0x00, 0x00, 0x55, 0x54,
    0x5C, 0x58, 0x00, 0x00, 0x00, 0x00, 0x00, 0x00, 0x00, 0x00, 0x01, 0x00, 0x00, 0x00, 0x55, 0x55, 0x55, 0x55, 0x00,
    0x00, 0x00, 0x00, 0x00, 0x00, 0x00, 0x00, 0x01, 0x00, 0x00, 0x00, 0x55, 0x55, 0x55, 0x55, 0xFF, 0xFF, 0xE2, 0xFF,
    0xF6, 0xFF, 0xFC, 0xFF, 0x9A, 0xD6, 0x00, 0x00, 0x55, 0x01, 0x03, 0x22, 0xFF, 0x00, 0x2E, 0x00, 0x6F, 0x00, 0xCF,
    0x00, 0x92, 0x94, 0x00, 0x00, 0x55, 0x55, 0x56, 0x54, 0x00, 0x00, 0x00, 0x00, 0x00, 0x00, 0x00, 0x00, 0x01, 0x00,
    0x00, 0x00, 0x55, 0x55, 0x55, 0x55, 0x00, 0x00, 0xFF, 0xFF, 0xFF, 0xFF, 0xFF, 0xFF, 0xDB, 0xDE, 0x00, 0x00, 0x55,
    0x00, 0x00, 0x50, 0xD8, 0x0B, 0xFF, 0xFF, 0xFF, 0xFF, 0xFF, 0xFF, 0xDB, 0xDE, 0x00, 0x00, 0x55, 0x00, 0x00, 0x55,
    0x00, 0x00, 0xFF, 0x00, 0xFF, 0x00, 0xFF, 0x00, 0xDB, 0xDE, 0x00, 0x00, 0x55, 0x54, 0x54, 0x55, 0x00, 0x00, 0xF0,
    0xFF, 0xF0, 0xFF, 0xF0, 0xFF, 0xDB, 0xDE, 0x00, 0x00, 0x55, 0x01, 0x01, 0x41, 0xB0, 0x8D, 0xFF, 0xFF, 0xFF, 0xFF,
    0xFF, 0xFF, 0xDB, 0xDE, 0x00, 0x00, 0x55, 0x00, 0x00, 0x55, 0x00, 0x00, 0xFF, 0x0F, 0xFF, 0x0F, 0xFF, 0x0F, 0xDB,
    0xDE, 0x00, 0x00, 0x55, 0x50, 0x50, 0x55, 0x00, 0x80, 0x00, 0xF0, 0x00, 0xF0, 0x00, 0xF0, 0xDB, 0xDE, 0x00, 0x00,
    0x55, 0x15, 0x15, 0x15, 0xBD, 0x00, 0xFF, 0x00, 0xFF, 0x00, 0xFF, 0x00, 0xDB, 0xDE, 0x00, 0x00, 0x55, 0x54, 0x54,
    0x54, 0xB0, 0x8D, 0xF0, 0xFF, 0xF0, 0xFF, 0xF0, 0xFF, 0xDB, 0xDE, 0x00, 0x00, 0x55, 0x41, 0x41, 0x41, 0x00, 0x00,
    0x00, 0x00, 0x00, 0x00, 0x00, 0x00, 0x01, 0x00, 0x00, 0x00, 0x55, 0x55, 0x55, 0x55, 0x00, 0xF0, 0xFF, 0x7F, 0xFF,
    0xFF, 0xFF, 0xFF, 0xDB, 0xDE, 0x41, 0x08, 0x55, 0x70, 0x40, 0x80, 0x9F, 0xFF, 0x00, 0x00, 0x02, 0x00, 0x0B, 0x00,
    0x01, 0x00, 0x00, 0x00, 0x55, 0x55, 0x55, 0x55, 0x09, 0x00, 0xFF, 0x0F, 0xFF, 0x0F, 0xFF, 0x0F, 0xDB, 0xDE, 0x00,
    0x00, 0x55, 0x50, 0x50, 0x50, 0x00, 0x00, 0x00, 0x00, 0x00, 0x80, 0x00, 0xF4, 0x59, 0xCE, 0x00, 0x00, 0x55, 0x55,
    0x95, 0x35, 0x00, 0xD8, 0xD6, 0xFF, 0xFF, 0xFF, 0xFF, 0xFF, 0xDB, 0xDE, 0x41, 0x08, 0x55, 0x0B, 0x00, 0x5C, 0x0B,
    0x00, 0xDF, 0x05, 0xFF, 0x8F, 0xFF, 0xFF, 0xDB, 0xDE, 0x00, 0x00, 0x55, 0x5E, 0x60, 0xC3, 0x00, 0x00, 0x00, 0x00,
    0x00, 0x00, 0x04, 0x00, 0x01, 0x00, 0x00, 0x00, 0x55, 0x55, 0x55, 0x55, 0x00, 0x00, 0x00, 0x00, 0x00, 0x00, 0x00,
    0x00, 0x01, 0x00, 0x00, 0x00, 0x55, 0x55, 0x55, 0x55, 0x00, 0x00, 0x00, 0x00, 0x00, 0x00, 0x00, 0x00, 0x01, 0x00,
    0x00, 0x00, 0x55, 0x55, 0x55, 0x55, 0x00, 0xFD, 0x00, 0xFE, 0x00, 0xFB, 0x00, 0xF6, 0x9A, 0xD6, 0x00, 0x00, 0x05,
    0x25, 0x35, 0x15, 0x3F, 0xC0, 0x7F, 0xF2, 0xCF, 0xF8, 0xEF, 0xFD, 0xDB, 0xDE, 0x41, 0x08, 0x95, 0x17, 0x36, 0x24,
    0xFF, 0x0D, 0xFF, 0x3F, 0xFF, 0x8F, 0xFF, 0xDF, 0xDB, 0xDE, 0x41, 0x08, 0x50, 0x50, 0x70, 0x62, 0xF3, 0xDF, 0xF8,
    0xEF, 0xFC, 0xBF, 0xFF, 0x6F, 0x9A, 0xD6, 0x41, 0x08, 0x41, 0x63, 0x72, 0x50, 0x00, 0x30, 0x00, 0x30, 0x00, 0x00,
    0x00, 0x00, 0x45, 0x29, 0x00, 0x00, 0x15, 0x55, 0x55, 0x55, 0xFF, 0x2E, 0xFF, 0x9F, 0xF9, 0xFF, 0xE2, 0xFF, 0x59,
    0xCE, 0x00, 0x00, 0x50, 0x62, 0xC1, 0x0D, 0xD2, 0xFF, 0xFA, 0xFF, 0xFF, 0x8F, 0xFF, 0x1D, 0x59, 0xCE, 0x00, 0x00,
    0xC1, 0x62, 0x50, 0x5C, 0x03, 0x00, 0x03, 0x00, 0x00, 0x00, 0x00, 0x00, 0x01, 0x00, 0x00, 0x00, 0x55, 0x55, 0x55,
    0x55, 0xF2, 0xEF, 0xF2, 0xFF, 0xB0, 0xFF, 0x40, 0xFF, 0x59, 0xCE, 0x41, 0x08, 0x41, 0xC9, 0x0D, 0x05, 0x01, 0x10,
    0x07, 0x70, 0x0D, 0xD0, 0x4F, 0xF4, 0x18, 0xC6, 0x00, 0x00, 0x55, 0xD5, 0x15, 0x37, 0xFE, 0x2F, 0xFF, 0x2F, 0xFF,
    0x0B, 0xFF, 0x04, 0x59, 0xCE, 0x00, 0x00, 0x50, 0x58, 0x5C, 0x54, 0x00, 0xF0, 0x00, 0xF0, 0x00, 0xF0, 0x00, 0x00,
    0xDB, 0xDE, 0x00, 0x00, 0x15, 0x15, 0x55, 0x55, 0xFF, 0xFF, 0xFF, 0xFF, 0xFF, 0xFF, 0x00, 0xF8, 0x9A, 0xD6, 0x00,
    0x00, 0x00, 0x00, 0x95, 0x25, 0xFF, 0x0F, 0xFF, 0x0F, 0xFF, 0x0F, 0xFF, 0x07, 0xDB, 0xDE, 0x00, 0x00, 0x50, 0x50,
    0x5C, 0x56, 0x00, 0xFF, 0x00, 0xFF, 0x00, 0xFF, 0x00, 0xFF, 0xDB, 0xDE, 0x00, 0x00, 0x05, 0x05, 0x05, 0x05, 0x0F,
    0x00, 0x0F, 0x00, 0x0F, 0x00, 0x0F, 0x00, 0x01, 0x00, 0x00, 0x00, 0x55, 0x55, 0x55, 0x55, 0x00, 0x00, 0x00, 0x00,
    0xE6, 0xFF, 0xFF, 0xFF, 0xDB, 0xDE, 0x00, 0x00, 0x55, 0x55, 0x83, 0x00, 0x00, 0x00, 0x00, 0x00, 0x7D, 0xA3, 0xFF,
    0xFF, 0xDB, 0xDE, 0x41, 0x08, 0x55, 0x55, 0x97, 0x00, 0x00, 0x00, 0x00, 0x00, 0x09, 0x00, 0x0F, 0x00, 0x01, 0x00,
    0x00, 0x00, 0x55, 0x55, 0x55, 0x55, 0xFF, 0x0F, 0xFF, 0x0F, 0xFF, 0x0F, 0xC8, 0x08, 0xDB, 0xDE, 0x00, 0x00, 0x50,
    0x50, 0x55, 0x5A, 0x00, 0xF7, 0x00, 0xFD, 0x00, 0xFF, 0x00, 0xFF, 0xDB, 0xDE, 0x00, 0x00, 0xB5, 0xE5, 0x45, 0x45,
    0x7F, 0xF9, 0xAB, 0xFE, 0xF4, 0x8F, 0xF2, 0x2F, 0x59, 0xCE, 0x00, 0x00, 0x25, 0x69, 0x51, 0x51, 0xFF, 0x7B, 0xFF,
    0xCF, 0x72, 0xBD, 0x00, 0x00, 0x5D, 0xEF, 0x00, 0x00, 0x58, 0x6D, 0x55, 0x55, 0xFF, 0x07, 0xEB, 0x0D, 0xF4, 0x0F,
    0xF2, 0x0F, 0xDB, 0xDE, 0x00, 0x00, 0x5E, 0x5B, 0x51, 0x51, 0x00, 0xF7, 0x00, 0xFD, 0x00, 0xFF, 0x00, 0xFF, 0xDB,
    0xDE, 0x00, 0x00, 0xB5, 0xE5, 0x45, 0x45, 0xFF, 0xFF, 0xFB, 0xFF, 0xF4, 0x0F, 0xF2, 0xFF, 0xDB, 0xDE, 0x00, 0x00,
    0x01, 0x51, 0x51, 0x01, 0xEF, 0x65, 0xFF, 0x0F, 0xF7, 0x0F, 0xFF, 0x0D, 0x18, 0xC6, 0x00, 0x00, 0x5C, 0x53, 0x53,
    0x5C, 0xFF, 0x07, 0xFB, 0x0D, 0xF4, 0x0F, 0xF2, 0x0F, 0xDB, 0xDE, 0x00, 0x00, 0x5E, 0x5B, 0x51, 0x51, 0x00, 0xFF,
    0x00, 0xFC, 0x00, 0xC3, 0x00, 0x00, 0x14, 0xA5, 0x00, 0x00, 0x85, 0x35, 0x55, 0x55, 0x77, 0xFF, 0xFF, 0xCF, 0xFF,
    0x3C, 0x00, 0x00, 0x5D, 0xEF, 0x41, 0x08, 0x6D, 0x58, 0x55, 0x55, 0x00, 0x00, 0x00, 0x00, 0x00, 0x00, 0x00, 0x00,
    0x01, 0x00, 0x00, 0x00, 0x55, 0x55, 0x55, 0x55, 0x00, 0xFF, 0x00, 0xFF, 0x00, 0xFF, 0x00, 0xFF, 0xDB, 0xDE, 0x00,
    0x00, 0x05, 0x05, 0x55, 0x05, 0x0F, 0x00, 0x0F, 0x00, 0x0F, 0x00, 0x0F, 0x00, 0x01, 0x00, 0x00, 0x00, 0x55, 0x55,
    0x55, 0x55, 0x00, 0x00, 0x00, 0x00, 0x00, 0x00, 0x00, 0x00, 0x01, 0x00, 0x00, 0x00, 0x55, 0x55, 0x55, 0x55, 0x20,
    0xFF, 0x70, 0xFF, 0xC0, 0xFF, 0xF2, 0xFF, 0x9A, 0xD6, 0x41, 0x08, 0x05, 0x8D, 0xC9, 0x41, 0xFF, 0xFF, 0xFF, 0xFF,
    0xAB, 0xFF, 0x44, 0xFF, 0x9A, 0xD6, 0x41, 0x00, 0x41, 0xC9, 0x8D, 0x05, 0x02, 0x00, 0x07, 0x00, 0x0C, 0x00, 0x2F,
    0x00, 0xC3, 0x18, 0x00, 0x00, 0x55, 0x55, 0x55, 0x54, 0x00, 0x00, 0x00, 0x00, 0x00, 0x00, 0x00, 0x20, 0xC3, 0x18,
    0x00, 0x00, 0x55, 0x55, 0x55, 0x15, 0xF2, 0xFF, 0xF7, 0xFF, 0xFC, 0xBF, 0xFF, 0x4F, 0x9A, 0xD6, 0x41, 0x08, 0x41,
    0x63, 0x72, 0x50, 0xFF, 0x2F, 0xFF, 0x7F, 0xFA, 0xCF, 0xF4, 0xFF, 0x9A, 0xD6, 0x41, 0x08, 0x50, 0x72, 0x63, 0x41,
    0x00, 0x00, 0x00, 0x00, 0x00, 0x00, 0x02, 0x00, 0x01, 0x00, 0x00, 0x00, 0x55, 0x55, 0x55, 0x55, 0x00, 0x20, 0x00,
    0x70, 0x00, 0xC0, 0x00, 0xF2, 0x1C, 0xE7, 0x00, 0x00, 0x55, 0xD5, 0x95, 0x15, 0xFF, 0xFF, 0xFF, 0xFF, 0xFF, 0xBB,
    0xFF, 0x44, 0x59, 0xCE, 0x00, 0x00, 0x10, 0x98, 0xDC, 0x54, 0xFF, 0x02, 0xFF, 0x07, 0xFF, 0x0C, 0xFF, 0x2F, 0x9A,
    0xD6, 0x41, 0x08, 0x54, 0x5C, 0x58, 0x50, 0x00, 0x00, 0x00, 0x00, 0x00, 0x00, 0x00, 0x00, 0x01, 0x00, 0x00, 0x00,
    0x55, 0x55, 0x55, 0x55, 0xFF, 0x0F, 0xFF, 0x0F, 0xFF, 0xFF, 0xFF, 0xFF, 0xDB, 0xDE, 0x00, 0x00, 0x50, 0x50, 0x00,
    0x00, 0x00, 0x00, 0x00, 0x00, 0xFF, 0xFF, 0xFF, 0xFF, 0xDB, 0xDE, 0x00, 0x00, 0x55, 0x55, 0x00, 0x00, 0x00, 0x00,
    0x00, 0x00, 0xFF, 0x00, 0xFF, 0x00, 0xDB, 0xDE, 0x00, 0x00, 0x55, 0x55, 0x54, 0x54, 0xF0, 0xFF, 0xF0, 0xFF, 0xF0,
    0xFF, 0xF0, 0xFF, 0xDB, 0xDE, 0x00, 0x00, 0x41, 0x41, 0x01, 0x01, 0x00, 0x00, 0x00, 0x00, 0xFF, 0xFF, 0xFF, 0xFF,
    0xDB, 0xDE, 0x00, 0x00, 0x55, 0x55, 0x00, 0x00, 0x00, 0x00, 0x00, 0x00, 0xFF, 0x0F, 0xFF, 0x0F, 0xDB, 0xDE, 0x00,
    0x00, 0x55, 0x55, 0x50, 0x50, 0x00, 0xF0, 0x00, 0xF0, 0x00, 0xF0, 0x00, 0xF0, 0xDB, 0xDE, 0x00, 0x00, 0x15, 0x15,
    0x15, 0x15, 0xFF, 0x00, 0xFF, 0x00, 0xFF, 0x00, 0xFF, 0x00, 0xDB, 0xDE, 0x00, 0x00, 0x54, 0x54, 0x54, 0x54, 0xF0,
    0xFF, 0xF0, 0xFF, 0xF0, 0xFF, 0xF0, 0xFF, 0xDB, 0xDE, 0x00, 0x00, 0x41, 0x41, 0x41, 0x41, 0x00, 0x00, 0x00, 0x00,
    0x00, 0x00, 0x00, 0x00, 0x01, 0x00, 0x00, 0x00, 0x55, 0x55, 0x55, 0x55, 0xFF, 0xFF, 0xFF, 0xFF, 0xFF, 0xEF, 0xFF,
    0x5F, 0x9A, 0xD6, 0x00, 0x00, 0x20, 0x10, 0xD0, 0x50, 0x5F, 0x00, 0xEF, 0x02, 0xFF, 0x0A, 0xFF, 0x4F, 0x9A, 0xD6,
    0x00, 0x00, 0x57, 0x54, 0x58, 0x72, 0xFF, 0x0F, 0xFF, 0x0F, 0xFF, 0x0F, 0xFF, 0x0F, 0xDB, 0xDE, 0x00, 0x00, 0x50,
    0x50, 0x50, 0x50, 0x00, 0xFB, 0x00, 0xFE, 0x00, 0xFF, 0x00, 0xFF, 0x9A, 0xD6, 0x00, 0x00, 0x25, 0x05, 0x05, 0x05,
    0xFF, 0x27, 0x9F, 0x00, 0x3F, 0x00, 0x0F, 0x00, 0x4D, 0x6B, 0x00, 0x00, 0x54, 0x57, 0x55, 0x55, 0xF7, 0xFF, 0x90,
    0xFF, 0x30, 0xFF, 0x00, 0xFF, 0x9A, 0xD6, 0x41, 0x08, 0x8D, 0x05, 0x05, 0x05, 0x0B, 0x00, 0x0E, 0x00, 0x0F, 0x00,
    0x0F, 0x00, 0x01, 0x00, 0x00, 0x00, 0x55, 0x55, 0x55, 0x55, 0x00, 0x00, 0x00, 0x00, 0x00, 0x00, 0x00, 0x00, 0x01,
    0x00, 0x00, 0x00, 0x55, 0x55, 0x55, 0x55, 0x00, 0x00, 0x00, 0x00, 0x00, 0x00, 0x00, 0x00, 0x01, 0x00, 0x00, 0x00,
    0x55, 0x55, 0x55, 0x55, 0x00, 0xF2, 0x00, 0xE0, 0x00, 0xA0, 0x00, 0x50, 0x96, 0xB5, 0x00, 0x00, 0x15, 0x95, 0xD5,
    0x55, 0xFF, 0xFF, 0xFF, 0xFF, 0xFF, 0xFF, 0xFF, 0xFF, 0xDB, 0xDE, 0x45, 0x29, 0x04, 0x88, 0xC0, 0x40, 0xFF, 0xFF,
    0xFF, 0xFF, 0xDD, 0xFF, 0x88, 0xFF, 0xDB, 0xDE, 0xC3, 0x18, 0x41, 0x89, 0x0D, 0x05, 0xFF, 0x2F, 0xFF, 0x0E, 0xFF,
    0x0A, 0xFF, 0x05, 0x59, 0xCE, 0x00, 0x00, 0x50, 0x58, 0x5C, 0x54, 0x00, 0x00, 0x00, 0x00, 0x00, 0x00, 0x00, 0x00,
    0x01, 0x00, 0x00, 0x00, 0x55, 0x55, 0x55, 0x55, 0x50, 0xFF, 0x60, 0xFF, 0xE2, 0xFF, 0xFA, 0xFF, 0x9A, 0xD6, 0x41,
    0x08, 0x05, 0x0D, 0x81, 0x62, 0xFF, 0x03, 0xFF, 0x06, 0xFF, 0x2E, 0xFF, 0x9F, 0x59, 0xCE, 0x00, 0x00, 0x54, 0x5C,
    0x50, 0x62, 0x00, 0x00, 0x00, 0x00, 0x00, 0x00, 0x00, 0x00, 0x01, 0x00, 0x00, 0x00, 0x55, 0x55, 0x55, 0x55, 0x00,
    0xFE, 0x00, 0xF8, 0x00, 0xF2, 0x00, 0xC0, 0xDB, 0xDE, 0x00, 0x00, 0x35, 0x15, 0x95, 0xD5, 0xBF, 0xFB, 0xFF, 0xFF,
    0xFF, 0xFF, 0xFF, 0xFF, 0x9A, 0xD6, 0x00, 0x00, 0x26, 0x0C, 0x80, 0xC0, 0xDF, 0x00, 0x7F, 0x00, 0x2F, 0x00, 0x0A,
    0x00, 0xCB, 0x5A, 0x00, 0x00, 0x54, 0x55, 0x55, 0x55, 0x00, 0x00, 0x00, 0x00, 0x00, 0x60, 0x00, 0xF0, 0xDB, 0xDE,
    0x00, 0x00, 0x55, 0x55, 0xD5, 0x15, 0x80, 0xFF, 0xF8, 0xFF, 0xFF, 0x8F, 0xFF, 0xFF, 0xDB, 0xDE, 0x00, 0x00, 0x89,
    0x62, 0x58, 0x00, 0x8F, 0x00, 0x08, 0x00, 0x00, 0x00, 0xFF, 0x0F, 0xDB, 0xDE, 0x00, 0x00, 0x55, 0x55, 0x55, 0x50,
    0x00, 0xFF, 0x00, 0xFF, 0x00, 0xFF, 0x00, 0xFF, 0xDB, 0xDE, 0x00, 0x00, 0x05, 0x05, 0x05, 0x05, 0x0F, 0x00, 0x0F,
    0x00, 0x0F, 0x00, 0x0F, 0x00, 0x01, 0x00, 0x00, 0x00, 0x55, 0x55, 0x55, 0x55, 0xFF, 0xFF, 0x99, 0x63, 0x00, 0x00,
    0x00, 0x00, 0xCF, 0x7B, 0x00, 0x00, 0x94, 0x55, 0x55, 0x55, 0xFF, 0xFF, 0xFC, 0xEF, 0x00, 0x00, 0x00, 0x00, 0x9A,
    0xD6, 0x00, 0x00, 0xC2, 0x55, 0x55, 0x55, 0x0F, 0x00, 0x06, 0x00, 0x00, 0x00, 0x00, 0x00, 0x01, 0x00, 0x00, 0x00,
    0x55, 0x55, 0x55, 0x55, 0xEC, 0x0C, 0xFD, 0x0D, 0xFE, 0x0E, 0xFE, 0x0E, 0x96, 0xB5, 0x00, 0x00, 0x5A, 0x50, 0x50,
    0x50, 0x00, 0xFF, 0x00, 0xFD, 0x00, 0xE7, 0x00, 0xD1, 0x14, 0xA5, 0x00, 0x00, 0xC5, 0x25, 0x15, 0x55, 0xF4, 0x8F,
    0xAB, 0xFE, 0x7F, 0xF9, 0xEF, 0x4B, 0x59, 0xCE, 0x41, 0x08, 0x79, 0x25, 0x57, 0x78, 0x72, 0xCD, 0xFF, 0xCF, 0xFF,
    0x7B, 0x42, 0xFB, 0x5D, 0xEF, 0x41, 0x08, 0x6D, 0x58, 0xD5, 0xAD, 0xF4, 0x0F, 0xFB, 0x0D, 0xFF, 0x07, 0xDF, 0x01,
    0x14, 0xA5, 0x00, 0x00, 0x53, 0x58, 0x54, 0x55, 0x00, 0xFF, 0x00, 0xFD, 0x00, 0xF7, 0x00, 0xD1, 0x14, 0xA5, 0x00,
    0x00, 0xC5, 0x25, 0x15, 0x55, 0xF4, 0xFF, 0xFB, 0x2F, 0xFE, 0x0F, 0xEF, 0x4C, 0x1C, 0xE7, 0x00, 0x00, 0x51, 0x51,
    0x57, 0x7A, 0xFF, 0x0D, 0xFA, 0x0F, 0xF2, 0x6F, 0x42, 0xEB, 0x18, 0xC6, 0x41, 0x08, 0x52, 0x51, 0xD5, 0x2D, 0xF4,
    0x0F, 0xFB, 0x0D, 0xFF, 0x07, 0xDF, 0x01, 0x14, 0xA5, 0x00, 0x00, 0x53, 0x58, 0x54, 0x55, 0x00, 0x00, 0x00, 0x00,
    0x00, 0x00, 0x00, 0x00, 0x01, 0x00, 0x00, 0x00, 0x55, 0x55, 0x55, 0x55, 0x00, 0x00, 0x00, 0x00, 0x00, 0x00, 0x00,
    0x00, 0x01, 0x00, 0x00, 0x00, 0x55, 0x55, 0x55, 0x55, 0x00, 0x00, 0x00, 0x00, 0x00, 0x30, 0x00, 0xC0, 0x14, 0xA5,
    0x00, 0x00, 0x55, 0x55, 0xD5, 0x15, 0x50, 0xFF, 0xF4, 0xFF, 0xFF, 0xFF, 0xFF, 0xAF, 0x59, 0xCE, 0x00, 0x00, 0x0D,
    0x83, 0x60, 0x58, 0x0F, 0x00, 0x0E, 0x00, 0x08, 0x00, 0x01, 0x00, 0x01, 0x00, 0x00, 0x00, 0x55, 0x55, 0x55, 0x55,
    0x00, 0x00, 0x00, 0x00, 0x00, 0x30, 0x00, 0x80, 0x4D, 0x6B, 0x00, 0x00, 0x55, 0x55, 0xD5, 0x15, 0xF7, 0xFF, 0xFD,
    0xFF, 0xFF, 0xFF, 0xFF, 0x0E, 0xDB, 0xDE, 0x00, 0x00, 0x03, 0x02, 0x50, 0x58, 0xFF, 0xFF, 0xFF, 0xFF, 0xFF, 0xFF,
    0x00, 0xE1, 0x9A, 0xD6, 0x00, 0x00, 0x00, 0x00, 0x15, 0x95, 0x7F, 0x00, 0xDF, 0x00, 0xFF, 0x03, 0xFF, 0x08, 0x1C,
    0xE7, 0x41, 0x08, 0x57, 0x56, 0x54, 0x5C, 0x00, 0x70, 0x00, 0xD0, 0x00, 0xF3, 0x00, 0xF8, 0x1C, 0xE7, 0x41, 0x08,
    0xD5, 0x95, 0x15, 0x35, 0xFF, 0xFF, 0xFF, 0xFF, 0xFF, 0xFF, 0xEF, 0x00, 0x9A, 0xD6, 0x00, 0x00, 0x00, 0x00, 0x54,
    0x56, 0xFF, 0xFF, 0xFF, 0xFF, 0xFF, 0xFF, 0x10, 0xFE, 0xDB, 0xDE, 0x41, 0x08, 0xC0, 0x80, 0x05, 0x25, 0x08, 0x00,
    0x0D, 0x00, 0x3F, 0x00, 0x8F, 0x00, 0x4D, 0x6B, 0x00, 0x00, 0x55, 0x55, 0x57, 0x54, 0x00, 0xF8, 0x00, 0xFD, 0x30,
    0xFF, 0x80, 0xFF, 0x9A, 0xD6, 0x41, 0x08, 0x35, 0x25, 0x05, 0x8D, 0xFF, 0xFF, 0xFF, 0xFF, 0xFF, 0xFF, 0x0E, 0x00,
    0xDB, 0xDE, 0x00, 0x00, 0x00, 0x00, 0x55, 0x55, 0xFF, 0x8F, 0xFF, 0xDF, 0xFF, 0xFF, 0xE1, 0xFF, 0xDB, 0xDE, 0x82,
    0x10, 0x70, 0x60, 0x41, 0xC9, 0x00, 0x00, 0x00, 0x00, 0x03, 0x00, 0x08, 0x00, 0x01, 0x00, 0x00, 0x00, 0x55, 0x55,
    0x55, 0x55, 0xFF, 0xFF, 0xFF, 0x0F, 0xFF, 0x0F, 0xFF, 0xFF, 0xDB, 0xDE, 0x00, 0x00, 0x50, 0x50, 0x50, 0x00, 0xFF,
    0xFF, 0x00, 0x00, 0x00, 0x00, 0xFF, 0xFF, 0xDB, 0xDE, 0x00, 0x00, 0x55, 0x55, 0x55, 0x00, 0xFF, 0x00, 0x00, 0x00,
    0x00, 0x00, 0xFF, 0x00, 0xDB, 0xDE, 0x00, 0x00, 0x55, 0x55, 0x55, 0x54, 0xF0, 0xFF, 0xF0, 0xFF, 0xF0, 0xFF, 0xF0,
    0xFF, 0xDB, 0xDE, 0x00, 0x00, 0x41, 0x41, 0x41, 0x01, 0xFF, 0xFF, 0x00, 0x00, 0x00, 0x00, 0xFF, 0xFF, 0xDB, 0xDE,
    0x00, 0x00, 0x55, 0x55, 0x55, 0x00, 0xFF, 0x0F, 0x00, 0x00, 0x00, 0x00, 0xFF, 0x0F, 0xDB, 0xDE, 0x00, 0x00, 0x55,
    0x55, 0x55, 0x50, 0x00, 0xF0, 0x00, 0xF0, 0x00, 0xF0, 0x00, 0xF0, 0xDB, 0xDE, 0x00, 0x00, 0x15, 0x15, 0x15, 0x15,
    0xFF, 0x00, 0xFF, 0x00, 0xFF, 0x00, 0xFF, 0x00, 0xDB, 0xDE, 0x00, 0x00, 0x54, 0x54, 0x54, 0x54, 0xF0, 0xFF, 0xF0,
    0xFF, 0xF0, 0xFF, 0xF0, 0xFF, 0xDB, 0xDE, 0x00, 0x00, 0x41, 0x41, 0x41, 0x41, 0x00, 0x00, 0x00, 0x00, 0x00, 0x00,
    0x00, 0x00, 0x01, 0x00, 0x00, 0x00, 0x55, 0x55, 0x55, 0x55, 0xFF, 0x0F, 0xFF, 0x0F, 0xFF, 0x0F, 0xFF, 0x0F, 0xDB,
    0xDE, 0x00, 0x00, 0x50, 0x50, 0x50, 0x50, 0xFA, 0xEF, 0xE2, 0xFF, 0x60, 0xFF, 0x00, 0xFB, 0x59, 0xCE, 0x41, 0x08,
    0x41, 0x8D, 0x25, 0x15, 0xFF, 0x0F, 0xFF, 0x0F, 0xFF, 0x0F, 0xFF, 0x0F, 0xDB, 0xDE, 0x00, 0x00, 0x50, 0x50, 0x50,
    0x50, 0x00, 0xFF, 0x00, 0xFE, 0x00, 0xFB, 0x00, 0xF4, 0x9A, 0xD6, 0x00, 0x00, 0x05, 0x25, 0x35, 0x95, 0x2F, 0x00,
    0x8F, 0x00, 0xFF, 0x27, 0xFF, 0xFF, 0xDB, 0xDE, 0x41, 0x08, 0x55, 0x57, 0x5C, 0x00, 0x20, 0xFF, 0x80, 0xFF, 0xF7,
    0xFF, 0xFF, 0xFF, 0x9A, 0xD6, 0x41, 0x08, 0x05, 0x8D, 0xC3, 0x60, 0x0F, 0x00, 0x0E, 0x00, 0x0B, 0x00, 0x04, 0x00,
    0x01, 0x00, 0x00, 0x00, 0x55, 0x55, 0x55, 0x55, 0x00, 0x00, 0x00, 0x00, 0x00, 0x00, 0x00, 0x00, 0x01, 0x00, 0x00,
    0x00, 0x55, 0x55, 0x55, 0x55, 0x00, 0x00, 0x00, 0x00, 0x00, 0x00, 0x00, 0x00, 0x01, 0x00, 0x00, 0x00, 0x55, 0x55,
    0x55, 0x55, 0x00, 0x10, 0x00, 0x00, 0x00, 0x00, 0x00, 0x00, 0x01, 0x00, 0x00, 0x00, 0x55, 0x55, 0x55, 0x55, 0xFF,
    0xFF, 0xFC, 0xCF, 0x00, 0x00, 0x00, 0x00, 0x5D, 0xEF, 0x00, 0x00, 0x62, 0x55, 0x55, 0x55, 0x23, 0xFF, 0x00, 0xFB,
    0x00, 0x00, 0x00, 0x00, 0x1C, 0xE7, 0x00, 0x00, 0x25, 0x55, 0x55, 0x55, 0xFF, 0x01, 0xCF, 0x00, 0x00, 0x00, 0x00,
    0x00, 0x55, 0xAD, 0x00, 0x00, 0x54, 0x55, 0x55, 0x55, 0x00, 0x40, 0x00, 0x40, 0x00, 0x00, 0x00, 0x00, 0x86, 0x31,
    0x00, 0x00, 0x15, 0x55, 0x55, 0x55, 0xFF, 0xAF, 0xFF, 0x2E, 0x00, 0x00, 0x00, 0x00, 0x9A, 0xD6, 0x00, 0x00, 0x50,
    0x55, 0x55, 0x55, 0xFA, 0xFF, 0xE2, 0xFF, 0x00, 0x00, 0x00, 0x00, 0x59, 0xCE, 0x00, 0x00, 0xC1, 0x55, 0x55, 0x55,
    0x03, 0x00, 0x03, 0x00, 0x00, 0x00, 0x00, 0x00, 0x01, 0x00, 0x00, 0x00, 0x55, 0x55, 0x55, 0x55, 0x00, 0x50, 0x00,
    0x30, 0x00, 0xFF, 0x00, 0xFF, 0x9A, 0xD6, 0x00, 0x00, 0x55, 0x55, 0x05, 0x05, 0xFF, 0xFF, 0xFF, 0xDF, 0xFF, 0x6F,
    0xFF, 0x1E, 0x9A, 0xD6, 0x00, 0x00, 0x60, 0x70, 0x50, 0x5E, 0x03, 0x00, 0x00, 0x00, 0x00, 0x00, 0x00, 0x00, 0x01,
    0x00, 0x00, 0x00, 0x55, 0x55, 0x55, 0x55, 0x00, 0xF0, 0x00, 0xF0, 0x00, 0x00, 0x00, 0x00, 0xDB, 0xDE, 0x00, 0x00,
    0x15, 0x55, 0x55, 0x55, 0xFF, 0xFF, 0xFF, 0xFF, 0x00, 0x00, 0x00, 0x00, 0xDB, 0xDE, 0x00, 0x00, 0x00, 0x55, 0x55,
    0x55, 0xFF, 0x0F, 0xFF, 0x0F, 0x00, 0x00, 0x00, 0x00, 0xDB, 0xDE, 0x00, 0x00, 0x50, 0x55, 0x55, 0x55, 0x00, 0xFF,
    0x00, 0xFF, 0x00, 0xFF, 0x00, 0xFF, 0xDB, 0xDE, 0x00, 0x00, 0x05, 0x05, 0x05, 0x05, 0x0F, 0x00, 0x0F, 0x00, 0x0F,
    0x00, 0x0F, 0x00, 0x01, 0x00, 0x00, 0x00, 0x55, 0x55, 0x55, 0x55, 0x00, 0x00, 0x00, 0x00, 0x00, 0x00, 0x00, 0x00,
    0x01, 0x00, 0x00, 0x00, 0x55, 0x55, 0x55, 0x55, 0x00, 0x00, 0x00, 0x00, 0x00, 0x00, 0x00, 0x00, 0x01, 0x00, 0x00,
    0x00, 0x55, 0x55, 0x55, 0x55, 0x00, 0x00, 0x00, 0x00, 0x00, 0x00, 0x00, 0x00, 0x01, 0x00, 0x00, 0x00, 0x55, 0x55,
    0x55, 0x55, 0xFF, 0x0F, 0xFF, 0x0F, 0xFF, 0x0F, 0xFF, 0x0F, 0x9A, 0xD6, 0x00, 0x00, 0x50, 0x50, 0x50, 0x50, 0x00,
    0x20, 0x00, 0x00, 0x00, 0x00, 0x00, 0x00, 0x01, 0x00, 0x00, 0x00, 0x55, 0x55, 0x55, 0x55, 0xFD, 0xFF, 0x71, 0xFD,
    0x00, 0x00, 0x00, 0x00, 0x18, 0xC6, 0x00, 0x00, 0x0D, 0x55, 0x55, 0x55, 0xFF, 0xFF, 0xFF, 0x7D, 0x00, 0x00, 0x00,
    0x00, 0x18, 0xC6, 0x00, 0x00, 0x70, 0x55, 0x55, 0x55, 0x2D, 0x00, 0x01, 0x00, 0x00, 0x00, 0x00, 0x00, 0x01, 0x00,
    0x00, 0x00, 0x55, 0x55, 0x55, 0x55, 0x00, 0x20, 0x00, 0x00, 0x00, 0x00, 0x00, 0x00, 0x01, 0x00, 0x00, 0x00, 0x55,
    0x55, 0x55, 0x55, 0xED, 0xFF, 0x71, 0xFD, 0x00, 0x00, 0x00, 0x00, 0x18, 0xC6, 0x00, 0x00, 0x0D, 0x55, 0x55, 0x55,
    0xFF, 0xFF, 0xFF, 0x7D, 0x00, 0x00, 0x00, 0x00, 0x18, 0xC6, 0x00, 0x00, 0x70, 0x55, 0x55, 0x55, 0x2D, 0x00, 0x01,
    0x00, 0x00, 0x00, 0x00, 0x00, 0x01, 0x00, 0x00, 0x00, 0x55, 0x55, 0x55, 0x55, 0x00, 0x00, 0x00, 0x00, 0x00, 0x00,
    0x00, 0x00, 0x01, 0x00, 0x00, 0x00, 0x55, 0x55, 0x55, 0x55, 0x00, 0x00, 0x00, 0x00, 0x00, 0x00, 0x00, 0x00, 0x01,
    0x00, 0x00, 0x00, 0x55, 0x55, 0x55, 0x55, 0x00, 0xF0, 0x00, 0xF0, 0x00, 0xD0, 0x00, 0x50, 0x59, 0xCE, 0x00, 0x00,
    0x15, 0x15, 0xD5, 0x55, 0xFF, 0x09, 0xFF, 0x38, 0xFF, 0xFF, 0xFF, 0xFF, 0xDB, 0xDE, 0x41, 0x08, 0x54, 0x5C, 0x00,
    0x0B, 0xF3, 0xEF, 0xFC, 0xFF, 0xFF, 0xAF, 0xFF, 0x2E, 0x9A, 0xD6, 0x82, 0x10, 0x41, 0x62, 0x50, 0x56, 0x00, 0xD0,
    0x00, 0xC0, 0x00, 0x00, 0x00, 0x00, 0x96, 0xB5, 0x00, 0x00, 0x15, 0x55, 0x55, 0x55, 0xFF, 0x0A, 0xFF, 0x04, 0x00,
    0x00, 0x00, 0x00, 0x9A, 0xD6, 0x00, 0x00, 0x5C, 0x55, 0x55, 0x55, 0x00, 0xA0, 0x00, 0x40, 0x00, 0x00, 0x00, 0x00,
    0x86, 0x31, 0x00, 0x00, 0x15, 0x55, 0x55, 0x55, 0xFF, 0x0D, 0xFF, 0x0C, 0x00, 0x00, 0x00, 0x00, 0x1C, 0xE7, 0x00,
    0x00, 0x58, 0x55, 0x55, 0x55, 0x00, 0xFD, 0x00, 0xFC, 0x00, 0x00, 0x00, 0x00, 0x1C, 0xE7, 0x00, 0x00, 0x25, 0x55,
    0x55, 0x55, 0xAF, 0x00, 0x4F, 0x00, 0x00, 0x00, 0x00, 0x00, 0x86, 0x31, 0x00, 0x00, 0x54, 0x55, 0x55, 0x55, 0x00,
    0xFA, 0x00, 0xF4, 0x00, 0x00, 0x00, 0x00, 0x9A, 0xD6, 0x00, 0x00, 0x35, 0x55, 0x55, 0x55, 0xDF, 0x00, 0xCF, 0x00,
    0x00, 0x00, 0x00, 0x00, 0x96, 0xB5, 0x00, 0x00, 0x54, 0x55, 0x55, 0x55, 0xD0, 0xFF, 0xC0, 0xFF, 0x00, 0x00, 0x00,
    0x00, 0x18, 0xC6, 0x00, 0x00, 0xC1, 0x55, 0x55, 0x55, 0x0A, 0x00, 0x04, 0x00, 0x00, 0x00, 0x00, 0x00, 0x01, 0x00,
    0x00, 0x00, 0x55, 0x55, 0x55, 0x55, 0xA0, 0xFF, 0x40, 0xFF, 0x00, 0x00, 0x00, 0x00, 0x18, 0xC6, 0x00, 0x00, 0x0D,
    0x55, 0x55, 0x55, 0x0E, 0x00, 0x0C, 0x00, 0x00, 0x00, 0x00, 0x00, 0x01, 0x00, 0x00, 0x00, 0x55, 0x55, 0x55, 0x55,
    0xFF, 0xFF, 0xFF, 0xFF, 0x00, 0x00, 0x00, 0x00, 0xDB, 0xDE, 0x00, 0x00, 0x00, 0x55, 0x55, 0x55, 0xFF, 0xFF, 0xFF,
    0xFF, 0x00, 0x00, 0x00, 0x00, 0xDB, 0xDE, 0x00, 0x00, 0x00, 0x55, 0x55, 0x55, 0xFF, 0x00, 0xFF, 0x00, 0x00, 0x00,
    0x00, 0x00, 0xDB, 0xDE, 0x00, 0x00, 0x54, 0x55, 0x55, 0x55, 0xF0, 0xFF, 0xF0, 0xFF, 0x00, 0x00, 0x00, 0x00, 0xDB,
    0xDE, 0x00, 0x00, 0x01, 0x55, 0x55, 0x55, 0xFF, 0xFF, 0xFF, 0xFF, 0x00, 0x00, 0x00, 0x00, 0xDB, 0xDE, 0x00, 0x00,
    0x00, 0x55, 0x55, 0x55, 0xFF, 0x0F, 0xFF, 0x0F, 0x00, 0x00, 0x00, 0x00, 0xDB, 0xDE, 0x00, 0x00, 0x50, 0x55, 0x55,
    0x55, 0x00, 0xF0, 0x00, 0xF0, 0x00, 0x00, 0x00, 0x00, 0xDB, 0xDE, 0x00, 0x00, 0x15, 0x55, 0x55, 0x55, 0xFF, 0x00,
    0xFF, 0x00, 0x00, 0x00, 0x00, 0x00, 0xDB, 0xDE, 0x00, 0x00, 0x54, 0x55, 0x55, 0x55, 0xF0, 0xFF, 0xF0, 0xFF, 0x00,
    0x00, 0x00, 0x00, 0xDB, 0xDE, 0x00, 0x00, 0x41, 0x55, 0x55, 0x55, 0x00, 0x00, 0x00, 0x00, 0x00, 0x00, 0x00, 0x00,
    0x01, 0x00, 0x00, 0x00, 0x55, 0x55, 0x55, 0x55, 0xFF, 0x0F, 0xFF, 0x0F, 0x00, 0x00, 0x00, 0x00, 0xDB, 0xDE, 0x00,
    0x00, 0x50, 0x55, 0x55, 0x55, 0x00, 0xF2, 0x00, 0x60, 0x00, 0x00, 0x00, 0x00, 0xCB, 0x5A, 0x00, 0x00, 0x15, 0x55,
    0x55, 0x55, 0xFF, 0x0F, 0xFF, 0x0F, 0x00, 0x00, 0x00, 0x00, 0xDB, 0xDE, 0x00, 0x00, 0x50, 0x55, 0x55, 0x55, 0x00,
    0x80, 0x00, 0x00, 0x00, 0x00, 0x00, 0x00, 0x01, 0x00, 0x00, 0x00, 0x55, 0x55, 0x55, 0x55, 0xFF, 0xFF, 0xD5, 0xFF,
    0x00, 0x00, 0x00, 0x00, 0xDB, 0xDE, 0x00, 0x00, 0x0B, 0x55, 0x55, 0x55, 0xFF, 0x8F, 0xDF, 0x05, 0x00, 0x00, 0x00,
    0x00, 0x55, 0xAD, 0x00, 0x00, 0x5C, 0x55, 0x55, 0x55, 0x00, 0x00, 0x00, 0x00, 0x00, 0x00, 0x00, 0x00, 0x01, 0x00,
    0x00, 0x00, 0x55, 0x55, 0x55, 0x55, 0x00, 0x00, 0x00, 0x00, 0x00, 0x00, 0x00, 0x00, 0x01, 0x00, 0x00, 0x00, 0x55,
    0x55, 0x55, 0x55, 0x00, 0x00, 0x00, 0x00, 0x00, 0x00, 0x00, 0x00, 0x01, 0x00, 0x00, 0x00, 0x55, 0x55, 0x55, 0x55,
    0x00, 0x00, 0x00, 0x00, 0x00, 0x00, 0x00, 0x00, 0x01, 0x00, 0x00, 0x00, 0x55, 0x55, 0x55, 0x55, 0x00, 0x00, 0x00,
    0x00, 0x00, 0x00, 0x00, 0xF4, 0x9A, 0xD6, 0x00, 0x00, 0x55, 0x55, 0x55, 0x35, 0x00, 0x00, 0x00, 0x00, 0x00, 0x00,
    0x8F, 0x00, 0xCF, 0x7B, 0x00, 0x00, 0x55, 0x55, 0x55, 0x54, 0x00, 0x00, 0x00, 0x00, 0x00, 0x00, 0x00, 0x00, 0x01,
    0x00, 0x00, 0x00, 0x55, 0x55, 0x55, 0x55, 0x00, 0x00, 0x00, 0x00, 0x00, 0x00, 0x00, 0x10, 0x41, 0x08, 0x00, 0x00,
    0x55, 0x55, 0x55, 0xD5, 0x00, 0x00, 0x00, 0x00, 0x00, 0x00, 0xFA, 0xBF, 0xDB, 0xDE, 0x00, 0x00, 0x55, 0x55, 0x55,
    0x62, 0x00, 0x00, 0x00, 0x00, 0x00, 0x00, 0x01, 0x00, 0x01, 0x00, 0x00, 0x00, 0x55, 0x55, 0x55, 0x55, 0x00, 0x00,
    0x00, 0x00, 0x00, 0x00, 0x00, 0x00, 0x01, 0x00, 0x00, 0x00, 0x55, 0x55, 0x55, 0x55, 0x00, 0xFE, 0x00, 0x00, 0x00,
    0x00, 0xF0, 0xFF, 0xDB, 0xDE, 0x00, 0x00, 0x55, 0x55, 0x55, 0x41, 0xCF, 0x03, 0x00, 0x00, 0x00, 0x00, 0xFF, 0x0F,
    0xDB, 0xDE, 0x00, 0x00, 0x55, 0x55, 0x55, 0x50, 0x00, 0x00, 0x00, 0x00, 0x00, 0x00, 0x00, 0x00, 0x01, 0x00, 0x00,
    0x00, 0x55, 0x55, 0x55, 0x55, 0x00, 0x00, 0x00, 0x00, 0x00, 0x00, 0x00, 0x80, 0xCF, 0x7B, 0x00, 0x00, 0x55, 0x55,
    0x55, 0x15, 0x00, 0x00, 0x00, 0x00, 0x00, 0x00, 0xFF, 0x04, 0x9A, 0xD6, 0x00, 0x00, 0x55, 0x55, 0x55, 0x5C, 0x00,
    0x00, 0x00, 0x00, 0x00, 0x00, 0x00, 0x00, 0x01, 0x00, 0x00, 0x00, 0x55, 0x55, 0x55, 0x55, 0x00, 0xFF, 0x00, 0x00,
    0x00, 0x00, 0x00, 0x00, 0x01, 0x00, 0x00, 0x00, 0x55, 0x55, 0x55, 0x55, 0x0F, 0x00, 0x00, 0x00, 0x00, 0x00, 0x00,
    0xF4, 0x9A, 0xD6, 0x00, 0x00, 0x55, 0x55, 0x55, 0x35, 0x00, 0x00, 0x00, 0x00, 0x00, 0x00, 0x8F, 0x00, 0xCF, 0x7B,
    0x00, 0x00, 0x55, 0x55, 0x55, 0x54, 0x00, 0x00, 0x00, 0x00, 0x00, 0x00, 0x00, 0x00, 0x01, 0x00, 0x00, 0x00, 0x55,
    0x55, 0x55, 0x55, 0x00, 0x00, 0x00, 0x00, 0x00, 0x00, 0x00, 0xF0, 0xDB, 0xDE, 0x00, 0x00, 0x55, 0x55, 0x55, 0x15,
    0xFF, 0x0F, 0x00, 0x00, 0x00, 0x00, 0xFF, 0xFF, 0xDB, 0xDE, 0x00, 0x00, 0x55, 0x55, 0x55, 0x04, 0x00, 0x00, 0x00,
    0x00, 0x00, 0x00, 0x0F, 0x00, 0x01, 0x00, 0x00, 0x00, 0x55, 0x55, 0x55, 0x55, 0x00, 0x00, 0x00, 0x00, 0x00, 0x00,
    0x00, 0x00, 0x01, 0x00, 0x00, 0x00, 0x55, 0x55, 0x55, 0x55, 0x00, 0x00, 0x00, 0x00, 0x00, 0x00, 0x00, 0x00, 0x01,
    0x00, 0x00, 0x00, 0x55, 0x55, 0x55, 0x55, 0x00, 0x00, 0x00, 0x00, 0x00, 0x00, 0x00, 0x00, 0x01, 0x00, 0x00, 0x00,
    0x55, 0x55, 0x55, 0x55, 0x00, 0x00, 0x00, 0x00, 0x00, 0x00, 0x00, 0x00, 0x01, 0x00, 0x00, 0x00, 0x55, 0x55, 0x55,
    0x55, 0x00, 0x00, 0x00, 0x00, 0x00, 0x00, 0x00, 0x00, 0x01, 0x00, 0x00, 0x00, 0x55, 0x55, 0x55, 0x55, 0x00, 0x00,
    0x00, 0x00, 0x00, 0x00, 0x00, 0x00, 0x01, 0x00, 0x00, 0x00, 0x55, 0x55, 0x55, 0x55, 0x00, 0x00, 0x00, 0x00, 0x00,
    0x00, 0x00, 0x00, 0x01, 0x00, 0x00, 0x00, 0x55, 0x55, 0x55, 0x55, 0x00, 0x00, 0x00, 0x00, 0x00, 0x00, 0x00, 0x00,
    0x01, 0x00, 0x00, 0x00, 0x55, 0x55, 0x55, 0x55, 0x00, 0x00, 0x00, 0x00, 0x00, 0x00, 0x00, 0x00, 0x01, 0x00, 0x00,
    0x00, 0x55, 0x55, 0x55, 0x55, 0x00, 0x00, 0x00, 0x00, 0x00, 0x00, 0x00, 0x00, 0x01, 0x00, 0x00, 0x00, 0x55, 0x55,
    0x55, 0x55, 0xC4, 0xFF, 0x00, 0x00, 0x00, 0x00, 0x00, 0x00, 0x01, 0x00, 0x00, 0x00, 0x55, 0x55, 0x55, 0x55, 0xBF,
    0x03, 0x00, 0x00, 0x00, 0x00, 0x00, 0x00, 0x01, 0x00, 0x00, 0x00, 0x55, 0x55, 0x55, 0x55, 0x00, 0x00, 0x00, 0x00,
    0x00, 0x00, 0x00, 0x00, 0x01, 0x00, 0x00, 0x00, 0x55, 0x55, 0x55, 0x55, 0x00, 0x00, 0x00, 0x00, 0x00, 0x00, 0x00,
    0x00, 0x01, 0x00, 0x00, 0x00, 0x55, 0x55, 0x55, 0x55, 0x00, 0x00, 0x00, 0x00, 0x00, 0x00, 0x00, 0x00, 0x01, 0x00,
    0x00, 0x00, 0x55, 0x55, 0x55, 0x55, 0x00, 0x00, 0x00, 0x00, 0x00, 0x00, 0x00, 0x00, 0x01, 0x00, 0x00, 0x00, 0x55,
    0x55, 0x55, 0x55, 0x00, 0x00, 0x00, 0x00, 0x00, 0x00, 0x00, 0x00, 0x01, 0x00, 0x00, 0x00, 0x55, 0x55, 0x55, 0x55,
    0x00, 0x00, 0x00, 0x00, 0x00, 0x00, 0x00, 0x00, 0x01, 0x00, 0x00, 0x00, 0x55, 0x55, 0x55, 0x55, 0x00, 0x00, 0x00,
    0x00, 0x00, 0x00, 0x00, 0x00, 0x01, 0x00, 0x00, 0x00, 0x55, 0x55, 0x55, 0x55, 0x00, 0x00, 0x00, 0x00, 0x00, 0x00,
    0x00, 0x00, 0x01, 0x00, 0x00, 0x00, 0x55, 0x55, 0x55, 0x55, 0x00, 0x00, 0x00, 0x00, 0x00, 0x00, 0x00, 0x00, 0x01,
    0x00, 0x00, 0x00, 0x55, 0x55, 0x55, 0x55, 0x00, 0x00, 0x00, 0x00, 0x00, 0x00, 0x00, 0x00, 0x01, 0x00, 0x00, 0x00,
    0x55, 0x55, 0x55, 0x55, 0x00, 0x00, 0x00, 0x00, 0x00, 0x00, 0x00, 0x00, 0x01, 0x00, 0x00, 0x00, 0x55, 0x55, 0x55,
    0x55, 0x00, 0x00, 0x00, 0x00, 0x00, 0x00, 0x00, 0x00, 0x01, 0x00, 0x00, 0x00, 0x55, 0x55, 0x55, 0x55, 0x00, 0x00,
    0x00, 0x00, 0x00, 0x00, 0x00, 0x00, 0x01, 0x00, 0x00, 0x00, 0x55, 0x55, 0x55, 0x55, 0x00, 0x00, 0x00, 0x00, 0x00,
    0x00, 0x00, 0x00, 0x01, 0x00, 0x00, 0x00, 0x55, 0x55, 0x55, 0x55, 0x00, 0x00, 0x00, 0x00, 0x00, 0x00, 0x00, 0x00,
    0x01, 0x00, 0x00, 0x00, 0x55, 0x55, 0x55, 0x55, 0x00, 0x00, 0x00, 0x00, 0x00, 0x00, 0x00, 0x00, 0x01, 0x00, 0x00,
    0x00, 0x55, 0x55, 0x55, 0x55, 0x00, 0x00, 0x00, 0x00, 0x00, 0x00, 0x00, 0x00, 0x01, 0x00, 0x00, 0x00, 0x55, 0x55,
    0x55, 0x55, 0x00, 0x00, 0x00, 0x00, 0x00, 0x00, 0x00, 0x00, 0x01, 0x00, 0x00, 0x00, 0x55, 0x55, 0x55, 0x55, 0x00,
    0x00, 0x00, 0x00, 0x00, 0x00, 0x00, 0x00, 0x01, 0x00, 0x00, 0x00, 0x55, 0x55, 0x55, 0x55, 0x00, 0x00, 0x00, 0x00,
    0x00, 0x00, 0x00, 0x00, 0x01, 0x00, 0x00, 0x00, 0x55, 0x55, 0x55, 0x55, 0x00, 0x00, 0x00, 0x00, 0x00, 0x00, 0x00,
    0x00, 0x01, 0x00, 0x00, 0x00, 0x55, 0x55, 0x55, 0x55, 0x00, 0x00, 0x00, 0x00, 0x00, 0x00, 0x00, 0x00, 0x01, 0x00,
    0x00, 0x00, 0x55, 0x55, 0x55, 0x55, 0x00, 0x00, 0x00, 0x00, 0x00, 0x00, 0x00, 0x00, 0x01, 0x00, 0x00, 0x00, 0x55,
    0x55, 0x55, 0x55, 0x00, 0x00, 0x00, 0x00, 0x00, 0x00, 0x00, 0x00, 0x01, 0x00, 0x00, 0x00, 0x55, 0x55, 0x55, 0x55,
    0x00, 0x00, 0x00, 0x00, 0x00, 0x00, 0x00, 0x00, 0x01, 0x00, 0x00, 0x00, 0x55, 0x55, 0x55, 0x55, 0x00, 0x00, 0x00,
    0x00, 0x00, 0x00, 0x00, 0x00, 0x01, 0x00, 0x00, 0x00, 0x55, 0x55, 0x55, 0x55, 0x00, 0x00, 0x00, 0x00, 0x00, 0x00,
    0x00, 0x00, 0x01, 0x00, 0x00, 0x00, 0x55, 0x55, 0x55, 0x55, 0x00, 0x00, 0x00, 0x00, 0x00, 0x00, 0x00, 0x00, 0x01,
    0x00, 0x00, 0x00, 0x55, 0x55, 0x55, 0x55, 0x00, 0x00, 0x00, 0x00, 0x00, 0x00, 0x00, 0x00, 0x01, 0x00, 0x00, 0x00,
    0x55, 0x55, 0x55, 0x55, 0x00, 0x00, 0x00, 0x00, 0x00, 0x00, 0x00, 0x00, 0x01, 0x00, 0x00, 0x00, 0x55, 0x55, 0x55,
    0x55, 0x00, 0x00, 0x00, 0x00, 0x00, 0x00, 0x00, 0x00, 0x01, 0x00, 0x00, 0x00, 0x55, 0x55, 0x55, 0x55, 0x00, 0x00,
    0x00, 0x00, 0x00, 0x00, 0x00, 0x80, 0xCF, 0x7B, 0x00, 0x00, 0x55, 0x55, 0x55, 0x15, 0x00, 0xFC, 0x00, 0xDB, 0xD6,
    0xFF, 0xFF, 0xFF, 0xDB, 0xDE, 0x00, 0x00, 0xA5, 0x55, 0x0B, 0x00, 0x8F, 0x00, 0x08, 0x00, 0xDF, 0x05, 0xFF, 0x8F,
    0xDB, 0xDE, 0x00, 0x00, 0x55, 0x55, 0x5E, 0x60, 0x00, 0x00, 0x00, 0x00, 0x00, 0x00, 0x00, 0x00, 0x01, 0x00, 0x00,
    0x00, 0x55, 0x55, 0x55, 0x55, 0x00, 0x80, 0x00, 0x80, 0x00, 0xD6, 0x80, 0xFF, 0x59, 0xCE, 0x00, 0x00, 0x95, 0x55,
    0x35, 0x09, 0xFF, 0xFF, 0xFF, 0xFF, 0xFF, 0xDF, 0xFF, 0xFF, 0xDB, 0xDE, 0x41, 0x08, 0x8C, 0x55, 0xE0, 0x00, 0x09,
    0x00, 0x09, 0x00, 0x05, 0x00, 0x8F, 0x00, 0x8E, 0x73, 0x00, 0x00, 0x55, 0x55, 0x55, 0x54, 0x00, 0x00, 0x00, 0x00,
    0x00, 0x00, 0x00, 0x80, 0xCF, 0x7B, 0x00, 0x00, 0x55, 0x55, 0x55, 0x15, 0xF0, 0xFF, 0xF0, 0xFF, 0xD6, 0xFF, 0xFF,
    0xFF, 0xDB, 0xDE, 0x00, 0x00, 0x41, 0x55, 0x0B, 0x00, 0xFF, 0x0F, 0xFF, 0x0F, 0xDF, 0x05, 0xFF, 0x8F, 0xDB, 0xDE,
    0x00, 0x00, 0x50, 0x55, 0x5E, 0x60, 0x00, 0x00, 0x00, 0x00, 0x00, 0x00, 0x00, 0x00, 0x01, 0x00, 0x00, 0x00, 0x55,
    0x55, 0x55, 0x55, 0x00, 0x80, 0x00, 0x00, 0xFF, 0x0F, 0xFF, 0x0F, 0xDB, 0xDE, 0x00, 0x00, 0x55, 0x55, 0x50, 0x50,
    0xFF, 0x0C, 0xD8, 0x0B, 0x00, 0x00, 0x00, 0x00, 0x55, 0xAD, 0x00, 0x00, 0x52, 0x55, 0x55, 0x55, 0x00, 0x00, 0x00,
    0x00, 0xFF, 0x0F, 0xFF, 0x0F, 0xDB, 0xDE, 0x00, 0x00, 0x55, 0x55, 0x50, 0x50, 0x00, 0x00, 0x00, 0x00, 0x00, 0xFF,
    0x00, 0xFF, 0xDB, 0xDE, 0x00, 0x00, 0x55, 0x55, 0x05, 0x05, 0x00, 0xFC, 0x00, 0xDB, 0x0F, 0x00, 0x0F, 0x00, 0x55,
    0xAD, 0x00, 0x00, 0x85, 0x55, 0x55, 0x55, 0x8F, 0x00, 0x08, 0x00, 0x00, 0xFF, 0x00, 0xFF, 0xDB, 0xDE, 0x00, 0x00,
    0x55, 0x55, 0x05, 0x05, 0x00, 0x00, 0x00, 0x00, 0x0F, 0x00, 0x0F, 0x00, 0x01, 0x00, 0x00, 0x00, 0x55, 0x55, 0x55,
    0x55, 0x00, 0xF0, 0x00, 0xF0, 0xFF, 0x0F, 0xFF, 0x0F, 0xDB, 0xDE, 0x00, 0x00, 0x15, 0x55, 0x50, 0x50, 0xFF, 0xFF,
    0xFF, 0xFF, 0x00, 0x00, 0x00, 0x00, 0xDB, 0xDE, 0x00, 0x00, 0x04, 0x55, 0x55, 0x55, 0x0F, 0x00, 0x0F, 0x00, 0xFF,
    0x0F, 0xFF, 0x0F, 0xDB, 0xDE, 0x00, 0x00, 0x55, 0x55, 0x50, 0x50, 0x00, 0x00, 0x00, 0x00, 0x00, 0x00, 0x00, 0x00,
    0x01, 0x00, 0x00, 0x00, 0x55, 0x55, 0x55, 0x55, 0x00, 0x00, 0x00, 0x00, 0xF8, 0x4F, 0xF8, 0xCF, 0x59, 0xCE, 0x00,
    0x00, 0x55, 0x55, 0x72, 0x69, 0x00, 0x00, 0x00, 0x00, 0x00, 0x00, 0x00, 0x00, 0x01, 0x00, 0x00, 0x00, 0x55, 0x55,
    0x55, 0x55, 0x00, 0x00, 0x00, 0x00, 0x00, 0x00, 0x00, 0x00, 0x01, 0x00, 0x00, 0x00, 0x55, 0x55, 0x55, 0x55, 0x00,
    0x00, 0x00, 0x00, 0x40, 0xFF, 0xC0, 0xFF, 0x59, 0xCE, 0x00, 0x00, 0x55, 0x55, 0x8D, 0x69, 0x00, 0x00, 0x00, 0x00,
    0x08, 0x00, 0x08, 0x00, 0x01, 0x00, 0x00, 0x00, 0x55, 0x55, 0x55, 0x55, 0x00, 0x00, 0x00, 0x00, 0x00, 0xF0, 0x00,
    0xF0, 0xDB, 0xDE, 0x00, 0x00, 0x55, 0x55, 0x15, 0x15, 0x00, 0x00, 0x00, 0x00, 0xFF, 0xFF, 0xFF, 0xFF, 0xDB, 0xDE,
    0x00, 0x00, 0x55, 0x55, 0x04, 0x04, 0x00, 0x00, 0x00, 0x00, 0x0F, 0x00, 0x0F, 0x00, 0x01, 0x00, 0x00, 0x00, 0x55,
    0x55, 0x55, 0x55, 0x00, 0x00, 0x00, 0x00, 0x00, 0x00, 0x00, 0x00, 0x01, 0x00, 0x00, 0x00, 0x55, 0x55, 0x55, 0x55,
    0x00, 0x00, 0x00, 0x00, 0xF8, 0x4F, 0xF8, 0xCF, 0x59, 0xCE, 0x00, 0x00, 0x55, 0x55, 0x72, 0x69, 0x00, 0x00, 0x00,
    0x00, 0x00, 0x00, 0x00, 0x00, 0x01, 0x00, 0x00, 0x00, 0x55, 0x55, 0x55, 0x55, 0x00, 0x00, 0x00, 0x00, 0x00, 0x40,
    0x00, 0xC0, 0x14, 0xA5, 0x00, 0x00, 0x55, 0x55, 0xD5, 0x15, 0x00, 0x00, 0x00, 0x00, 0xFF, 0x08, 0xFF, 0x08, 0xDB,
    0xDE, 0x00, 0x00, 0x55, 0x55, 0x58, 0x56, 0x00, 0x00, 0x00, 0x00, 0x00, 0x00, 0x00, 0x00, 0x01, 0x00, 0x00, 0x00,
    0x55, 0x55, 0x55, 0x55, 0x00, 0x00, 0x00, 0x00, 0xF4, 0x8F, 0xFC, 0x8F, 0x59, 0xCE, 0x00, 0x00, 0x55, 0x55, 0x63,
    0x5A, 0x00, 0x00, 0x00, 0x00, 0x00, 0x00, 0x00, 0x00, 0x01, 0x00, 0x00, 0x00, 0x55, 0x55, 0x55, 0x55, 0x00, 0x00,
    0x00, 0x00, 0x90, 0xFF, 0xF0, 0xFF, 0x59, 0xCE, 0x00, 0x00, 0x55, 0x55, 0x89, 0x91, 0x00, 0x00, 0x00, 0x00, 0xFA,
    0x0F, 0xFF, 0x0F, 0x59, 0xCE, 0x00, 0x00, 0x55, 0x55, 0x51, 0x58, 0x00, 0x00, 0x00, 0x00, 0x00, 0x00, 0x00, 0x00,
    0x01, 0x00, 0x00, 0x00, 0x55, 0x55, 0x55, 0x55, 0x00, 0x00, 0x00, 0x00, 0x00, 0xF4, 0x00, 0xFC, 0x9A, 0xD6, 0x00,
    0x00, 0x55, 0x55, 0x35, 0xA5, 0x00, 0x00, 0x00, 0x00, 0x8F, 0x00, 0x8F, 0x00, 0xCF, 0x7B, 0x00, 0x00, 0x55, 0x55,
    0x54, 0x55, 0x00, 0x00, 0x00, 0x00, 0x00, 0x00, 0x00, 0x00, 0x01, 0x00, 0x00, 0x00, 0x55, 0x55, 0x55, 0x55, 0x00,
    0x00, 0x00, 0x00, 0xF0, 0xFF, 0xF0, 0xFF, 0xDB, 0xDE, 0x00, 0x00, 0x55, 0x55, 0x41, 0x41, 0x00, 0x00, 0x00, 0x00,
    0xFF, 0x0F, 0xFF, 0x0F, 0xDB, 0xDE, 0x00, 0x00, 0x55, 0x55, 0x50, 0x50, 0x00, 0x00, 0x00, 0x00, 0x00, 0x00, 0x00,
    0x00, 0x01, 0x00, 0x00, 0x00, 0x55, 0x55, 0x55, 0x55, 0x00, 0x00, 0x00, 0x00, 0x00, 0x00, 0x00, 0x00, 0x01, 0x00,
    0x00, 0x00, 0x55, 0x55, 0x55, 0x55, 0x00, 0x00, 0x00, 0x00, 0x00, 0x00, 0x00, 0x00, 0x01, 0x00, 0x00, 0x00, 0x55,
    0x55, 0x55, 0x55, 0x00, 0x00, 0x00, 0x00, 0x00, 0x00, 0x00, 0x00, 0x01, 0x00, 0x00, 0x00, 0x55, 0x55, 0x55, 0x55,
    0x00, 0x00, 0x00, 0x00, 0x00, 0x00, 0x00, 0x00, 0x01, 0x00, 0x00, 0x00, 0x55, 0x55, 0x55, 0x55, 0x00, 0x00, 0x00,
    0x00, 0x00, 0x00, 0x00, 0x00, 0x01, 0x00, 0x00, 0x00, 0x55, 0x55, 0x55, 0x55, 0x00, 0x00, 0x00, 0x00, 0x00, 0x00,
    0x00, 0x00, 0x01, 0x00, 0x00, 0x00, 0x55, 0x55, 0x55, 0x55, 0x00, 0x00, 0x00, 0x00, 0x00, 0x00, 0x00, 0x00, 0x01,
    0x00, 0x00, 0x00, 0x55, 0x55, 0x55, 0x55, 0x00, 0x00, 0x00, 0x00, 0x00, 0x00, 0x00, 0x00, 0x01, 0x00, 0x00, 0x00,
    0x55, 0x55, 0x55, 0x55, 0x00, 0x00, 0x00, 0x00, 0x00, 0x00, 0x00, 0x00, 0x01, 0x00, 0x00, 0x00, 0x55, 0x55, 0x55,
    0x55, 0x00, 0x00, 0x00, 0x00, 0x00, 0x00, 0x00, 0x00, 0x01, 0x00, 0x00, 0x00, 0x55, 0x55, 0x55, 0x55, 0x00, 0x00,
    0x00, 0x00, 0x00, 0x00, 0x00, 0x00, 0x01, 0x00, 0x00, 0x00, 0x55, 0x55, 0x55, 0x55, 0x00, 0x00, 0x00, 0x00, 0x00,
    0x00, 0x00, 0x00, 0x01, 0x00, 0x00, 0x00, 0x55, 0x55, 0x55, 0x55, 0x00, 0x00, 0x00, 0x00, 0x00, 0x00, 0x00, 0x00,
    0x01, 0x00, 0x00, 0x00, 0x55, 0x55, 0x55, 0x55, 0x00, 0x00, 0x00, 0x00, 0x00, 0x00, 0x00, 0x00, 0x01, 0x00, 0x00,
    0x00, 0x55, 0x55, 0x55, 0x55, 0x00, 0x00, 0x00, 0x00, 0x00, 0x00, 0x00, 0x00, 0x01, 0x00, 0x00, 0x00, 0x55, 0x55,
    0x55, 0x55, 0x00, 0x00, 0x00, 0x00, 0x00, 0x00, 0x00, 0x00, 0x01, 0x00, 0x00, 0x00, 0x55, 0x55, 0x55, 0x55, 0x00,
    0x00, 0x00, 0x00, 0x00, 0x00, 0x00, 0x00, 0x01, 0x00, 0x00, 0x00, 0x55, 0x55, 0x55, 0x55, 0x00, 0xF4, 0x00, 0xFB,
    0x00, 0xFE, 0x00, 0xFF, 0x9A, 0xD6, 0x00, 0x00, 0x35, 0x25, 0x05, 0x05, 0xFF, 0xFF, 0xFF, 0x27, 0x9F, 0x00, 0x3F,
    0x00, 0x9A, 0xD6, 0x41, 0x08, 0x5C, 0x57, 0x55, 0x55, 0xFF, 0xFF, 0xF7, 0xFF, 0x80, 0xFF, 0x30, 0xFF, 0x9A, 0xD6,
    0x41, 0x08, 0xC3, 0x8D, 0x05, 0x05, 0x04, 0x00, 0x0B, 0x00, 0x0E, 0x00, 0x0F, 0x00, 0x01, 0x00, 0x00, 0x00, 0x55,
    0x55, 0x55, 0x55, 0xF4, 0xFF, 0xFB, 0xFF, 0xFE, 0x9F, 0xFF, 0x3F, 0x9A, 0xD6, 0x41, 0x08, 0xC3, 0x72, 0x50, 0x50,
    0xFF, 0xFF, 0x27, 0xF7, 0x00, 0x90, 0x00, 0x30, 0x59, 0xCE, 0x00, 0x00, 0x35, 0x95, 0x55, 0x55, 0xFF, 0x04, 0xFF,
    0x0B, 0xFF, 0x0E, 0xFF, 0x0F, 0x9A, 0xD6, 0x00, 0x00, 0x5C, 0x58, 0x50, 0x50, 0x00, 0xF4, 0x00, 0xFB, 0x00, 0xFE,
    0x00, 0xFF, 0x9A, 0xD6, 0x00, 0x00, 0x35, 0x25, 0x05, 0x05, 0xFF, 0xFF, 0xFF, 0x27, 0x9F, 0x00, 0x3F, 0x00, 0x9A,
    0xD6, 0x41, 0x08, 0x5C, 0x57, 0x55, 0x55, 0xFF, 0xFF, 0xF7, 0xFF, 0x80, 0xFF, 0x30, 0xFF, 0x9A, 0xD6, 0x41, 0x08,
    0xC3, 0x8D, 0x05, 0x05, 0x04, 0x00, 0x0B, 0x00, 0x0E, 0x00, 0x0F, 0x00, 0x01, 0x00, 0x00, 0x00, 0x55, 0x55, 0x55,
    0x55, 0xFF, 0x0F, 0xFF, 0x0F, 0xFF, 0x0F, 0xFF, 0x0F, 0xDB, 0xDE, 0x00, 0x00, 0x50, 0x50, 0x50, 0x50, 0x00, 0x00,
    0x00, 0x00, 0x00, 0x00, 0x00, 0x00, 0x01, 0x00, 0x00, 0x00, 0x55, 0x55, 0x55, 0x55, 0xFF, 0x0F, 0xFF, 0x0F, 0xFF,
    0x0F, 0xFF, 0x0F, 0xDB, 0xDE, 0x00, 0x00, 0x50, 0x50, 0x50, 0x50, 0x00, 0xFF, 0x00, 0xFF, 0x00, 0xFF, 0x00, 0xFF,
    0xDB, 0xDE, 0x00, 0x00, 0x05, 0x05, 0x05, 0x05, 0x0F, 0x00, 0x0F, 0x00, 0x0F, 0x00, 0x0F, 0x00, 0x01, 0x00, 0x00,
    0x00, 0x55, 0x55, 0x55, 0x55, 0x00, 0xFF, 0x00, 0xFF, 0x00, 0xFF, 0x00, 0xFF, 0xDB, 0xDE, 0x00, 0x00, 0x05, 0x05,
    0x05, 0x05, 0x0F, 0x00, 0x0F, 0x00, 0x0F, 0x00, 0x0F, 0x00, 0x01, 0x00, 0x00, 0x00, 0x55, 0x55, 0x55, 0x55, 0xFF,
    0x0F, 0xFF, 0x0F, 0xFF, 0x0F, 0xFF, 0x0F, 0xDB, 0xDE, 0x00, 0x00, 0x50, 0x50, 0x50, 0x50, 0x00, 0x00, 0x00, 0x00,
    0x00, 0x00, 0x00, 0x00, 0x01, 0x00, 0x00, 0x00, 0x55, 0x55, 0x55, 0x55, 0xFF, 0x0F, 0xFF, 0x0F, 0xFF, 0x0F, 0xFF,
    0x0F, 0xDB, 0xDE, 0x00, 0x00, 0x50, 0x50, 0x50, 0x50, 0x00, 0x00, 0x00, 0x81, 0x00, 0xF8, 0x00, 0xFE, 0x9A, 0xD6,
    0x00, 0x00, 0x55, 0x95, 0x25, 0x05, 0x80, 0xBD, 0xFE, 0xFF, 0xFF, 0xFF, 0xFF, 0xFF, 0x9A, 0xD6, 0x41, 0x08, 0x55,
    0x80, 0x00, 0x17, 0x00, 0x00, 0x3B, 0x00, 0xCF, 0x00, 0xFF, 0x00, 0x1C, 0xE7, 0x00, 0x00, 0x55, 0x55, 0x56, 0x54,
    0x00, 0x00, 0x00, 0x81, 0x00, 0xF8, 0x00, 0xFE, 0x9A, 0xD6, 0x00, 0x00, 0x55, 0x95, 0x25, 0x05, 0xB0, 0x8D, 0xFE,
    0xFF, 0xFF, 0xFF, 0xFF, 0xFF, 0x9A, 0xD6, 0x41, 0x08, 0x55, 0x80, 0x00, 0x17, 0x00, 0x00, 0x3B, 0x00, 0xCF, 0x00,
    0xFF, 0x00, 0x1C, 0xE7, 0x00, 0x00, 0x55, 0x55, 0x56, 0x54, 0x00, 0xF0, 0x00, 0x81, 0x00, 0xF8, 0x00, 0xFE, 0x9A,
    0xD6, 0x00, 0x00, 0x55, 0x95, 0x25, 0x05, 0xFF, 0xFF, 0xFE, 0xFF, 0xFF, 0xFF, 0xFF, 0xFF, 0x9A, 0xD6, 0x41, 0x08,
    0x55, 0x80, 0x00, 0x17, 0x0F, 0x00, 0x3B, 0x00, 0xCF, 0x00, 0xFF, 0x00, 0x1C, 0xE7, 0x00, 0x00, 0x55, 0x55, 0x56,
    0x54, 0x00, 0x00, 0x00, 0x50, 0x00, 0xF4, 0x00, 0xFB, 0x9A, 0xD6, 0x00, 0x00, 0x55, 0xD5, 0x35, 0x25, 0x80, 0xBD,
    0xFD, 0xDF, 0xFF, 0xFF, 0xFF, 0xFF, 0x9A, 0xD6, 0x00, 0x00, 0x55, 0xC0, 0x00, 0x37, 0x00, 0x00, 0x05, 0x00, 0x4F,
    0x00, 0xCF, 0x00, 0xD3, 0x9C, 0x00, 0x00, 0x55, 0x55, 0x57, 0x54, 0x00, 0xB0, 0x00, 0xD5, 0x40, 0xFF, 0xB0, 0xFF,
    0x9A, 0xD6, 0x00, 0x00, 0x55, 0x35, 0x0D, 0xC9, 0x8D, 0x00, 0xFF, 0x5D, 0xFF, 0xFF, 0xFF, 0xFF, 0x9A, 0xD6, 0x00,
    0x00, 0x55, 0x70, 0xC0, 0x8D, 0x00, 0x00, 0x00, 0x00, 0x04, 0x00, 0x0C, 0x00, 0x01, 0x00, 0x00, 0x00, 0x55, 0x55,
    0x55, 0x55, 0xDB, 0x08, 0xFF, 0x0F, 0xFF, 0x0F, 0xFF, 0x0F, 0xDB, 0xDE, 0x00, 0x00, 0x55, 0x50, 0x50, 0x50, 0x00,
    0x00, 0x00, 0xF0, 0x00, 0xF0, 0x00, 0xF0, 0xDB, 0xDE, 0x00, 0x00, 0x55, 0x15, 0x15, 0x15, 0xF0, 0x9F, 0xFF, 0xFC,
    0xFF, 0xFF, 0xFF, 0xFF, 0xDB, 0xDE, 0x00, 0x00, 0x55, 0x2C, 0x00, 0x58, 0xFF, 0x09, 0xFF, 0x2A, 0xFF, 0xBF, 0xFF,
    0xFF, 0x9A, 0xD6, 0x00, 0x00, 0x55, 0x58, 0x60, 0x42, 0x00, 0x00, 0x00, 0x00, 0x00, 0x20, 0x00, 0xA0, 0x10, 0x84,
    0x00, 0x00, 0x55, 0x55, 0xD5, 0x15, 0x00, 0xDB, 0xB3, 0xFF, 0xFE, 0xFF, 0xFF, 0xFF, 0xDB, 0xDE, 0x41, 0x08, 0x55,
    0x09, 0x00, 0x58, 0x08, 0x00, 0xBF, 0x03, 0xFF, 0x2E, 0xFF, 0xAF, 0x9A, 0xD6, 0x41, 0x08, 0x55, 0x56, 0x50, 0x62,
    0x00, 0x00, 0x00, 0x00, 0x00, 0x20, 0x00, 0xA0, 0x10, 0x84, 0x00, 0x00, 0x55, 0x55, 0xD5, 0x15, 0xF0, 0xFF, 0xB3,
    0xFF, 0xFE, 0xFF, 0xFF, 0xFF, 0xDB, 0xDE, 0x41, 0x08, 0x55, 0x09, 0x00, 0x58, 0xFF, 0x0F, 0xBF, 0x03, 0xFF, 0x2E,
    0xFF, 0xAF, 0x9A, 0xD6, 0x41, 0x08, 0x55, 0x56, 0x50, 0x62, 0x00, 0x00, 0x00, 0x00, 0x00, 0x00, 0x00, 0x00, 0x01,
    0x00, 0x00, 0x00, 0x55, 0x55, 0x55, 0x55, 0x00, 0x00, 0x00, 0x00, 0x00, 0x00, 0x00, 0x00, 0x01, 0x00, 0x00, 0x00,
    0x55, 0x55, 0x55, 0x55, 0x00, 0x00, 0x00, 0x00, 0x00, 0x00, 0x00, 0x00, 0x01, 0x00, 0x00, 0x00, 0x55, 0x55, 0x55,
    0x55, 0x00, 0x00, 0x00, 0x00, 0x00, 0x00, 0x00, 0x00, 0x01, 0x00, 0x00, 0x00, 0x55, 0x55, 0x55, 0x55, 0x00, 0x00,
    0x00, 0x00, 0x00, 0x00, 0x00, 0x00, 0x01, 0x00, 0x00, 0x00, 0x55, 0x55, 0x55, 0x55, 0x00, 0x00, 0x00, 0x00, 0x00,
    0x00, 0x00, 0x00, 0x01, 0x00, 0x00, 0x00, 0x55, 0x55, 0x55, 0x55, 0x00, 0x00, 0x00, 0x00, 0x00, 0x00, 0x00, 0x00,
    0x01, 0x00, 0x00, 0x00, 0x55, 0x55, 0x55, 0x55, 0x00, 0x00, 0x00, 0x00, 0x00, 0x00, 0x00, 0x00, 0x01, 0x00, 0x00,
    0x00, 0x55, 0x55, 0x55, 0x55, 0x00, 0x00, 0x00, 0x00, 0x00, 0x00, 0x00, 0x00, 0x01, 0x00, 0x00, 0x00, 0x55, 0x55,
    0x55, 0x55, 0x00, 0x00, 0x00, 0x00, 0x00, 0x00, 0x00, 0x00, 0x01, 0x00, 0x00, 0x00, 0x55, 0x55, 0x55, 0x55, 0x00,
    0x00, 0x00, 0x00, 0x00, 0x00, 0x00, 0x00, 0x01, 0x00, 0x00, 0x00, 0x55, 0x55, 0x55, 0x55, 0x00, 0x00, 0x00, 0x00,
    0x00, 0x00, 0x00, 0x00, 0x01, 0x00, 0x00, 0x00, 0x55, 0x55, 0x55, 0x55, 0x00, 0x00, 0x00, 0x00, 0x00, 0x00, 0x00,
    0x00, 0x01, 0x00, 0x00, 0x00, 0x55, 0x55, 0x55, 0x55, 0x00, 0x00, 0x00, 0x00, 0x00, 0x00, 0x00, 0x00, 0x01, 0x00,
    0x00, 0x00, 0x55, 0x55, 0x55, 0x55, 0x00, 0x00, 0x00, 0x00, 0x00, 0x00, 0x00, 0x00, 0x01, 0x00, 0x00, 0x00, 0x55,
    0x55, 0x55, 0x55, 0x00, 0x00, 0x00, 0x00, 0x00, 0x00, 0x00, 0x00, 0x01, 0x00, 0x00, 0x00, 0x55, 0x55, 0x55, 0x55,
    0x00, 0x00, 0x00, 0x00, 0x00, 0x00, 0x00, 0x00, 0x01, 0x00, 0x00, 0x00, 0x55, 0x55, 0x55, 0x55, 0x00, 0x00, 0x00,
    0x00, 0x00, 0x00, 0x00, 0x00, 0x01, 0x00, 0x00, 0x00, 0x55, 0x55, 0x55, 0x55, 0x00, 0xFF, 0x00, 0xFF, 0x00, 0xFF,
    0x00, 0xFB, 0x9A, 0xD6, 0x00, 0x00, 0x05, 0x05, 0x25, 0x35, 0x0F, 0x00, 0x2F, 0x00, 0x8F, 0x00, 0xFF, 0x27, 0x9A,
    0xD6, 0x41, 0x08, 0x55, 0x55, 0x57, 0x5C, 0x00, 0xFF, 0x20, 0xFF, 0x80, 0xFF, 0xF7, 0xFF, 0x9A, 0xD6, 0x41, 0x08,
    0x05, 0x05, 0x8D, 0xC3, 0x0F, 0x00, 0x0F, 0x00, 0x0E, 0x00, 0x0B, 0x00, 0x01, 0x00, 0x00, 0x00, 0x55, 0x55, 0x55,
    0x55, 0xFF, 0x0F, 0xFF, 0x2F, 0xFF, 0x8F, 0xFB, 0xFF, 0x9A, 0xD6, 0x41, 0x08, 0x50, 0x50, 0x72, 0xC3, 0x00, 0x00,
    0x00, 0x20, 0x00, 0x80, 0x27, 0xF7, 0x9A, 0xD6, 0x41, 0x08, 0x55, 0x55, 0xD5, 0x35, 0xFF, 0x0F, 0xFF, 0x0F, 0xFF,
    0x0E, 0xFF, 0x0B, 0x9A, 0xD6, 0x00, 0x00, 0x50, 0x50, 0x58, 0x5C, 0x00, 0xFF, 0x00, 0xFF, 0x00, 0xFF, 0x00, 0xFB,
    0x9A, 0xD6, 0x00, 0x00, 0x05, 0x05, 0x25, 0x35, 0x0F, 0x00, 0x2F, 0x00, 0x8F, 0x00, 0xFF, 0x37, 0x9A, 0xD6, 0x41,
    0x08, 0x55, 0x55, 0x57, 0x5C, 0x00, 0xFF, 0x20, 0xFF, 0x80, 0xFF, 0xF7, 0xFF, 0x9A, 0xD6, 0x41, 0x08, 0x05, 0x05,
    0x8D, 0xC3, 0x0F, 0x00, 0x0F, 0x00, 0x0E, 0x00, 0x0B, 0x00, 0x01, 0x00, 0x00, 0x00, 0x55, 0x55, 0x55, 0x55, 0xFF,
    0x0F, 0xFF, 0x0F, 0xFF, 0x3F, 0xFE, 0xDF, 0x9A, 0xD6, 0x00, 0x00, 0x50, 0x50, 0x70, 0xC2, 0x00, 0x00, 0x00, 0x00,
    0x00, 0x30, 0x14, 0xD3, 0xD3, 0x9C, 0x00, 0x00, 0x55, 0x55, 0xD5, 0x35, 0xFF, 0x0F, 0xFF, 0x0F, 0xFF, 0x0F, 0xFF,
    0x0F, 0x9A, 0xD6, 0x00, 0x00, 0x50, 0x50, 0x50, 0x58, 0x00, 0xFF, 0x00, 0xFF, 0x00, 0xFF, 0x00, 0xFE, 0x9A, 0xD6,
    0x00, 0x00, 0x05, 0x05, 0x05, 0x25, 0x0F, 0x00, 0x0F, 0x00, 0x3F, 0x00, 0xDF, 0x14, 0x96, 0xB5, 0x00, 0x00, 0x55,
    0x55, 0x57, 0x5C, 0x00, 0xFF, 0x00, 0xFF, 0x30, 0xFF, 0xD3, 0xFF, 0xDB, 0xDE, 0x41, 0x08, 0x05, 0x05, 0x05, 0x89,
    0x0F, 0x00, 0x0F, 0x00, 0x0F, 0x00, 0x0E, 0x00, 0x01, 0x00, 0x00, 0x00, 0x55, 0x55, 0x55, 0x55, 0xFF, 0x0F, 0xFF,
    0x0F, 0xFF, 0x3F, 0xFE, 0xEF, 0x9A, 0xD6, 0x00, 0x00, 0x50, 0x50, 0x70, 0xC2, 0x00, 0x00, 0x00, 0x00, 0x00, 0x30,
    0x14, 0xC3, 0xD3, 0x9C, 0x00, 0x00, 0x55, 0x55, 0xD5, 0x35, 0xFF, 0x0F, 0xFF, 0x0F, 0xFF, 0x0F, 0xFF, 0x0E, 0x9A,
    0xD6, 0x00, 0x00, 0x50, 0x50, 0x50, 0x58, 0x00, 0xFE, 0x00, 0xE4, 0x00, 0xFD, 0x00, 0xFF, 0x9A, 0xD6, 0x00, 0x00,
    0x55, 0x35, 0x05, 0x05, 0xCF, 0xFE, 0xFF, 0xFF, 0xFF, 0xFF, 0xBF, 0xFA, 0x9A, 0xD6, 0x00, 0x00, 0x0B, 0x00, 0x1E,
    0x37, 0xFF, 0x00, 0xFF, 0x00, 0xFF, 0x00, 0xFF, 0x00, 0xDB, 0xDE, 0x00, 0x00, 0x54, 0x54, 0x54, 0x54, 0x00, 0xFE,
    0x00, 0xE4, 0x00, 0xFD, 0x00, 0xFF, 0x9A, 0xD6, 0x00, 0x00, 0x55, 0x35, 0x05, 0x05, 0xCF, 0xFE, 0xFF, 0xFF, 0xFF,
    0xFF, 0xCF, 0xFA, 0x9A, 0xD6, 0x00, 0x00, 0x0B, 0x00, 0x1E, 0x37, 0xFF, 0x00, 0xFF, 0x00, 0xFF, 0x00, 0xFF, 0x00,
    0xDB, 0xDE, 0x00, 0x00, 0x54, 0x54, 0x54, 0x54, 0x00, 0xFD, 0x00, 0xE4, 0x00, 0xFD, 0x00, 0xFF, 0x9A, 0xD6, 0x00,
    0x00, 0x55, 0x35, 0x05, 0x05, 0xCF, 0xFE, 0xFF, 0xFF, 0xFF, 0xFF, 0xCF, 0xFA, 0x9A, 0xD6, 0x00, 0x00, 0x0B, 0x00,
    0x1E, 0x37, 0xFF, 0x00, 0xFF, 0x00, 0xFF, 0x00, 0xFF, 0x00, 0xDB, 0xDE, 0x00, 0x00, 0x54, 0x54, 0x54, 0x54, 0x00,
    0xFF, 0x00, 0xFF, 0x00, 0xFF, 0x00, 0xFF, 0x9A, 0xD6, 0x00, 0x00, 0x05, 0x05, 0x05, 0x25, 0xFF, 0xFF, 0xFF, 0xFF,
    0xFF, 0xFF, 0x9F, 0xF6, 0xDB, 0xDE, 0x00, 0x00, 0x00, 0x00, 0x55, 0x36, 0xFF, 0x00, 0xFF, 0x00, 0xFF, 0x00, 0xDF,
    0x00, 0x59, 0xCE, 0x00, 0x00, 0x54, 0x54, 0x55, 0x54, 0xF0, 0xFF, 0xF0, 0xFF, 0xF0, 0xFF, 0xF0, 0xFF, 0x9A, 0xD6,
    0x00, 0x00, 0x01, 0x01, 0x41, 0x89, 0xFF, 0xFF, 0xFF, 0xFF, 0xFF, 0xFF, 0x69, 0xFF, 0x9A, 0xD6, 0x00, 0x00, 0x00,
    0x00, 0x55, 0x0D, 0x0F, 0x00, 0x0F, 0x00, 0x0F, 0x00, 0x0D, 0x00, 0x01, 0x00, 0x00, 0x00, 0x55, 0x55, 0x55, 0x55,
    0xFF, 0x0F, 0xFF, 0x0F, 0xFF, 0x0F, 0xFF, 0x0F, 0xDB, 0xDE, 0x00, 0x00, 0x50, 0x50, 0x50, 0x50, 0x00, 0xF0, 0x00,
    0xF0, 0x00, 0xF0, 0x00, 0xF0, 0xDB, 0xDE, 0x00, 0x00, 0x15, 0x15, 0x15, 0x15, 0xFF, 0x3C, 0xFF, 0x03, 0xFF, 0x00,
    0xFF, 0x00, 0xDB, 0xDE, 0x00, 0x00, 0x54, 0x54, 0x54, 0x54, 0xF8, 0xFF, 0xF2, 0xFF, 0xF0, 0xFF, 0xF0, 0xFF, 0xDB,
    0xDE, 0x00, 0x00, 0x41, 0x41, 0x41, 0x41, 0x00, 0xF0, 0x00, 0xF0, 0x00, 0xF0, 0x00, 0xF0, 0x59, 0xCE, 0x00, 0x00,
    0x15, 0x15, 0x15, 0x95, 0xFF, 0x3C, 0xFF, 0x02, 0xFF, 0x02, 0xFF, 0x3C, 0xDB, 0xDE, 0x41, 0x08, 0x54, 0x54, 0x54,
    0x58, 0xFB, 0xFF, 0xF2, 0xFF, 0xF2, 0xFF, 0xFB, 0xFF, 0x9A, 0xD6, 0x41, 0x08, 0x41, 0x41, 0x41, 0x62, 0x00, 0xE0,
    0x00, 0xF0, 0x00, 0xF0, 0x00, 0xF0, 0x59, 0xCE, 0x00, 0x00, 0x15, 0x15, 0x15, 0x95, 0xFF, 0x3C, 0xFF, 0x02, 0xFF,
    0x02, 0xFF, 0x3C, 0xDB, 0xDE, 0x41, 0x08, 0x54, 0x54, 0x54, 0x58, 0xFB, 0xFF, 0xF2, 0xFF, 0xF2, 0xFF, 0xFB, 0xFF,
    0x9A, 0xD6, 0x41, 0x08, 0x41, 0x41, 0x41, 0x62, 0x00, 0x00, 0x00, 0x00, 0x00, 0x00, 0x00, 0x00, 0x01, 0x00, 0x00,
    0x00, 0x55, 0x55, 0x55, 0x55, 0x00, 0x00, 0x00, 0x00, 0x00, 0x00, 0x00, 0x00, 0x01, 0x00, 0x00, 0x00, 0x55, 0x55,
    0x55, 0x55, 0x00, 0x00, 0x00, 0x00, 0x00, 0x00, 0x00, 0x00, 0x01, 0x00, 0x00, 0x00, 0x55, 0x55, 0x55, 0x55, 0x00,
    0x00, 0x00, 0x00, 0x00, 0x00, 0x00, 0x00, 0x01, 0x00, 0x00, 0x00, 0x55, 0x55, 0x55, 0x55, 0x00, 0x00, 0x00, 0x00,
    0x00, 0x00, 0x00, 0x00, 0x01, 0x00, 0x00, 0x00, 0x55, 0x55, 0x55, 0x55, 0x00, 0x00, 0x00, 0x00, 0x00, 0x00, 0x00,
    0x00, 0x01, 0x00, 0x00, 0x00, 0x55, 0x55, 0x55, 0x55, 0x00, 0x00, 0x00, 0x00, 0x00, 0x00, 0x00, 0x00, 0x01, 0x00,
    0x00, 0x00, 0x55, 0x55, 0x55, 0x55, 0x00, 0x00, 0x00, 0x00, 0x00, 0x00, 0x00, 0x00, 0x01, 0x00, 0x00, 0x00, 0x55,
    0x55, 0x55, 0x55, 0x00, 0x00, 0x00, 0x00, 0x00, 0x00, 0x00, 0x00, 0x01, 0x00, 0x00, 0x00, 0x55, 0x55, 0x55, 0x55,
    0x00, 0x00, 0x00, 0x00, 0x00, 0x00, 0x00, 0x00, 0x01, 0x00, 0x00, 0x00, 0x55, 0x55, 0x55, 0x55, 0x00, 0x00, 0x00,
    0x00, 0x00, 0x00, 0x00, 0x00, 0x01, 0x00, 0x00, 0x00, 0x55, 0x55, 0x55, 0x55, 0x00, 0x00, 0x00, 0x00, 0x00, 0x00,
    0x00, 0x00, 0x01, 0x00, 0x00, 0x00, 0x55, 0x55, 0x55, 0x55, 0x00, 0x00, 0x00, 0x00, 0x00, 0x00, 0x00, 0x00, 0x01,
    0x00, 0x00, 0x00, 0x55, 0x55, 0x55, 0x55, 0x00, 0x00, 0x00, 0x00, 0x00, 0x00, 0x00, 0x00, 0x01, 0x00, 0x00, 0x00,
    0x55, 0x55, 0x55, 0x55, 0x00, 0x00, 0x00, 0x00, 0x00, 0x00, 0x00, 0x00, 0x01, 0x00, 0x00, 0x00, 0x55, 0x55, 0x55,
    0x55, 0x00, 0x00, 0x00, 0x00, 0x00, 0x00, 0x00, 0x00, 0x01, 0x00, 0x00, 0x00, 0x55, 0x55, 0x55, 0x55, 0x00, 0x00,
    0x00, 0x00, 0x00, 0x00, 0x00, 0x00, 0x01, 0x00, 0x00, 0x00, 0x55, 0x55, 0x55, 0x55, 0x00, 0x00, 0x00, 0x00, 0x00,
    0x00, 0x00, 0x00, 0x01, 0x00, 0x00, 0x00, 0x55, 0x55, 0x55, 0x55, 0x00, 0xF4, 0x00, 0x80, 0x00, 0x00, 0x00, 0x00,
    0xCF, 0x7B, 0x00, 0x00, 0x15, 0x55, 0x55, 0x55, 0xFF, 0xFF, 0xFF, 0xFF, 0xD5, 0xFF, 0x00, 0x00, 0xDB, 0xDE, 0x00,
    0x00, 0x00, 0x0B, 0x55, 0x55, 0xFF, 0xFF, 0xFF, 0x8F, 0xDF, 0x05, 0x00, 0x00, 0xDB, 0xDE, 0x00, 0x00, 0x60, 0x5E,
    0x55, 0x55, 0x04, 0x00, 0x00, 0x00, 0x00, 0x00, 0x00, 0x00, 0x01, 0x00, 0x00, 0x00, 0x55, 0x55, 0x55, 0x55, 0xF4,
    0xFF, 0x80, 0xFF, 0x00, 0xD5, 0x00, 0x00, 0xDB, 0xDE, 0x00, 0x00, 0x09, 0xB5, 0x55, 0x55, 0xFF, 0xFF, 0xFF, 0xFF,
    0xFF, 0xDF, 0x00, 0x00, 0xDB, 0xDE, 0x00, 0x00, 0x00, 0xE0, 0x55, 0x55, 0xFF, 0x04, 0x8F, 0x00, 0x05, 0x00, 0x00,
    0x00, 0xCF, 0x7B, 0x00, 0x00, 0x54, 0x55, 0x55, 0x55, 0x00, 0xF4, 0x00, 0x80, 0x00, 0x00, 0x00, 0x00, 0xCF, 0x7B,
    0x00, 0x00, 0x15, 0x55, 0x55, 0x55, 0xFF, 0xFF, 0xFF, 0xFF, 0xD5, 0xFF, 0x00, 0x00, 0xDB, 0xDE, 0x00, 0x00, 0x00,
    0x0B, 0x55, 0x55, 0xFF, 0xFF, 0xFF, 0x8F, 0xDF, 0x05, 0x00, 0x00, 0xDB, 0xDE, 0x00, 0x00, 0x60, 0x5E, 0x55, 0x55,
    0x04, 0x00, 0x00, 0x00, 0x00, 0x00, 0x00, 0x00, 0x01, 0x00, 0x00, 0x00, 0x55, 0x55, 0x55, 0x55, 0xFB, 0xFF, 0xE3,
    0xFF, 0x20, 0xEA, 0x00, 0x00, 0x59, 0xCE, 0x41, 0x08, 0x01, 0x25, 0x55, 0x55, 0xFF, 0xFF, 0xFF, 0xFF, 0xFF, 0xEF,
    0x00, 0x00, 0x9A, 0xD6, 0x00, 0x00, 0x00, 0x80, 0x55, 0x55, 0xFF, 0x0B, 0xEF, 0x03, 0x3A, 0x00, 0x00, 0x00, 0x18,
    0xC6, 0x00, 0x00, 0x5C, 0x57, 0x55, 0x55, 0x00, 0xFB, 0x00, 0xE3, 0x00, 0x20, 0x00, 0x00, 0x59, 0xCE, 0x41, 0x08,
    0x15, 0x55, 0x55, 0x55, 0xFF, 0xFF, 0xFF, 0xFF, 0xEA, 0xFF, 0x00, 0x00, 0x9A, 0xD6, 0x00, 0x00, 0x00, 0x02, 0x55,
    0x55, 0xFF, 0xFF, 0xFF, 0xFF, 0xEF, 0x3A, 0x00, 0x00, 0x59, 0xCE, 0x00, 0x00, 0xC0, 0x78, 0x55, 0x55, 0x0B, 0x00,
    0x03, 0x00, 0x00, 0x00, 0x00, 0x00, 0x01, 0x00, 0x00, 0x00, 0x55, 0x55, 0x55, 0x55, 0xFB, 0xFF, 0xE3, 0xFF, 0x20,
    0xEA, 0x00, 0x00, 0x59, 0xCE, 0x41, 0x08, 0x01, 0x25, 0x55, 0x55, 0xFF, 0xFF, 0xFF, 0xFF, 0xFF, 0xEF, 0x00, 0x00,
    0x9A, 0xD6, 0x00, 0x00, 0x00, 0x80, 0x55, 0x55, 0xFF, 0x0B, 0xFF, 0x03, 0x3A, 0x00, 0x00, 0x00, 0x18, 0xC6, 0x00,
    0x00, 0x5C, 0x57, 0x55, 0x55, 0x00, 0xFF, 0x00, 0xFB, 0x00, 0xB2, 0x00, 0x00, 0x1C, 0xE7, 0x00, 0x00, 0x25, 0x95,
    0x55, 0x55, 0xFF, 0xFF, 0xFF, 0xFF, 0xFF, 0xAF, 0x00, 0x00, 0x9A, 0xD6, 0x00, 0x00, 0x00, 0xE0, 0x55, 0x55, 0xFF,
    0x02, 0xFF, 0x0A, 0xFF, 0x09, 0x00, 0x00, 0x9A, 0xD6, 0x00, 0x00, 0x54, 0x58, 0x55, 0x55, 0x00, 0xFF, 0x00, 0xFB,
    0x00, 0xB2, 0x00, 0x00, 0x1C, 0xE7, 0x00, 0x00, 0x25, 0x95, 0x55, 0x55, 0xFF, 0xFF, 0xFF, 0xFF, 0xFF, 0xAF, 0x00,
    0x00, 0x9A, 0xD6, 0x00, 0x00, 0x00, 0xE0, 0x55, 0x55, 0xFF, 0x02, 0xFF, 0x0A, 0xFF, 0x09, 0x00, 0x00, 0x9A, 0xD6,
    0x00, 0x00, 0x54, 0x58, 0x55, 0x55, 0x00, 0xFF, 0x00, 0xFB, 0x00, 0xB2, 0x00, 0x00, 0x1C, 0xE7, 0x00, 0x00, 0x25,
    0x95, 0x55, 0x55, 0xFF, 0xFF, 0xFF, 0xFF, 0xFF, 0xAF, 0x00, 0x00, 0x9A, 0xD6, 0x00, 0x00, 0x00, 0xE0, 0x55, 0x55,
    0xFF, 0x02, 0xFF, 0x0A, 0xFF, 0x09, 0x00, 0x00, 0x9A, 0xD6, 0x00, 0x00, 0x54, 0x58, 0x55, 0x55, 0x00, 0xFC, 0x00,
    0xF4, 0x00, 0x50, 0x00, 0x00, 0x9A, 0xD6, 0x00, 0x00, 0x35, 0xD5, 0x55, 0x55, 0xFF, 0xFF, 0xFF, 0xFF, 0xFD, 0xEF,
    0x00, 0x00, 0x9A, 0xD6, 0x00, 0x00, 0x00, 0xC0, 0x55, 0x55, 0xDF, 0x00, 0x5F, 0x00, 0x07, 0x00, 0x00, 0x00, 0x49,
    0x4A, 0x00, 0x00, 0x54, 0x55, 0x55, 0x55, 0xC0, 0xFF, 0x40, 0xFF, 0x00, 0xD5, 0x00, 0x00, 0x59, 0xCE, 0x00, 0x00,
    0x0D, 0x35, 0x55, 0x55, 0xFF, 0xFF, 0xFF, 0xFF, 0xFF, 0x6E, 0x00, 0x00, 0x9A, 0xD6, 0x00, 0x00, 0xC0, 0x70, 0x55,
    0x55, 0x0D, 0x00, 0x05, 0x00, 0x00, 0x00, 0x00, 0x00, 0x01, 0x00, 0x00, 0x00, 0x55, 0x55, 0x55, 0x55, 0xFF, 0x0F,
    0xFF, 0x0F, 0xFF, 0x0F, 0x00, 0x00, 0xDB, 0xDE, 0x00, 0x00, 0x50, 0x50, 0x55, 0x55, 0x00, 0xF0, 0x00, 0xF0, 0x00,
    0xF0, 0x00, 0x00, 0xDB, 0xDE, 0x00, 0x00, 0x15, 0x15, 0x55, 0x55, 0xFF, 0x00, 0xFF, 0x00, 0xFF, 0x00, 0x00, 0x00,
    0xDB, 0xDE, 0x00, 0x00, 0x54, 0x54, 0x55, 0x55, 0xF0, 0xFF, 0xF0, 0xFF, 0xF0, 0xFF, 0x00, 0x00, 0xDB, 0xDE, 0x00,
    0x00, 0x41, 0x41, 0x55, 0x55, 0x00, 0xB0, 0x00, 0x30, 0x00, 0x00, 0x00, 0x00, 0x04, 0x21, 0x00, 0x00, 0x15, 0x55,
    0x55, 0x55, 0xFF, 0xFF, 0xFF, 0xFF, 0xB3, 0xFF, 0x00, 0x00, 0x9A, 0xD6, 0x00, 0x00, 0x00, 0x0B, 0x55, 0x55, 0xFF,
    0xAF, 0xFF, 0x2E, 0xBF, 0x03, 0x00, 0x00, 0x9A, 0xD6, 0x41, 0x08, 0x50, 0x56, 0x55, 0x55, 0x00, 0xB0, 0x00, 0x30,
    0x00, 0x00, 0x00, 0x00, 0x04, 0x21, 0x00, 0x00, 0x15, 0x55, 0x55, 0x55, 0xFF, 0xFF, 0xFF, 0xFF, 0xC3, 0xFF, 0x00,
    0x00, 0x9A, 0xD6, 0x00, 0x00, 0x00, 0x0B, 0x55, 0x55, 0xFF, 0xAF, 0xFF, 0x2E, 0xBF, 0x03, 0x00, 0x00, 0x9A, 0xD6,
    0x41, 0x08, 0x50, 0x56, 0x55, 0x55, 0x00, 0x00, 0x00, 0x00, 0x00, 0x00, 0x00, 0x00, 0x01, 0x00, 0x00, 0x00, 0x55,
    0x55, 0x55, 0x55, 0x00, 0x00, 0x00, 0x00, 0x00, 0x00, 0x00, 0x00, 0x01, 0x00, 0x00, 0x00, 0x55, 0x55, 0x55, 0x55,
    0x00, 0x00, 0x00, 0x00, 0x00, 0x00, 0x00, 0x00, 0x01, 0x00, 0x00, 0x00, 0x55, 0x55, 0x55, 0x55, 0x00, 0x00, 0x00,
    0x00, 0x00, 0x00, 0x00, 0x00, 0x01, 0x00, 0x00, 0x00, 0x55, 0x55, 0x55, 0x55, 0x00, 0x00, 0x00, 0x00, 0x00, 0x00,
    0x00, 0x00, 0x01, 0x00, 0x00, 0x00, 0x55, 0x55, 0x55, 0x55, 0x00, 0x00, 0x00, 0x00, 0x00, 0x00, 0x00, 0x00, 0x01,
    0x00, 0x00, 0x00, 0x55, 0x55, 0x55, 0x55, 0x00, 0x00, 0x00, 0x00, 0x00, 0x00, 0x00, 0x00, 0x01, 0x00, 0x00, 0x00,
    0x55, 0x55, 0x55, 0x55, 0x00, 0x00, 0x00, 0x00, 0x00, 0x00, 0x00, 0x00, 0x01, 0x00, 0x00, 0x00, 0x55, 0x55, 0x55,
    0x55, 0x00, 0x00, 0x00, 0x00, 0x00, 0x00, 0x00, 0x00, 0x01, 0x00, 0x00, 0x00, 0x55, 0x55, 0x55, 0x55, 0x00, 0x00,
    0x00, 0x00, 0x00, 0x00, 0x00, 0x00, 0x01, 0x00, 0x00, 0x00, 0x55, 0x55, 0x55, 0x55, 0x00, 0x00, 0x00, 0x00, 0x00,
    0x00, 0x00, 0x00, 0x01, 0x00, 0x00, 0x00, 0x55, 0x55, 0x55, 0x55, 0x00, 0x00, 0x00, 0x00, 0x00, 0x00, 0x00, 0x00,
    0x01, 0x00, 0x00, 0x00, 0x55, 0x55, 0x55, 0x55, 0x00, 0x00, 0x00, 0x00, 0x00, 0x00, 0x00, 0x00, 0x01, 0x00, 0x00,
    0x00, 0x55, 0x55, 0x55, 0x55, 0x00, 0x00, 0x00, 0x00, 0x00, 0x00, 0x00, 0x00, 0x01, 0x00, 0x00, 0x00, 0x55, 0x55,
    0x55, 0x55, 0x00, 0x00, 0x00, 0x00, 0x00, 0x00, 0x00, 0x00, 0x01, 0x00, 0x00, 0x00, 0x55, 0x55, 0x55, 0x55, 0x00,
    0x00, 0x00, 0x00, 0x00, 0x00, 0x00, 0x00, 0x01, 0x00, 0x00, 0x00, 0x55, 0x55, 0x55, 0x55, 0x00, 0x00, 0x00, 0x00,
    0x00, 0x00, 0x00, 0x00, 0x01, 0x00, 0x00, 0x00, 0x55, 0x55, 0x55, 0x55, 0x00, 0x00, 0x00, 0x00, 0x00, 0x00, 0x00,
    0x00, 0x01, 0x00, 0x00, 0x00, 0x55, 0x55, 0x55, 0x55, 0x00, 0x00, 0x00, 0x00, 0x00, 0x00, 0x00, 0x00, 0x01, 0x00,
    0x00, 0x00, 0x55, 0x55, 0x55, 0x55, 0x00, 0x00, 0x00, 0x00, 0x00, 0x00, 0x00, 0x00, 0x01, 0x00, 0x00, 0x00, 0x55,
    0x55, 0x55, 0x55, 0x00, 0x00, 0x00, 0x00, 0x00, 0x00, 0x00, 0x00, 0x01, 0x00, 0x00, 0x00, 0x55, 0x55, 0x55, 0x55,
    0x00, 0x00, 0x00, 0x00, 0x00, 0x00, 0x00, 0x00, 0x01, 0x00, 0x00, 0x00, 0x55, 0x55, 0x55, 0x55, 0x00, 0x00, 0x00,
    0x00, 0x00, 0x00, 0x00, 0x00, 0x01, 0x00, 0x00, 0x00, 0x55, 0x55, 0x55, 0x55, 0x00, 0x00, 0x00, 0x00, 0x00, 0x00,
    0x00, 0x00, 0x01, 0x00, 0x00, 0x00, 0x55, 0x55, 0x55, 0x55, 0x00, 0x00, 0x00, 0x00, 0x00, 0x00, 0x00, 0x00, 0x01,
    0x00, 0x00, 0x00, 0x55, 0x55, 0x55, 0x55, 0x00, 0x00, 0x00, 0x00, 0x00, 0x00, 0x00, 0x00, 0x01, 0x00, 0x00, 0x00,
    0x55, 0x55, 0x55, 0x55, 0x00, 0x00, 0x00, 0x00, 0x00, 0x00, 0x00, 0x00, 0x01, 0x00, 0x00, 0x00, 0x55, 0x55, 0x55,
    0x55, 0x00, 0x00, 0x00, 0x00, 0x00, 0x00, 0x00, 0x00, 0x01, 0x00, 0x00, 0x00, 0x55, 0x55, 0x55, 0x55, 0x00, 0x00,
    0x00, 0x00, 0x00, 0x00, 0x00, 0x00, 0x01, 0x00, 0x00, 0x00, 0x55, 0x55, 0x55, 0x55, 0x00, 0x00, 0x00, 0x00, 0x00,
    0x00, 0x00, 0x00, 0x01, 0x00, 0x00, 0x00, 0x55, 0x55, 0x55, 0x55, 0x00, 0x00, 0x00, 0x00, 0x00, 0x00, 0x00, 0x00,
    0x01, 0x00, 0x00, 0x00, 0x55, 0x55, 0x55, 0x55, 0x00, 0x00, 0x00, 0x00, 0x00, 0x00, 0x00, 0x00, 0x01, 0x00, 0x00,
    0x00, 0x55, 0x55, 0x55, 0x55, 0x00, 0x00, 0x00, 0x00, 0x00, 0x00, 0x00, 0x00, 0x01, 0x00, 0x00, 0x00, 0x55, 0x55,
    0x55, 0x55, 0x00, 0x00, 0x00, 0x00, 0x00, 0x00, 0x00, 0x00, 0x01, 0x00, 0x00, 0x00, 0x55, 0x55, 0x55, 0x55, 0x00,
    0x00, 0x00, 0x00, 0x00, 0x00, 0x00, 0x00, 0x01, 0x00, 0x00, 0x00, 0x55, 0x55, 0x55, 0x55, 0x00, 0x00, 0x00, 0x00,
    0x00, 0x00, 0x00, 0x00, 0x01, 0x00, 0x00, 0x00, 0x55, 0x55, 0x55, 0x55, 0x00, 0x00, 0x00, 0x00, 0x00, 0x00, 0x00,
    0x00, 0x01, 0x00, 0x00, 0x00, 0x55, 0x55, 0x55, 0x55, 0x00, 0x00, 0x00, 0x00, 0x00, 0x00, 0x00, 0x00, 0x01, 0x00,
    0x00, 0x00, 0x55, 0x55, 0x55, 0x55, 0x00, 0x00, 0x00, 0x00, 0x00, 0x00, 0x00, 0x00, 0x01, 0x00, 0x00, 0x00, 0x55,
    0x55, 0x55, 0x55, 0x00, 0x00, 0x00, 0x00, 0x00, 0x00, 0x00, 0x00, 0x01, 0x00, 0x00, 0x00, 0x55, 0x55, 0x55, 0x55,
    0x00, 0x00, 0x00, 0x00, 0x00, 0x00, 0x00, 0x00, 0x01, 0x00, 0x00, 0x00, 0x55, 0x55, 0x55, 0x55, 0x00, 0x00, 0x00,
    0x00, 0x00, 0x00, 0x00, 0x00, 0x01, 0x00, 0x00, 0x00, 0x55, 0x55, 0x55, 0x55, 0x00, 0x00, 0x00, 0x00, 0x00, 0x00,
    0x00, 0x00, 0x01, 0x00, 0x00, 0x00, 0x55, 0x55, 0x55, 0x55, 0x00, 0x00, 0x00, 0x00, 0x00, 0x00, 0x00, 0x00, 0x01,
    0x00, 0x00, 0x00, 0x55, 0x55, 0x55, 0x55, 0x00, 0x00, 0x00, 0x00, 0x00, 0x00, 0x00, 0x00, 0x01, 0x00, 0x00, 0x00,
    0x55, 0x55, 0x55, 0x55, 0x00, 0x00, 0x00, 0x00, 0x00, 0x00, 0x00, 0x00, 0x01, 0x00, 0x00, 0x00, 0x55, 0x55, 0x55,
    0x55, 0x00, 0x00, 0x00, 0x00, 0x00, 0x00, 0x00, 0x00, 0x01, 0x00, 0x00, 0x00, 0x55, 0x55, 0x55, 0x55, 0x00, 0x00,
    0x00, 0x00, 0x00, 0x00, 0x00, 0x00, 0x01, 0x00, 0x00, 0x00, 0x55, 0x55, 0x55, 0x55, 0x00, 0x00, 0x00, 0x00, 0x00,
    0x00, 0x00, 0x00, 0x01, 0x00, 0x00, 0x00, 0x55, 0x55, 0x55, 0x55, 0x00, 0x00, 0x00, 0x00, 0x00, 0x00, 0x00, 0x00,
    0x01, 0x00, 0x00, 0x00, 0x55, 0x55, 0x55, 0x55, 0x00, 0x00, 0x00, 0x00, 0x00, 0x00, 0x00, 0x00, 0x01, 0x00, 0x00,
    0x00, 0x55, 0x55, 0x55, 0x55, 0x00, 0x00, 0x00, 0x00, 0x00, 0x00, 0x00, 0x00, 0x01, 0x00, 0x00, 0x00, 0x55, 0x55,
    0x55, 0x55, 0x00, 0x00, 0x00, 0x00, 0x00, 0x00, 0x00, 0x00, 0x01, 0x00, 0x00, 0x00, 0x55, 0x55, 0x55, 0x55, 0x00,
    0x00, 0x00, 0x00, 0x00, 0x00, 0x00, 0x00, 0x01, 0x00, 0x00, 0x00, 0x55, 0x55, 0x55, 0x55, 0x00, 0x00, 0x00, 0x00,
    0x00, 0x00, 0x00, 0x00, 0x01, 0x00, 0x00, 0x00, 0x55, 0x55, 0x55, 0x55, 0x00, 0x00, 0x00, 0x00, 0x00, 0x00, 0x00,
    0x00, 0x01, 0x00, 0x00, 0x00, 0x55, 0x55, 0x55, 0x55, 0x00, 0x00, 0x00, 0x00, 0x00, 0x00, 0x00, 0x00, 0x01, 0x00,
    0x00, 0x00, 0x55, 0x55, 0x55, 0x55, 0x00, 0x00, 0x00, 0x00, 0x00, 0x00, 0x00, 0x00, 0x01, 0x00, 0x00, 0x00, 0x55,
    0x55, 0x55, 0x55, 0x00, 0x00, 0x00, 0x00, 0x00, 0x00, 0x00, 0x00, 0x01, 0x00, 0x00, 0x00, 0x55, 0x55, 0x55, 0x55,
    0x00, 0x00, 0x00, 0x00, 0x00, 0x00, 0x00, 0x00, 0x01, 0x00, 0x00, 0x00, 0x55, 0x55, 0x55, 0x55, 0x00, 0x00, 0x00,
    0x00, 0x00, 0x00, 0x00, 0x00, 0x01, 0x00, 0x00, 0x00, 0x55, 0x55, 0x55, 0x55, 0x00, 0x00, 0x00, 0x00, 0x00, 0x00,
    0x00, 0x00, 0x01, 0x00, 0x00, 0x00, 0x55, 0x55, 0x55, 0x55, 0x00, 0x00, 0x00, 0x00, 0x00, 0x00, 0x00, 0x00, 0x01,
    0x00, 0x00, 0x00, 0x55, 0x55, 0x55, 0x55, 0x00, 0x00, 0x00, 0x00, 0x00, 0x00, 0x00, 0x00, 0x01, 0x00, 0x00, 0x00,
    0x55, 0x55, 0x55, 0x55, 0x00, 0x00, 0x00, 0x00, 0x00, 0x00, 0x00, 0x00, 0x01, 0x00, 0x00, 0x00, 0x55, 0x55, 0x55,
    0x55, 0x00, 0x00, 0x00, 0x00, 0x00, 0x00, 0x00, 0x00, 0x01, 0x00, 0x00, 0x00, 0x55, 0x55, 0x55, 0x55, 0x00, 0x00,
    0x00, 0x00, 0x00, 0x00, 0x00, 0x00, 0x01, 0x00, 0x00, 0x00, 0x55, 0x55, 0x55, 0x55, 0x00, 0x00, 0x00, 0x00, 0x00,
    0x00, 0x00, 0x00, 0x01, 0x00, 0x00, 0x00, 0x55, 0x55, 0x55, 0x55, 0x00, 0x00, 0x00, 0x00, 0x00, 0x00, 0x00, 0x00,
    0x01, 0x00, 0x00, 0x00, 0x55, 0x55, 0x55, 0x55, 0x00, 0x00, 0x00, 0x00, 0x00, 0x00, 0x00, 0x00, 0x01, 0x00, 0x00,
    0x00, 0x55, 0x55, 0x55, 0x55, 0x00, 0x00, 0x00, 0x00, 0x00, 0x00, 0x00, 0x00, 0x01, 0x00, 0x00, 0x00, 0x55, 0x55,
    0x55, 0x55, 0x00, 0x00, 0x00, 0x00, 0x00, 0x00, 0x00, 0x00, 0x01, 0x00, 0x00, 0x00, 0x55, 0x55, 0x55, 0x55, 0x00,
    0x00, 0x00, 0x00, 0x00, 0x00, 0x00, 0x00, 0x01, 0x00, 0x00, 0x00, 0x55, 0x55, 0x55, 0x55, 0x00, 0x00, 0x00, 0x00,
    0x00, 0x00, 0x00, 0x00, 0x01, 0x00, 0x00, 0x00, 0x55, 0x55, 0x55, 0x55, 0x00, 0x00, 0x00, 0x00, 0x00, 0x00, 0x00,
    0x00, 0x01, 0x00, 0x00, 0x00, 0x55, 0x55, 0x55, 0x55, 0x00, 0x00, 0x00, 0x00, 0x00, 0x00, 0x00, 0x00, 0x01, 0x00,
    0x00, 0x00, 0x55, 0x55, 0x55, 0x55, 0x00, 0x00, 0x00, 0x00, 0x00, 0x00, 0x00, 0x00, 0x01, 0x00, 0x00, 0x00, 0x55,
    0x55, 0x55, 0x55, 0x00, 0x00, 0x00, 0x00, 0x00, 0x00, 0x00, 0x00, 0x01, 0x00, 0x00, 0x00, 0x55, 0x55, 0x55, 0x55,
    0x00, 0x00, 0x00, 0x00, 0x00, 0x00, 0x00, 0x00, 0x01, 0x00, 0x00, 0x00, 0x55, 0x55, 0x55, 0x55, 0x00, 0x00, 0x00,
    0x00, 0x00, 0x00, 0x00, 0x00, 0x01, 0x00, 0x00, 0x00, 0x55, 0x55, 0x55, 0x55, 0x00, 0x00, 0x00, 0x00, 0x00, 0x00,
    0x00, 0x00, 0x01, 0x00, 0x00, 0x00, 0x55, 0x55, 0x55, 0x55, 0x00, 0x00, 0x00, 0x00, 0x00, 0x00, 0x00, 0x00, 0x01,
    0x00, 0x00, 0x00, 0x55, 0x55, 0x55, 0x55,
};

static char nglSysFontDefinition[] = "; font file\r\n"
                                     "version 0x102\r\n"
                                     "cellheight 19 ascent 15\r\n"
                                     "firstglyph 32 numglyphs 215\r\n"
                                     "; char bmofsx bmofsy cellwidth glyphofsx glyphofsy glyphwidth glyphheight\r\n"
                                     " 32 x 1 y 15 w 5 gx -1 gy 14 gw 3 gh 3\r\n"
                                     " 33 x 5 y 3 w 5 gx 0 gy 2 gw 5 gh 15\r\n"
                                     " 34 x 11 y 3 w 9 gx 0 gy 2 gw 9 gh 7\r\n"
                                     " 35 x 21 y 3 w 10 gx 0 gy 2 gw 10 gh 15\r\n"
                                     " 36 x 32 y 2 w 10 gx 0 gy 1 gw 10 gh 17\r\n"
                                     " 37 x 43 y 3 w 17 gx -1 gy 2 gw 18 gh 15\r\n"
                                     " 38 x 62 y 3 w 13 gx 0 gy 2 gw 14 gh 15\r\n"
                                     " 39 x 77 y 3 w 5 gx 0 gy 2 gw 5 gh 7\r\n"
                                     " 40 x 83 y 3 w 6 gx 0 gy 2 gw 7 gh 18\r\n"
                                     " 41 x 91 y 3 w 6 gx -1 gy 2 gw 7 gh 18\r\n"
                                     " 42 x 99 y 3 w 7 gx -1 gy 2 gw 8 gh 7\r\n"
                                     " 43 x 108 y 5 w 10 gx -1 gy 4 gw 11 gh 11\r\n"
                                     " 44 x 120 y 13 w 5 gx 0 gy 12 gw 5 gh 8\r\n"
                                     " 45 x 126 y 10 w 6 gx 0 gy 9 gw 7 gh 5\r\n"
                                     " 46 x 134 y 13 w 5 gx 0 gy 12 gw 5 gh 5\r\n"
                                     " 47 x 140 y 3 w 5 gx -1 gy 2 gw 7 gh 15\r\n"
                                     " 48 x 148 y 3 w 10 gx -1 gy 2 gw 11 gh 15\r\n"
                                     " 49 x 160 y 3 w 10 gx 0 gy 2 gw 8 gh 15\r\n"
                                     " 50 x 169 y 3 w 10 gx -1 gy 2 gw 11 gh 15\r\n"
                                     " 51 x 181 y 3 w 10 gx -1 gy 2 gw 11 gh 15\r\n"
                                     " 52 x 193 y 3 w 10 gx -1 gy 2 gw 11 gh 15\r\n"
                                     " 53 x 205 y 3 w 10 gx -1 gy 2 gw 11 gh 15\r\n"
                                     " 54 x 217 y 3 w 10 gx -1 gy 2 gw 11 gh 15\r\n"
                                     " 55 x 229 y 3 w 10 gx -1 gy 2 gw 11 gh 15\r\n"
                                     " 56 x 241 y 3 w 10 gx -1 gy 2 gw 11 gh 15\r\n"
                                     " 57 x 1 y 24 w 10 gx -1 gy 2 gw 11 gh 15\r\n"
                                     " 58 x 13 y 27 w 7 gx 1 gy 5 gw 5 gh 12\r\n"
                                     " 59 x 19 y 27 w 7 gx 1 gy 5 gw 5 gh 15\r\n"
                                     " 60 x 25 y 26 w 10 gx -1 gy 4 gw 11 gh 12\r\n"
                                     " 61 x 37 y 27 w 10 gx -1 gy 5 gw 11 gh 8\r\n"
                                     " 62 x 49 y 26 w 10 gx -1 gy 4 gw 11 gh 12\r\n"
                                     " 63 x 61 y 24 w 11 gx 0 gy 2 gw 11 gh 15\r\n"
                                     " 64 x 73 y 24 w 17 gx 0 gy 2 gw 18 gh 19\r\n"
                                     " 65 x 92 y 24 w 12 gx -1 gy 2 gw 14 gh 15\r\n"
                                     " 66 x 107 y 24 w 13 gx 0 gy 2 gw 13 gh 15\r\n"
                                     " 67 x 121 y 24 w 13 gx 0 gy 2 gw 13 gh 15\r\n"
                                     " 68 x 135 y 24 w 13 gx 0 gy 2 gw 13 gh 15\r\n"
                                     " 69 x 149 y 24 w 12 gx 0 gy 2 gw 12 gh 15\r\n"
                                     " 70 x 162 y 24 w 11 gx 0 gy 2 gw 11 gh 15\r\n"
                                     " 71 x 174 y 24 w 13 gx 0 gy 2 gw 13 gh 15\r\n"
                                     " 72 x 188 y 24 w 13 gx 0 gy 2 gw 13 gh 15\r\n"
                                     " 73 x 202 y 24 w 5 gx 0 gy 2 gw 5 gh 15\r\n"
                                     " 74 x 208 y 24 w 10 gx -1 gy 2 gw 11 gh 15\r\n"
                                     " 75 x 220 y 24 w 13 gx 0 gy 2 gw 14 gh 15\r\n"
                                     " 76 x 235 y 24 w 11 gx 0 gy 2 gw 11 gh 15\r\n"
                                     " 77 x 1 y 46 w 14 gx 0 gy 2 gw 14 gh 15\r\n"
                                     " 78 x 16 y 46 w 13 gx 0 gy 2 gw 13 gh 15\r\n"
                                     " 79 x 30 y 46 w 13 gx 0 gy 2 gw 13 gh 15\r\n"
                                     " 80 x 44 y 46 w 12 gx 0 gy 2 gw 12 gh 15\r\n"
                                     " 81 x 57 y 46 w 13 gx 0 gy 2 gw 13 gh 16\r\n"
                                     " 82 x 71 y 46 w 13 gx 0 gy 2 gw 14 gh 15\r\n"
                                     " 83 x 86 y 46 w 12 gx 0 gy 2 gw 12 gh 15\r\n"
                                     " 84 x 99 y 46 w 11 gx -1 gy 2 gw 13 gh 15\r\n"
                                     " 85 x 113 y 46 w 13 gx 0 gy 2 gw 13 gh 15\r\n"
                                     " 86 x 127 y 46 w 12 gx -2 gy 2 gw 16 gh 15\r\n"
                                     " 87 x 144 y 46 w 16 gx -1 gy 2 gw 18 gh 15\r\n"
                                     " 88 x 163 y 46 w 12 gx -1 gy 2 gw 14 gh 15\r\n"
                                     " 89 x 178 y 46 w 11 gx -2 gy 2 gw 15 gh 15\r\n"
                                     " 90 x 194 y 46 w 10 gx -1 gy 2 gw 12 gh 15\r\n"
                                     " 91 x 207 y 46 w 6 gx 0 gy 2 gw 7 gh 18\r\n"
                                     " 92 x 215 y 46 w 5 gx -1 gy 2 gw 7 gh 15\r\n"
                                     " 93 x 223 y 46 w 6 gx -1 gy 2 gw 7 gh 18\r\n"
                                     " 94 x 231 y 46 w 10 gx -1 gy 2 gw 11 gh 9\r\n"
                                     " 95 x 243 y 59 w 10 gx -1 gy 15 gw 12 gh 5\r\n"
                                     " 96 x 1 y 67 w 6 gx -1 gy 2 gw 6 gh 5\r\n"
                                     " 97 x 8 y 70 w 10 gx 0 gy 5 gw 11 gh 12\r\n"
                                     " 98 x 20 y 67 w 11 gx 0 gy 2 gw 11 gh 15\r\n"
                                     " 99 x 32 y 70 w 10 gx 0 gy 5 gw 10 gh 12\r\n"
                                     "100 x 43 y 67 w 11 gx 0 gy 2 gw 11 gh 15\r\n"
                                     "101 x 55 y 70 w 10 gx 0 gy 5 gw 10 gh 12\r\n"
                                     "102 x 66 y 67 w 6 gx -1 gy 2 gw 9 gh 15\r\n"
                                     "103 x 76 y 70 w 11 gx 0 gy 5 gw 11 gh 15\r\n"
                                     "104 x 88 y 67 w 11 gx 0 gy 2 gw 11 gh 15\r\n"
                                     "105 x 100 y 67 w 5 gx 0 gy 2 gw 5 gh 15\r\n"
                                     "106 x 106 y 67 w 5 gx -2 gy 2 gw 7 gh 18\r\n"
                                     "107 x 114 y 67 w 10 gx 0 gy 2 gw 11 gh 15\r\n"
                                     "108 x 126 y 67 w 5 gx 0 gy 2 gw 5 gh 15\r\n"
                                     "109 x 132 y 70 w 15 gx 0 gy 5 gw 15 gh 12\r\n"
                                     "110 x 148 y 70 w 11 gx 0 gy 5 gw 11 gh 12\r\n"
                                     "111 x 160 y 70 w 11 gx 0 gy 5 gw 11 gh 12\r\n"
                                     "112 x 172 y 70 w 11 gx 0 gy 5 gw 11 gh 15\r\n"
                                     "113 x 184 y 70 w 11 gx 0 gy 5 gw 11 gh 15\r\n"
                                     "114 x 196 y 70 w 7 gx 0 gy 5 gw 8 gh 12\r\n"
                                     "115 x 205 y 70 w 10 gx -1 gy 5 gw 11 gh 12\r\n"
                                     "116 x 217 y 67 w 6 gx -1 gy 2 gw 8 gh 15\r\n"
                                     "117 x 226 y 70 w 11 gx 0 gy 5 gw 11 gh 12\r\n"
                                     "118 x 238 y 70 w 10 gx -1 gy 5 gw 12 gh 12\r\n"
                                     "119 x 1 y 91 w 14 gx -1 gy 5 gw 16 gh 12\r\n"
                                     "120 x 18 y 91 w 10 gx -1 gy 5 gw 12 gh 12\r\n"
                                     "121 x 31 y 91 w 10 gx -2 gy 5 gw 14 gh 15\r\n"
                                     "122 x 46 y 91 w 10 gx 0 gy 5 gw 10 gh 12\r\n"
                                     "123 x 0 y 0 w 0 gx 0 gy 0 gw 0 gh 0\r\n"
                                     "124 x 57 y 88 w 5 gx 0 gy 2 gw 5 gh 18\r\n"
                                     "125 x 0 y 0 w 0 gx 0 gy 0 gw 0 gh 0\r\n"
                                     "126 x 63 y 93 w 10 gx 0 gy 7 gw 11 gh 6\r\n"
                                     "127 x 0 y 0 w 0 gx 0 gy 0 gw 0 gh 0\r\n"
                                     "128 x 0 y 0 w 0 gx 0 gy 0 gw 0 gh 0\r\n"
                                     "129 x 0 y 0 w 0 gx 0 gy 0 gw 0 gh 0\r\n"
                                     "130 x 0 y 0 w 0 gx 0 gy 0 gw 0 gh 0\r\n"
                                     "131 x 0 y 0 w 0 gx 0 gy 0 gw 0 gh 0\r\n"
                                     "132 x 0 y 0 w 0 gx 0 gy 0 gw 0 gh 0\r\n"
                                     "133 x 0 y 0 w 0 gx 0 gy 0 gw 0 gh 0\r\n"
                                     "134 x 0 y 0 w 0 gx 0 gy 0 gw 0 gh 0\r\n"
                                     "135 x 0 y 0 w 0 gx 0 gy 0 gw 0 gh 0\r\n"
                                     "136 x 0 y 0 w 0 gx 0 gy 0 gw 0 gh 0\r\n"
                                     "137 x 0 y 0 w 0 gx 0 gy 0 gw 0 gh 0\r\n"
                                     "138 x 0 y 0 w 0 gx 0 gy 0 gw 0 gh 0\r\n"
                                     "139 x 0 y 0 w 0 gx 0 gy 0 gw 0 gh 0\r\n"
                                     "140 x 0 y 0 w 0 gx 0 gy 0 gw 0 gh 0\r\n"
                                     "141 x 0 y 0 w 0 gx 0 gy 0 gw 0 gh 0\r\n"
                                     "142 x 0 y 0 w 0 gx 0 gy 0 gw 0 gh 0\r\n"
                                     "143 x 0 y 0 w 0 gx 0 gy 0 gw 0 gh 0\r\n"
                                     "144 x 0 y 0 w 0 gx 0 gy 0 gw 0 gh 0\r\n"
                                     "145 x 0 y 0 w 0 gx 0 gy 0 gw 0 gh 0\r\n"
                                     "146 x 0 y 0 w 0 gx 0 gy 0 gw 0 gh 0\r\n"
                                     "147 x 0 y 0 w 0 gx 0 gy 0 gw 0 gh 0\r\n"
                                     "148 x 0 y 0 w 0 gx 0 gy 0 gw 0 gh 0\r\n"
                                     "149 x 0 y 0 w 0 gx 0 gy 0 gw 0 gh 0\r\n"
                                     "150 x 0 y 0 w 0 gx 0 gy 0 gw 0 gh 0\r\n"
                                     "151 x 0 y 0 w 0 gx 0 gy 0 gw 0 gh 0\r\n"
                                     "152 x 0 y 0 w 0 gx 0 gy 0 gw 0 gh 0\r\n"
                                     "153 x 0 y 0 w 0 gx 0 gy 0 gw 0 gh 0\r\n"
                                     "154 x 0 y 0 w 0 gx 0 gy 0 gw 0 gh 0\r\n"
                                     "155 x 0 y 0 w 0 gx 0 gy 0 gw 0 gh 0\r\n"
                                     "156 x 0 y 0 w 0 gx 0 gy 0 gw 0 gh 0\r\n"
                                     "157 x 0 y 0 w 0 gx 0 gy 0 gw 0 gh 0\r\n"
                                     "158 x 0 y 0 w 0 gx 0 gy 0 gw 0 gh 0\r\n"
                                     "159 x 0 y 0 w 0 gx 0 gy 0 gw 0 gh 0\r\n"
                                     "160 x 0 y 0 w 0 gx 0 gy 0 gw 0 gh 0\r\n"
                                     "161 x 75 y 91 w 5 gx 0 gy 5 gw 5 gh 15\r\n"
                                     "162 x 0 y 0 w 0 gx 0 gy 0 gw 0 gh 0\r\n"
                                     "163 x 0 y 0 w 0 gx 0 gy 0 gw 0 gh 0\r\n"
                                     "164 x 0 y 0 w 0 gx 0 gy 0 gw 0 gh 0\r\n"
                                     "165 x 0 y 0 w 0 gx 0 gy 0 gw 0 gh 0\r\n"
                                     "166 x 0 y 0 w 0 gx 0 gy 0 gw 0 gh 0\r\n"
                                     "167 x 0 y 0 w 0 gx 0 gy 0 gw 0 gh 0\r\n"
                                     "168 x 0 y 0 w 0 gx 0 gy 0 gw 0 gh 0\r\n"
                                     "169 x 81 y 88 w 13 gx -1 gy 2 gw 15 gh 15\r\n"
                                     "170 x 0 y 0 w 0 gx 0 gy 0 gw 0 gh 0\r\n"
                                     "171 x 0 y 0 w 0 gx 0 gy 0 gw 0 gh 0\r\n"
                                     "172 x 0 y 0 w 0 gx 0 gy 0 gw 0 gh 0\r\n"
                                     "173 x 0 y 0 w 0 gx 0 gy 0 gw 0 gh 0\r\n"
                                     "174 x 97 y 88 w 13 gx -1 gy 2 gw 15 gh 15\r\n"
                                     "175 x 0 y 0 w 0 gx 0 gy 0 gw 0 gh 0\r\n"
                                     "176 x 113 y 88 w 7 gx -1 gy 2 gw 8 gh 8\r\n"
                                     "177 x 0 y 0 w 0 gx 0 gy 0 gw 0 gh 0\r\n"
                                     "178 x 0 y 0 w 0 gx 0 gy 0 gw 0 gh 0\r\n"
                                     "179 x 0 y 0 w 0 gx 0 gy 0 gw 0 gh 0\r\n"
                                     "180 x 0 y 0 w 0 gx 0 gy 0 gw 0 gh 0\r\n"
                                     "181 x 0 y 0 w 0 gx 0 gy 0 gw 0 gh 0\r\n"
                                     "182 x 0 y 0 w 0 gx 0 gy 0 gw 0 gh 0\r\n"
                                     "183 x 0 y 0 w 0 gx 0 gy 0 gw 0 gh 0\r\n"
                                     "184 x 0 y 0 w 0 gx 0 gy 0 gw 0 gh 0\r\n"
                                     "185 x 0 y 0 w 0 gx 0 gy 0 gw 0 gh 0\r\n"
                                     "186 x 0 y 0 w 0 gx 0 gy 0 gw 0 gh 0\r\n"
                                     "187 x 0 y 0 w 0 gx 0 gy 0 gw 0 gh 0\r\n"
                                     "188 x 0 y 0 w 0 gx 0 gy 0 gw 0 gh 0\r\n"
                                     "189 x 0 y 0 w 0 gx 0 gy 0 gw 0 gh 0\r\n"
                                     "190 x 0 y 0 w 0 gx 0 gy 0 gw 0 gh 0\r\n"
                                     "191 x 122 y 91 w 11 gx 0 gy 5 gw 11 gh 15\r\n"
                                     "192 x 134 y 85 w 12 gx -1 gy -1 gw 14 gh 18\r\n"
                                     "193 x 149 y 85 w 12 gx -1 gy -1 gw 14 gh 18\r\n"
                                     "194 x 0 y 0 w 0 gx 0 gy 0 gw 0 gh 0\r\n"
                                     "195 x 0 y 0 w 0 gx 0 gy 0 gw 0 gh 0\r\n"
                                     "196 x 164 y 85 w 12 gx -1 gy -1 gw 14 gh 18\r\n"
                                     "197 x 0 y 0 w 0 gx 0 gy 0 gw 0 gh 0\r\n"
                                     "198 x 0 y 0 w 0 gx 0 gy 0 gw 0 gh 0\r\n"
                                     "199 x 0 y 0 w 0 gx 0 gy 0 gw 0 gh 0\r\n"
                                     "200 x 179 y 85 w 12 gx 0 gy -1 gw 12 gh 18\r\n"
                                     "201 x 192 y 85 w 12 gx 0 gy -1 gw 12 gh 18\r\n"
                                     "202 x 0 y 0 w 0 gx 0 gy 0 gw 0 gh 0\r\n"
                                     "203 x 0 y 0 w 0 gx 0 gy 0 gw 0 gh 0\r\n"
                                     "204 x 205 y 85 w 5 gx -1 gy -1 gw 6 gh 18\r\n"
                                     "205 x 212 y 85 w 5 gx 0 gy -1 gw 6 gh 18\r\n"
                                     "206 x 0 y 0 w 0 gx 0 gy 0 gw 0 gh 0\r\n"
                                     "207 x 0 y 0 w 0 gx 0 gy 0 gw 0 gh 0\r\n"
                                     "208 x 0 y 0 w 0 gx 0 gy 0 gw 0 gh 0\r\n"
                                     "209 x 219 y 85 w 13 gx 0 gy -1 gw 13 gh 18\r\n"
                                     "210 x 233 y 85 w 13 gx 0 gy -1 gw 13 gh 18\r\n"
                                     "211 x 1 y 106 w 13 gx 0 gy -1 gw 13 gh 18\r\n"
                                     "212 x 15 y 106 w 13 gx 0 gy -1 gw 13 gh 18\r\n"
                                     "213 x 0 y 0 w 0 gx 0 gy 0 gw 0 gh 0\r\n"
                                     "214 x 29 y 106 w 13 gx 0 gy -1 gw 13 gh 18\r\n"
                                     "215 x 0 y 0 w 0 gx 0 gy 0 gw 0 gh 0\r\n"
                                     "216 x 0 y 0 w 0 gx 0 gy 0 gw 0 gh 0\r\n"
                                     "217 x 43 y 106 w 13 gx 0 gy -1 gw 13 gh 18\r\n"
                                     "218 x 57 y 106 w 13 gx 0 gy -1 gw 13 gh 18\r\n"
                                     "219 x 0 y 0 w 0 gx 0 gy 0 gw 0 gh 0\r\n"
                                     "220 x 71 y 106 w 13 gx 0 gy -1 gw 13 gh 18\r\n"
                                     "221 x 0 y 0 w 0 gx 0 gy 0 gw 0 gh 0\r\n"
                                     "222 x 0 y 0 w 0 gx 0 gy 0 gw 0 gh 0\r\n"
                                     "223 x 0 y 0 w 0 gx 0 gy 0 gw 0 gh 0\r\n"
                                     "224 x 85 y 109 w 10 gx 0 gy 2 gw 11 gh 15\r\n"
                                     "225 x 97 y 109 w 10 gx 0 gy 2 gw 11 gh 15\r\n"
                                     "226 x 0 y 0 w 0 gx 0 gy 0 gw 0 gh 0\r\n"
                                     "227 x 0 y 0 w 0 gx 0 gy 0 gw 0 gh 0\r\n"
                                     "228 x 109 y 109 w 10 gx 0 gy 2 gw 11 gh 15\r\n"
                                     "229 x 0 y 0 w 0 gx 0 gy 0 gw 0 gh 0\r\n"
                                     "230 x 0 y 0 w 0 gx 0 gy 0 gw 0 gh 0\r\n"
                                     "231 x 0 y 0 w 0 gx 0 gy 0 gw 0 gh 0\r\n"
                                     "232 x 121 y 109 w 10 gx 0 gy 2 gw 10 gh 15\r\n"
                                     "233 x 132 y 109 w 10 gx 0 gy 2 gw 10 gh 15\r\n"
                                     "234 x 0 y 0 w 0 gx 0 gy 0 gw 0 gh 0\r\n"
                                     "235 x 0 y 0 w 0 gx 0 gy 0 gw 0 gh 0\r\n"
                                     "236 x 0 y 0 w 0 gx 0 gy 0 gw 0 gh 0\r\n"
                                     "237 x 143 y 109 w 5 gx 0 gy 2 gw 6 gh 15\r\n"
                                     "238 x 0 y 0 w 0 gx 0 gy 0 gw 0 gh 0\r\n"
                                     "239 x 0 y 0 w 0 gx 0 gy 0 gw 0 gh 0\r\n"
                                     "240 x 0 y 0 w 0 gx 0 gy 0 gw 0 gh 0\r\n"
                                     "241 x 150 y 109 w 11 gx 0 gy 2 gw 11 gh 15\r\n"
                                     "242 x 0 y 0 w 0 gx 0 gy 0 gw 0 gh 0\r\n"
                                     "243 x 162 y 109 w 11 gx 0 gy 2 gw 11 gh 15\r\n"
                                     "244 x 0 y 0 w 0 gx 0 gy 0 gw 0 gh 0\r\n"
                                     "245 x 0 y 0 w 0 gx 0 gy 0 gw 0 gh 0\r\n"
                                     "246 x 174 y 109 w 11 gx 0 gy 2 gw 11 gh 15\r\n";
